"SAMPLE","DateTime","DATE","TIME","Timepoint","CYT","CYTSN","OP","UV1-A_Gain","UV2-A_Gain","UV3-A_Gain","UV4-A_Gain","UV5-A_Gain","UV6-A_Gain","UV7-A_Gain","UV8-A_Gain","UV9-A_Gain","UV10-A_Gain","UV11-A_Gain","UV12-A_Gain","UV13-A_Gain","UV14-A_Gain","UV15-A_Gain","UV16-A_Gain","SSC-H_Gain","SSC-A_Gain","V1-A_Gain","V2-A_Gain","V3-A_Gain","V4-A_Gain","V5-A_Gain","V6-A_Gain","V7-A_Gain","V8-A_Gain","V9-A_Gain","V10-A_Gain","V11-A_Gain","V12-A_Gain","V13-A_Gain","V14-A_Gain","V15-A_Gain","V16-A_Gain","FSC-H_Gain","FSC-A_Gain","SSC-B-H_Gain","SSC-B-A_Gain","B1-A_Gain","B2-A_Gain","B3-A_Gain","B4-A_Gain","B5-A_Gain","B6-A_Gain","B7-A_Gain","B8-A_Gain","B9-A_Gain","B10-A_Gain","B11-A_Gain","B12-A_Gain","B13-A_Gain","B14-A_Gain","R1-A_Gain","R2-A_Gain","R3-A_Gain","R4-A_Gain","R5-A_Gain","R6-A_Gain","R7-A_Gain","R8-A_Gain","Violet_LaserDelay","Blue_LaserDelay","Red_LaserDelay","UV_LaserDelay","Violet_AreaScalingFactor","Blue_AreaScalingFactor","Red_AreaScalingFactor","UV_AreaScalingFactor","UV1-A-% rCV","UV2-A-% rCV","UV3-A-% rCV","UV4-A-% rCV","UV5-A-% rCV","UV6-A-% rCV","UV7-A-% rCV","UV8-A-% rCV","UV9-A-% rCV","UV10-A-% rCV","UV11-A-% rCV","UV12-A-% rCV","UV13-A-% rCV","UV14-A-% rCV","UV15-A-% rCV","UV16-A-% rCV","SSC-H-% rCV","SSC-A-% rCV","V1-A-% rCV","V2-A-% rCV","V3-A-% rCV","V4-A-% rCV","V5-A-% rCV","V6-A-% rCV","V7-A-% rCV","V8-A-% rCV","V9-A-% rCV","V10-A-% rCV","V11-A-% rCV","V12-A-% rCV","V13-A-% rCV","V14-A-% rCV","V15-A-% rCV","V16-A-% rCV","FSC-H-% rCV","FSC-A-% rCV","SSC-B-H-% rCV","SSC-B-A-% rCV","B1-A-% rCV","B2-A-% rCV","B3-A-% rCV","B4-A-% rCV","B5-A-% rCV","B6-A-% rCV","B7-A-% rCV","B8-A-% rCV","B9-A-% rCV","B10-A-% rCV","B11-A-% rCV","B12-A-% rCV","B13-A-% rCV","B14-A-% rCV","R1-A-% rCV","R2-A-% rCV","R3-A-% rCV","R4-A-% rCV","R5-A-% rCV","R6-A-% rCV","R7-A-% rCV","R8-A-% rCV","UV1-A","UV2-A","UV3-A","UV4-A","UV5-A","UV6-A","UV7-A","UV8-A","UV9-A","UV10-A","UV11-A","UV12-A","UV13-A","UV14-A","UV15-A","UV16-A","SSC-H","SSC-A","V1-A","V2-A","V3-A","V4-A","V5-A","V6-A","V7-A","V8-A","V9-A","V10-A","V11-A","V12-A","V13-A","V14-A","V15-A","V16-A","FSC-H","FSC-A","SSC-B-H","SSC-B-A","B1-A","B2-A","B3-A","B4-A","B5-A","B6-A","B7-A","B8-A","B9-A","B10-A","B11-A","B12-A","B13-A","B14-A","R1-A","R2-A","R3-A","R4-A","R5-A","R6-A","R7-A","R8-A","Flag-UV1-A-% rCV","Flag-UV2-A-% rCV","Flag-UV3-A-% rCV","Flag-UV4-A-% rCV","Flag-UV5-A-% rCV","Flag-UV6-A-% rCV","Flag-UV7-A-% rCV","Flag-UV8-A-% rCV","Flag-UV9-A-% rCV","Flag-UV10-A-% rCV","Flag-UV11-A-% rCV","Flag-UV12-A-% rCV","Flag-UV13-A-% rCV","Flag-UV14-A-% rCV","Flag-UV15-A-% rCV","Flag-UV16-A-% rCV","Flag-SSC-A-% rCV","Flag-V1-A-% rCV","Flag-V2-A-% rCV","Flag-V3-A-% rCV","Flag-V4-A-% rCV","Flag-V5-A-% rCV","Flag-V6-A-% rCV","Flag-V7-A-% rCV","Flag-V8-A-% rCV","Flag-V9-A-% rCV","Flag-V10-A-% rCV","Flag-V11-A-% rCV","Flag-V12-A-% rCV","Flag-V13-A-% rCV","Flag-V14-A-% rCV","Flag-V15-A-% rCV","Flag-V16-A-% rCV","Flag-FSC-A-% rCV","Flag-SSC-B-A-% rCV","Flag-B1-A-% rCV","Flag-B2-A-% rCV","Flag-B3-A-% rCV","Flag-B4-A-% rCV","Flag-B5-A-% rCV","Flag-B6-A-% rCV","Flag-B7-A-% rCV","Flag-B8-A-% rCV","Flag-B9-A-% rCV","Flag-B10-A-% rCV","Flag-B11-A-% rCV","Flag-B12-A-% rCV","Flag-B13-A-% rCV","Flag-B14-A-% rCV","Flag-R1-A-% rCV","Flag-R2-A-% rCV","Flag-R3-A-% rCV","Flag-R4-A-% rCV","Flag-R5-A-% rCV","Flag-R6-A-% rCV","Flag-R7-A-% rCV","Flag-R8-A-% rCV","Flag-UV1-A_Gain","Flag-UV2-A_Gain","Flag-UV3-A_Gain","Flag-UV4-A_Gain","Flag-UV5-A_Gain","Flag-UV6-A_Gain","Flag-UV7-A_Gain","Flag-UV8-A_Gain","Flag-UV9-A_Gain","Flag-UV10-A_Gain","Flag-UV11-A_Gain","Flag-UV12-A_Gain","Flag-UV13-A_Gain","Flag-UV14-A_Gain","Flag-UV15-A_Gain","Flag-UV16-A_Gain","Flag-SSC-A_Gain","Flag-V1-A_Gain","Flag-V2-A_Gain","Flag-V3-A_Gain","Flag-V4-A_Gain","Flag-V5-A_Gain","Flag-V6-A_Gain","Flag-V7-A_Gain","Flag-V8-A_Gain","Flag-V9-A_Gain","Flag-V10-A_Gain","Flag-V11-A_Gain","Flag-V12-A_Gain","Flag-V13-A_Gain","Flag-V14-A_Gain","Flag-V15-A_Gain","Flag-V16-A_Gain","Flag-FSC-A_Gain","Flag-SSC-B-A_Gain","Flag-B1-A_Gain","Flag-B2-A_Gain","Flag-B3-A_Gain","Flag-B4-A_Gain","Flag-B5-A_Gain","Flag-B6-A_Gain","Flag-B7-A_Gain","Flag-B8-A_Gain","Flag-B9-A_Gain","Flag-B10-A_Gain","Flag-B11-A_Gain","Flag-B12-A_Gain","Flag-B13-A_Gain","Flag-B14-A_Gain","Flag-R1-A_Gain","Flag-R2-A_Gain","Flag-R3-A_Gain","Flag-R4-A_Gain","Flag-R5-A_Gain","Flag-R6-A_Gain","Flag-R7-A_Gain","Flag-R8-A_Gain"
"20 After",2023-12-20 09:47:54.86,"2023-12-20","9H 47M 54.86S","After","Aurora","V0333","Flow Core",1954,348,554,761,485,337,472,404,487,279,364,372,542,912,637,1129,188,188,283,334,242,179,222,202,273,416,280,301,227,202,208,280,528,316,565,565,159,159,1004,445,473,460,461,291,553,449,696,523,321,408,670,632,201,326,383,309,236,340,587,258,-20,0,20.35,39.375,1.15,1.1,0.92,1.04,7.88,6.54,1.92,1.96,1.67,1.61,1.77,1.73,1.8,1.73,1.76,1.78,2.63,3.85,4.03,6.73,3.49,4,2.22,2.19,2.31,2.24,2.15,2.03,1.94,1.8,1.88,1.91,1.83,1.74,1.66,1.53,1.74,4.01,3.72,3.14,1.23,2.01,2.42,2.08,1.79,1.75,1.8,1.77,1.71,1.67,1.87,1.85,1.82,1.89,2.33,3.55,1.84,2.12,2,1.8,1.7,2.35,2.5,3.1,100151.867513895,722653.235011439,652218.993747519,589826.408725388,638718.575832306,985476.920555536,1401182.76499313,841410.115984642,1317024.19895444,1570331.47170951,847941.602548491,436694.296280903,399148.563974937,1302002.37919418,1722602.34003254,1904266.86963052,2010342.55916448,2002428.14417035,476274.83287239,1099212.83144675,1250999.60813816,1215754.75985694,1152773.0264915,849842.827442047,971667.913835613,1032389.65789151,1248223.82049224,2131058.03267737,1023378.79066192,510930.929400282,509118.419805304,1264667.05123306,1834904.47224785,1384220.16456977,2000752.49759405,2018831.1522754,2009949.90824584,1999121.66836884,146911.278542155,136344.519029433,280826.386941975,492157.723800673,702928.750460452,879393.140224401,628130.940338001,476884.958358436,399720.660785593,258851.772166692,348503.426292756,588824.215548858,625933.907229756,1015763.45427611,391173.126447859,534148.639303063,423227.31157367,365237.59556292,665421.28345921,960773.648010797,1310694.52914809,948752.423102144,TRUE,TRUE,FALSE,FALSE,FALSE,FALSE,FALSE,FALSE,FALSE,FALSE,FALSE,FALSE,FALSE,FALSE,FALSE,TRUE,FALSE,FALSE,FALSE,FALSE,FALSE,FALSE,FALSE,FALSE,FALSE,FALSE,FALSE,FALSE,FALSE,FALSE,FALSE,FALSE,FALSE,FALSE,FALSE,FALSE,FALSE,FALSE,FALSE,FALSE,FALSE,FALSE,FALSE,FALSE,FALSE,FALSE,FALSE,FALSE,FALSE,FALSE,FALSE,FALSE,FALSE,FALSE,FALSE,FALSE,FALSE,FALSE,FALSE,FALSE,FALSE,FALSE,FALSE,FALSE,FALSE,FALSE,FALSE,FALSE,FALSE,FALSE,FALSE,FALSE,FALSE,FALSE,FALSE,FALSE,FALSE,FALSE,FALSE,FALSE,FALSE,FALSE,FALSE,FALSE,FALSE,FALSE,FALSE,FALSE,FALSE,FALSE,FALSE,FALSE,FALSE,FALSE,FALSE,FALSE,FALSE,FALSE,FALSE,FALSE,FALSE,FALSE,FALSE,FALSE,FALSE,FALSE,FALSE,FALSE,FALSE,FALSE,FALSE,FALSE,FALSE,FALSE
"20 Before",2023-12-20 09:35:48.7,"2023-12-20","9H 35M 48.7S","Before","Aurora","V0333","Flow Core",2247,369,597,812,511,357,505,432,525,297,390,394,590,1026,684,1264,184,184,276,339,255,189,218,189,248,391,273,313,255,224,219,277,506,289,552,552,161,161,984,446,474,464,459,294,560,448,704,522,321,408,671,631,200,320,378,305,232,332,572,250,-20.025,0,20.325,39.35,1.17,1.12,0.95,1.03,7.99,6.64,1.69,1.6,1.46,1.45,1.54,1.52,1.5,1.61,1.52,1.51,1.75,2.54,3.74,6.37,3.45,4.02,2.29,2.31,2.4,2.28,2.16,2.04,1.96,1.82,1.88,1.9,1.82,1.77,1.68,1.59,1.8,4.15,4.18,3.55,1.23,1.89,2.23,1.92,1.67,1.68,1.69,1.72,1.65,1.61,1.79,1.76,1.77,1.77,2.19,3.35,1.89,2.16,2.01,1.82,1.73,2.38,2.55,3.09,109921.901081921,744514.787927318,677869.720652018,608672.580630505,650486.490779357,1011710.07399066,1448142.40191746,866878.766601583,1366284.19431849,1621856.69085401,879042.641659174,447525.78188161,414469.407326695,1363921.29422548,1765576.96411873,1976423.59245255,1968921.44258173,2004503.690587,474402.24572254,1143083.05197118,1343476.95127174,1306888.25355545,1139814.76563902,794427.247770897,893402.274215271,992623.646921878,1237787.72211642,2256670.39230691,1166412.1867161,576720.151844646,544497.132642457,1257262.92015379,1772691.88657244,1265965.02466065,1955750.09335708,2016274.28368158,2023970.17277871,2057948.84893591,146774.729181661,139054.510672351,286369.486439418,508853.751155649,718010.274643154,905219.494530983,652916.530745048,479096.086068332,408956.508026165,263944.77299351,355367.193611877,599905.614521646,637704.881631011,1029152.13784463,407101.372070162,549901.165620958,435136.363969362,375643.936466823,676210.178761542,972194.753738384,1320977.88846929,954080.933635209,TRUE,TRUE,FALSE,FALSE,FALSE,FALSE,FALSE,FALSE,FALSE,FALSE,FALSE,FALSE,FALSE,FALSE,FALSE,TRUE,FALSE,FALSE,FALSE,FALSE,FALSE,FALSE,FALSE,FALSE,FALSE,FALSE,FALSE,FALSE,FALSE,FALSE,FALSE,FALSE,FALSE,FALSE,FALSE,FALSE,FALSE,FALSE,FALSE,FALSE,FALSE,FALSE,FALSE,FALSE,FALSE,FALSE,FALSE,FALSE,FALSE,FALSE,FALSE,FALSE,FALSE,FALSE,FALSE,FALSE,FALSE,TRUE,FALSE,FALSE,FALSE,FALSE,FALSE,FALSE,FALSE,FALSE,FALSE,FALSE,FALSE,FALSE,FALSE,FALSE,FALSE,FALSE,FALSE,FALSE,FALSE,FALSE,FALSE,FALSE,FALSE,FALSE,FALSE,FALSE,FALSE,FALSE,FALSE,FALSE,FALSE,FALSE,FALSE,FALSE,FALSE,FALSE,FALSE,FALSE,FALSE,FALSE,FALSE,FALSE,FALSE,FALSE,FALSE,FALSE,FALSE,FALSE,FALSE,FALSE,FALSE,FALSE,FALSE,FALSE,FALSE,FALSE
"19 After",2023-12-19 10:30:42.81,"2023-12-19","10H 30M 42.81S","After","Aurora","V0333","Flow Core",2247,369,597,812,511,357,505,432,525,297,390,394,590,1026,684,1264,184,184,276,339,255,189,218,189,248,391,273,313,255,224,219,277,506,289,552,552,161,161,984,446,474,464,459,294,560,448,704,522,321,408,671,631,200,320,378,305,232,332,572,250,-20.025,0,20.325,39.35,1.17,1.12,0.95,1.03,8.34,6.89,1.92,1.62,1.48,1.5,1.48,1.5,1.5,1.65,1.56,1.53,1.82,2.66,3.54,6.59,3.67,4.17,2.74,2.34,2.28,2.22,2.28,2.25,2.21,2.02,2.03,2.02,1.92,1.87,1.78,1.66,1.6,3.5,2.42,2.24,2.79,3.51,3.53,3.32,3.23,2.97,2.88,2.64,2.53,2.5,2.72,2.69,2.73,2.72,3.15,4.8,1.79,2.14,1.98,1.76,1.72,2.34,2.54,3.16,129687.332728672,759907.103547567,691203.750752118,628463.577917691,660733.849176012,1013324.44753543,1458807.38231608,873076.667045958,1382516.0439742,1622896.84825054,881851.727656012,450038.786238662,438760.519006186,1537236.76433547,1909845.05425781,2316529.78858863,1992207.85559441,2000470.42562096,478614.689924926,1097956.11309734,1250349.65404471,1222085.4610429,1157200.42604135,852690.077573847,983060.898967523,1045077.38138909,1249118.57899021,2138808.698249,1031761.3148821,519116.719499367,512313.77257955,1271964.95007447,1847015.4571744,1393059.10032992,1972617.45026224,1998774.18106118,1986932.7659965,1985907.25425696,142791.085407615,135742.284778593,278716.785481572,495055.353857639,701565.879865545,882472.879045809,635339.350745187,466005.153962553,396635.854406139,256449.122914606,347842.280563738,588115.637825956,625845.950159634,1010578.95955976,392804.153808876,535886.308139613,423798.604232783,367264.342217806,667923.156214195,960632.881054597,1309516.45069107,949654.997377975,TRUE,TRUE,FALSE,FALSE,FALSE,FALSE,FALSE,FALSE,FALSE,FALSE,FALSE,FALSE,FALSE,FALSE,FALSE,TRUE,FALSE,FALSE,FALSE,FALSE,FALSE,FALSE,FALSE,FALSE,FALSE,FALSE,FALSE,FALSE,FALSE,FALSE,FALSE,FALSE,FALSE,FALSE,FALSE,FALSE,FALSE,FALSE,FALSE,FALSE,FALSE,FALSE,FALSE,FALSE,FALSE,FALSE,FALSE,FALSE,FALSE,FALSE,FALSE,FALSE,FALSE,FALSE,FALSE,FALSE,FALSE,TRUE,FALSE,FALSE,FALSE,FALSE,FALSE,FALSE,FALSE,FALSE,FALSE,FALSE,FALSE,FALSE,FALSE,FALSE,FALSE,FALSE,FALSE,FALSE,FALSE,FALSE,FALSE,FALSE,FALSE,FALSE,FALSE,FALSE,FALSE,FALSE,FALSE,FALSE,FALSE,FALSE,FALSE,FALSE,FALSE,FALSE,FALSE,FALSE,FALSE,FALSE,FALSE,FALSE,FALSE,FALSE,FALSE,FALSE,FALSE,FALSE,FALSE,FALSE,FALSE,FALSE,FALSE,FALSE,FALSE,FALSE
"19 Before",2023-12-19 10:10:51.2,"2023-12-19","10H 10M 51.2S","Before","Aurora","V0333","Flow Core",1934,338,535,718,463,325,455,388,473,270,351,357,517,875,617,1097,189,189,270,323,246,189,238,208,276,401,265,286,227,206,218,301,566,333,558,558,157,157,990,439,470,452,456,289,546,443,690,512,318,405,662,625,203,326,385,308,238,342,591,260,-19.925,0,20.425,39.45,1.15,1.1,0.91,1.05,8.02,6.69,1.84,1.63,1.49,1.51,1.58,1.58,1.55,1.67,1.56,1.55,1.72,2.32,3.53,6.47,3.63,4.18,2.71,2.29,2.22,2.13,2.32,2.27,2.21,1.99,2.02,2.02,1.89,1.86,1.75,1.65,1.68,3.9,2.18,2.13,6.45,6.63,4.91,4.68,4.55,4.28,4.15,3.92,3.84,3.79,4.04,4.03,4.09,4.33,4.9,6.9,1.89,2.2,2.08,1.86,1.79,2.45,2.62,3.24,95116.2997620869,685172.739391524,605122.905794264,532870.572815249,589132.275661152,915610.800908856,1288575.32923172,776138.736068123,1223871.51361718,1463903.11949644,779385.727035823,400113.723721542,360605.71193321,1168234.2806313,1592375.24027993,1737094.10183161,2040709.73474604,2014118.43577349,458519.719154956,1014649.47846816,1179584.18030883,1203035.26103632,1240276.14001274,935887.852546814,1071895.08323332,1044546.50910481,1195347.35985261,1924578.56537317,917473.149017924,472286.066410347,502586.12401696,1353625.55284592,2034116.97838969,1586001.18641871,2028552.35512863,2016442.47932052,1955309.89816952,1929295.65674007,139786.16227475,130971.440958221,272261.289751867,471192.039860599,675191.928469552,854568.978462247,599583.129613513,454795.105859968,377978.509913757,245777.629427659,334716.654321874,569176.52197422,600170.831001915,980041.061968947,381378.213210206,518425.941037065,415954.703241815,354557.736549393,655394.5008421,945180.923838134,1299165.78056184,943923.270604345,TRUE,TRUE,FALSE,FALSE,FALSE,FALSE,FALSE,FALSE,FALSE,FALSE,FALSE,FALSE,FALSE,FALSE,FALSE,TRUE,FALSE,FALSE,FALSE,FALSE,FALSE,FALSE,FALSE,FALSE,FALSE,FALSE,FALSE,FALSE,FALSE,FALSE,FALSE,FALSE,FALSE,FALSE,FALSE,FALSE,FALSE,FALSE,FALSE,FALSE,FALSE,FALSE,FALSE,FALSE,FALSE,FALSE,FALSE,FALSE,TRUE,FALSE,FALSE,FALSE,FALSE,FALSE,FALSE,FALSE,FALSE,FALSE,FALSE,FALSE,FALSE,FALSE,FALSE,FALSE,FALSE,FALSE,FALSE,FALSE,FALSE,FALSE,FALSE,FALSE,FALSE,FALSE,FALSE,FALSE,FALSE,FALSE,FALSE,FALSE,FALSE,FALSE,FALSE,FALSE,FALSE,FALSE,FALSE,FALSE,FALSE,FALSE,FALSE,FALSE,FALSE,FALSE,FALSE,FALSE,FALSE,FALSE,FALSE,FALSE,FALSE,FALSE,FALSE,FALSE,FALSE,FALSE,FALSE,FALSE,FALSE,FALSE,FALSE,FALSE,FALSE,FALSE
"15 After",2023-12-15 09:35:18.01,"2023-12-15","9H 35M 18.01S","After","Aurora","V0333","Flow Core",1934,338,535,718,463,325,455,388,473,270,351,357,517,875,617,1097,189,189,270,323,246,189,238,208,276,401,265,286,227,206,218,301,566,333,558,558,157,157,990,439,470,452,456,289,546,443,690,512,318,405,662,625,203,326,385,308,238,342,591,260,-19.925,0,20.425,39.45,1.15,1.1,0.91,1.05,7.7,6.3,1.64,1.45,1.4,1.44,1.48,1.49,1.47,1.62,1.51,1.5,1.66,2.35,3.78,6.21,3.34,3.93,2.55,2.45,2.42,2.16,2.04,1.95,1.92,1.81,1.89,1.94,1.85,1.74,1.65,1.54,1.77,4.04,1.7,1.4,2.08,2.43,3.87,3.62,3.44,3.29,3.23,3.08,2.98,2.95,3.13,3.13,3.13,3.1,3.63,5.27,1.87,2.08,1.98,1.8,1.74,2.23,2.41,2.94,97736.4134955753,717649.432216383,633900.714519223,558719.990818923,616790.905622572,961998.902177745,1354350.49030943,817613.645516017,1288238.04002855,1540128.75262926,825738.26760959,424420.967983258,380632.610373347,1224492.14677851,1662645.69791552,1799907.51679544,2012992.8774,2017522.7270006,479174.486255804,1089741.76847291,1258067.40167385,1232105.51851703,1156372.63466001,849123.472847579,981590.002153016,1048424.050413,1263585.48455367,2144427.02795225,1044144.19634481,515380.847657434,512718.061842603,1272773.94965267,1849878.16982002,1390105.4999337,1982092.6673,2004342.18602676,2012237.10605,2019812.6573816,145046.538351672,136038.145997571,284059.202264419,492980.052081944,703877.873131692,893302.001308595,626851.98182037,475633.061033912,396700.194357343,257227.040608294,349249.779770461,592362.785791693,625329.823287452,1019045.77570201,395279.107073547,535026.964462587,429112.644119528,365091.773248246,668273.207145988,963573.757022131,1318608.09083011,955425.402740171,TRUE,TRUE,FALSE,FALSE,FALSE,FALSE,FALSE,FALSE,FALSE,FALSE,FALSE,FALSE,FALSE,FALSE,FALSE,TRUE,FALSE,FALSE,FALSE,FALSE,FALSE,FALSE,FALSE,FALSE,FALSE,FALSE,FALSE,FALSE,FALSE,FALSE,FALSE,FALSE,FALSE,FALSE,FALSE,FALSE,FALSE,FALSE,FALSE,FALSE,FALSE,FALSE,FALSE,FALSE,FALSE,FALSE,FALSE,FALSE,FALSE,FALSE,FALSE,FALSE,FALSE,FALSE,FALSE,FALSE,FALSE,FALSE,FALSE,FALSE,FALSE,FALSE,FALSE,FALSE,FALSE,FALSE,FALSE,FALSE,FALSE,FALSE,FALSE,FALSE,FALSE,FALSE,FALSE,FALSE,FALSE,FALSE,FALSE,FALSE,FALSE,FALSE,FALSE,FALSE,FALSE,FALSE,FALSE,FALSE,FALSE,FALSE,FALSE,FALSE,FALSE,FALSE,FALSE,FALSE,FALSE,FALSE,FALSE,FALSE,FALSE,FALSE,FALSE,FALSE,FALSE,FALSE,FALSE,FALSE,FALSE,FALSE,FALSE,FALSE,FALSE,FALSE
"15 Before",2023-12-15 09:23:17.92,"2023-12-15","9H 23M 17.92S","Before","Aurora","V0333","Flow Core",1932,353,571,772,493,347,485,416,502,285,373,381,549,921,642,1141,189,189,282,331,242,180,224,203,276,416,277,300,228,203,209,283,533,320,552,552,160,160,1026,455,485,462,465,298,563,457,702,533,325,412,678,644,202,328,384,307,237,340,586,258,-19.9,0,20.35,39.3,1.15,1.11,0.93,1.04,8.05,6.42,1.95,1.9,1.66,1.63,1.74,1.72,1.83,1.86,1.79,1.79,2.5,3.78,4.41,6.87,3.37,3.93,2.58,2.47,2.41,2.13,2.02,1.93,1.87,1.77,1.86,1.91,1.82,1.71,1.63,1.6,1.89,4.41,1.86,1.5,1.97,2.23,3.39,3.06,2.84,2.72,2.71,2.62,2.53,2.5,2.68,2.64,2.67,2.67,3.21,4.74,1.96,2.16,2.05,1.87,1.8,2.29,2.47,2.97,105105.079339764,753971.675397423,674377.366341988,602566.651677155,660244.502744525,1028696.1713918,1449628.76780036,882988.734526653,1375836.2997337,1643821.6791036,885485.123867656,457011.805448578,412690.239850408,1348761.30211216,1779148.48786818,2010651.91034723,2003849.1955,2018315.37904938,505891.410720014,1124558.46267529,1239168.3804718,1166578.7156432,1090122.50666504,828302.139218604,984296.311065264,1099571.95546418,1339392.42266176,2298325.57762824,1041269.59726235,506472.882908533,487095.206994463,1200246.47833077,1740178.82258364,1332113.93133714,1953158.5844,1997862.60986855,2065723.83495,2094412.77821731,153541.797314876,141498.506429255,295995.612849506,514550.071513286,730166.413242026,933415.547617216,655568.436806721,496281.620045923,410412.450358771,269713.204638081,362791.128238768,613189.974433591,648218.830346957,1061526.82373188,388139.130670218,540353.119774156,427654.234388171,360794.531012916,673312.603630172,971894.181198111,1328830.45792145,963220.221899611,TRUE,TRUE,FALSE,FALSE,FALSE,FALSE,FALSE,FALSE,FALSE,FALSE,FALSE,FALSE,FALSE,FALSE,FALSE,TRUE,FALSE,FALSE,FALSE,FALSE,FALSE,FALSE,FALSE,FALSE,FALSE,FALSE,FALSE,FALSE,FALSE,FALSE,FALSE,FALSE,FALSE,FALSE,FALSE,FALSE,FALSE,FALSE,FALSE,FALSE,FALSE,FALSE,FALSE,FALSE,FALSE,FALSE,FALSE,FALSE,FALSE,FALSE,FALSE,FALSE,FALSE,FALSE,FALSE,FALSE,FALSE,FALSE,FALSE,FALSE,FALSE,FALSE,FALSE,FALSE,FALSE,FALSE,FALSE,FALSE,FALSE,FALSE,FALSE,FALSE,FALSE,FALSE,FALSE,FALSE,FALSE,FALSE,FALSE,FALSE,FALSE,FALSE,FALSE,FALSE,FALSE,FALSE,FALSE,FALSE,FALSE,FALSE,FALSE,FALSE,FALSE,FALSE,FALSE,FALSE,FALSE,FALSE,FALSE,FALSE,FALSE,FALSE,FALSE,FALSE,FALSE,FALSE,FALSE,FALSE,FALSE,FALSE,FALSE,FALSE,FALSE,FALSE
"14 After",2023-12-14 10:54:23.48,"2023-12-14","10H 54M 23.48S","After","Aurora","V0333","Flow Core",1932,353,571,772,493,347,485,416,502,285,373,381,549,921,642,1141,189,189,282,331,242,180,224,203,276,416,277,300,228,203,209,283,533,320,552,552,160,160,1026,455,485,462,465,298,563,457,702,533,325,412,678,644,202,328,384,307,237,340,586,258,-19.9,0,20.35,39.3,1.15,1.11,0.93,1.04,7.93,6.7,1.85,1.74,1.52,1.52,1.58,1.58,1.65,1.77,1.68,1.65,2.09,3.03,3.87,6.66,3.59,4.21,2.42,2.41,2.52,2.37,2.25,2.1,2,1.88,1.97,1.99,1.93,1.83,1.74,1.55,1.65,3.74,1.77,1.44,4.51,4.81,4.37,4.19,4.03,3.78,3.67,3.42,3.34,3.36,3.5,3.53,3.61,3.76,4.24,6.22,1.73,2.07,1.9,1.72,1.64,2.29,2.56,3.23,108951.904409888,726063.011525037,654658.33002044,588197.365104464,638727.120580058,987983.348928954,1398312.58764083,848727.670123448,1325778.60230124,1558757.31355163,851942.15858416,439907.340762411,407587.533719518,1371995.09507838,1772532.18406882,2068379.0202969,2002631.29617376,1996069.27997418,475497.946205776,1088208.16066589,1243897.05075214,1208421.83571948,1135623.46770543,836916.268059234,965432.156165564,1028076.12189737,1233327.26404074,2134815.99730396,1021250.02657374,510556.573934676,502244.477807912,1250045.40276853,1818541.07165736,1371634.83036568,1970040.27416571,1994017.22101497,1983521.158084,1988247.25351804,146865.405719782,135308.44072083,282942.780613635,489719.271177668,691439.597037908,882399.242757465,626474.80159422,475037.175736047,391562.242493962,258368.437049669,347401.496417073,587540.71356865,619443.388671952,1012845.15446607,390922.172148853,541274.315438086,428220.340608522,360079.884270644,667475.882146291,960731.892944044,1312814.54645267,948686.918748614,TRUE,TRUE,FALSE,FALSE,FALSE,FALSE,FALSE,FALSE,FALSE,FALSE,FALSE,FALSE,FALSE,FALSE,FALSE,TRUE,FALSE,FALSE,FALSE,FALSE,FALSE,FALSE,FALSE,FALSE,FALSE,FALSE,FALSE,FALSE,FALSE,FALSE,FALSE,FALSE,FALSE,FALSE,FALSE,FALSE,FALSE,FALSE,FALSE,FALSE,FALSE,FALSE,FALSE,FALSE,FALSE,FALSE,FALSE,FALSE,TRUE,FALSE,FALSE,FALSE,FALSE,FALSE,FALSE,FALSE,FALSE,FALSE,FALSE,FALSE,FALSE,FALSE,FALSE,FALSE,FALSE,FALSE,FALSE,FALSE,FALSE,FALSE,FALSE,FALSE,FALSE,FALSE,FALSE,FALSE,FALSE,FALSE,FALSE,FALSE,FALSE,FALSE,FALSE,FALSE,FALSE,FALSE,FALSE,FALSE,FALSE,FALSE,FALSE,FALSE,FALSE,FALSE,FALSE,FALSE,FALSE,FALSE,FALSE,FALSE,FALSE,FALSE,FALSE,FALSE,FALSE,FALSE,FALSE,FALSE,FALSE,FALSE,FALSE,FALSE,FALSE,FALSE
"14 Before",2023-12-14 10:38:17.4,"2023-12-14","10H 38M 17.4S","Before","Aurora","V0333","Flow Core",2282,372,591,804,513,357,498,429,518,293,375,378,582,1030,714,1415,187,187,288,352,256,184,213,189,255,412,283,316,238,204,206,273,513,317,553,553,158,158,1000,447,465,450,453,289,533,430,669,503,319,409,688,675,182,291,348,288,232,339,604,274,-20,0,20.35,39.375,1.15,1.11,0.92,1.04,9.36,6.74,1.76,1.65,1.49,1.49,1.62,1.65,1.78,1.72,1.81,1.86,3.41,5.87,4.83,8.71,3.51,4.1,2.34,2.33,2.46,2.35,2.21,2.08,1.98,1.85,1.89,1.92,1.85,1.77,1.68,1.56,1.72,3.94,1.75,1.39,4.64,4.79,4.54,4.45,4.32,4.07,3.9,3.63,3.59,3.57,3.71,3.72,3.87,4.03,4.48,6.56,1.78,2.12,1.94,1.73,1.66,2.31,2.53,3.15,123971.432226813,759040.34947486,684429.007991875,620266.495691565,673891.388999995,1022875.51101482,1451986.16449254,878290.419074061,1396688.9091733,1607541.14987767,857090.764530176,435860.220212165,431174.135973052,1526496.30714743,1952825.06182688,2478347.94534534,1994736.66089527,1992189.9744255,484964.253294844,1150949.32650156,1309700.14177602,1248075.10927689,1092625.02784424,779643.813316669,900157.322957363,1014908.53619884,1258135.01204327,2225287.03656627,1065901.72782955,513143.431715193,499660.681296939,1217227.27162485,1769716.45889169,1375384.78992801,1982754.93454392,2006438.43615008,1968236.92370496,1973026.89188746,144513.276529319,134131.334964721,272823.597566352,478878.874197378,685464.055089349,868931.660325577,598730.708660421,448170.458783723,376390.604228687,245298.728614133,342099.145519828,583402.827061029,632026.470579952,1069073.11232368,352579.021905081,480375.299118011,380891.792212815,332010.858575412,647390.843484461,948699.125447828,1339944.3366224,1005560.91581097,TRUE,TRUE,FALSE,FALSE,FALSE,FALSE,FALSE,FALSE,FALSE,FALSE,FALSE,FALSE,FALSE,FALSE,FALSE,TRUE,FALSE,FALSE,FALSE,FALSE,FALSE,FALSE,FALSE,FALSE,FALSE,FALSE,FALSE,FALSE,FALSE,FALSE,FALSE,FALSE,FALSE,FALSE,FALSE,FALSE,FALSE,FALSE,FALSE,FALSE,FALSE,FALSE,FALSE,FALSE,FALSE,FALSE,FALSE,FALSE,TRUE,FALSE,FALSE,FALSE,FALSE,FALSE,FALSE,FALSE,FALSE,TRUE,FALSE,FALSE,FALSE,FALSE,FALSE,FALSE,FALSE,FALSE,FALSE,FALSE,FALSE,FALSE,FALSE,FALSE,FALSE,FALSE,FALSE,FALSE,FALSE,FALSE,FALSE,FALSE,FALSE,FALSE,FALSE,FALSE,FALSE,FALSE,FALSE,FALSE,FALSE,FALSE,FALSE,FALSE,FALSE,FALSE,FALSE,FALSE,FALSE,FALSE,FALSE,FALSE,FALSE,FALSE,FALSE,FALSE,FALSE,FALSE,FALSE,FALSE,FALSE,FALSE,FALSE,FALSE,FALSE,FALSE
"13 After",2023-12-13 12:29:10.49,"2023-12-13","12H 29M 10.49S","After","Aurora","V0333","Flow Core",2282,372,591,804,513,357,498,429,518,293,375,378,582,1030,714,1415,187,187,288,352,256,184,213,189,255,412,283,316,238,204,206,273,513,317,553,553,158,158,1000,447,465,450,453,289,533,430,669,503,319,409,688,675,182,291,348,288,232,339,604,274,-20,0,20.35,39.375,1.15,1.11,0.92,1.04,8.39,6.85,2.12,2.05,1.74,1.72,1.81,1.82,1.99,1.98,1.97,2.02,2.63,4.18,4.55,7.84,3.7,4.25,2.36,2.23,2.27,2.24,2.39,2.29,2.16,2.02,2.03,2.07,2.02,2.04,1.78,1.87,1.99,4.31,2.18,2.03,3.22,3.77,3.66,3.48,3.38,3.21,3.07,2.82,2.81,2.78,2.99,2.95,3.03,3.27,3.83,5.82,2.25,2.62,2.5,2.11,1.95,2.72,3.08,3.94,117324.067036024,733828.17875079,645877.90145406,581120.169854946,638567.151863587,977904.234125993,1387268.78119269,846345.485062522,1347169.20719443,1557541.56840505,846927.990343908,434013.940019267,415075.57950667,1414479.64130658,1823515.87703109,2146033.98268611,1981467.48823957,1973904.48040394,467988.516581007,1074381.55437441,1224137.82342075,1200976.00187896,1132439.07877762,829231.510911489,958397.374394066,1023390.52103791,1223954.90341211,2103812.40021694,1018950.02861339,505154.293633877,500403.123714379,1243678.27057864,1802665.75357843,1356720.47630941,1949524.70192774,1979792.25014232,1944584.27370272,1950106.74386116,143840.190528372,133988.203858273,276207.88877773,485840.840370976,693005.884834034,875933.930669565,615347.694354248,463726.822176504,389880.768020139,251589.866100474,343109.243089143,580392.561665591,614488.03378932,996540.910045821,379437.068304951,522504.048508162,413389.143968517,352333.919107805,651485.081666636,934050.629378665,1282810.20994108,925709.494800427,TRUE,TRUE,FALSE,FALSE,FALSE,FALSE,FALSE,FALSE,FALSE,FALSE,FALSE,FALSE,FALSE,FALSE,FALSE,TRUE,FALSE,FALSE,FALSE,FALSE,FALSE,FALSE,FALSE,FALSE,FALSE,FALSE,FALSE,FALSE,FALSE,FALSE,FALSE,FALSE,FALSE,FALSE,FALSE,FALSE,FALSE,FALSE,FALSE,FALSE,FALSE,FALSE,FALSE,FALSE,FALSE,FALSE,FALSE,FALSE,FALSE,FALSE,FALSE,FALSE,FALSE,FALSE,FALSE,FALSE,FALSE,TRUE,FALSE,FALSE,FALSE,FALSE,FALSE,FALSE,FALSE,FALSE,FALSE,FALSE,FALSE,FALSE,FALSE,FALSE,FALSE,FALSE,FALSE,FALSE,FALSE,FALSE,FALSE,FALSE,FALSE,FALSE,FALSE,FALSE,FALSE,FALSE,FALSE,FALSE,FALSE,FALSE,FALSE,FALSE,FALSE,FALSE,FALSE,FALSE,FALSE,FALSE,FALSE,FALSE,FALSE,FALSE,FALSE,FALSE,FALSE,FALSE,FALSE,FALSE,FALSE,FALSE,FALSE,FALSE,FALSE,FALSE
"13 Before",2023-12-13 11:51:00.01,"2023-12-13","11H 51M 0.01S","Before","Aurora","V0333","Flow Core",2049,346,566,772,494,339,478,408,495,278,365,369,550,952,657,1217,188,188,286,355,261,188,216,191,254,414,286,323,248,215,212,273,507,300,558,558,159,159,1008,452,473,456,463,295,546,447,697,519,320,408,673,643,196,315,376,304,236,342,597,265,-19.95,0,20.55,39.625,1.14,1.09,0.9,1.04,7.63,6.07,1.83,1.85,1.71,1.71,1.82,1.77,1.84,1.88,1.81,1.82,2.22,3.43,3.97,6.45,3.5,4.02,2.13,2.02,2.05,2.01,2.17,2.1,1.97,1.79,1.83,1.85,1.76,1.76,1.58,1.67,1.96,4.46,3.03,2.88,1.49,1.94,2.53,2.24,2.06,1.97,1.94,1.84,1.77,1.78,1.97,1.94,1.93,2.02,2.6,4.26,2.04,2.34,2.24,1.91,1.83,2.42,2.7,3.35,107553.819669371,709953.352888576,631457.001144992,572770.078124324,625981.261552248,953191.033770725,1360899.33820975,820530.921329383,1298486.34004979,1509357.06339474,844286.924833212,431485.144052284,404053.006352784,1363576.8984039,1738075.31540452,1951023.86120699,2002824.17154318,1991077.38109225,466311.082912225,1094977.1480609,1259370.93346551,1231188.73181317,1159055.06235646,837964.417106457,948073.820860683,1021536.29018226,1235651.68968458,2158103.73936429,1061186.11703844,535378.523802309,519768.360537991,1256086.63926622,1798930.33480203,1298388.00689345,1985237.77135441,2010528.98030699,2012662.2053445,2001384.80311486,146103.300784813,137655.576991846,283405.031725141,497875.192781311,708662.029233966,893487.829298547,633299.71327956,483096.605808004,411090.318494994,264433.667294443,347008.620531741,586086.238284142,615363.008563497,970967.78448069,406643.012670525,557364.524503538,443983.925817501,372154.178487844,661395.006601567,941652.483129638,1276399.15667278,897265.902736913,TRUE,TRUE,FALSE,FALSE,FALSE,FALSE,FALSE,FALSE,FALSE,FALSE,FALSE,FALSE,FALSE,FALSE,FALSE,TRUE,FALSE,FALSE,FALSE,FALSE,FALSE,FALSE,FALSE,FALSE,FALSE,FALSE,FALSE,FALSE,FALSE,FALSE,FALSE,FALSE,FALSE,FALSE,FALSE,FALSE,FALSE,FALSE,FALSE,FALSE,FALSE,FALSE,FALSE,FALSE,FALSE,FALSE,FALSE,FALSE,FALSE,FALSE,FALSE,FALSE,FALSE,FALSE,FALSE,FALSE,FALSE,TRUE,FALSE,FALSE,FALSE,FALSE,FALSE,FALSE,FALSE,FALSE,FALSE,FALSE,FALSE,FALSE,FALSE,FALSE,FALSE,FALSE,FALSE,FALSE,FALSE,FALSE,FALSE,FALSE,FALSE,FALSE,FALSE,FALSE,FALSE,FALSE,FALSE,FALSE,FALSE,FALSE,FALSE,FALSE,FALSE,FALSE,FALSE,FALSE,FALSE,FALSE,FALSE,FALSE,FALSE,FALSE,FALSE,FALSE,FALSE,FALSE,FALSE,FALSE,FALSE,FALSE,FALSE,FALSE,FALSE,FALSE
"12 After",2023-12-12 14:07:24.67,"2023-12-12","14H 7M 24.67S","After","Aurora","V0333","Flow Core",2049,346,566,772,494,339,478,408,495,278,365,369,550,952,657,1217,188,188,286,355,261,188,216,191,254,414,286,323,248,215,212,273,507,300,558,558,159,159,1008,452,473,456,463,295,546,447,697,519,320,408,673,643,196,315,376,304,236,342,597,265,-19.95,0,20.55,39.625,1.14,1.09,0.9,1.04,7.47,6.04,2.19,2.15,2.07,2.09,2.15,2.16,2.14,2.15,2.1,2.13,2.49,3.39,4.01,6.12,3.57,4.17,2.49,2.27,2.25,2.19,2.35,2.32,2.28,2.09,2.1,2.1,2,1.94,1.89,1.92,2.22,4.61,4.47,4.36,1.57,2.18,2.4,2.17,2,2,1.99,2.01,2,1.97,2.09,2.04,2.01,2.07,2.38,3.27,2.32,2.46,2.39,2.25,2.21,2.54,2.72,3.13,105764.162784459,728631.115396421,663509.394053155,602769.686926787,658179.611106097,998751.528083799,1422042.29248073,854792.72032095,1344251.14648587,1563214.29538087,859704.614777321,436829.187301942,410678.322883906,1384214.15882365,1784102.28016225,2020178.20155459,1995994.8167,1989042.46526232,473731.179920238,1090840.03648704,1234887.14947613,1195488.20437851,1142723.57940849,841206.511760929,964137.364989575,1036439.6334994,1246947.61128214,2135004.636485,1009599.49419644,505482.650724169,501126.429987846,1254072.42119302,1824738.85517715,1376303.10611817,1971342.0354,2000395.11341445,2004869.54535,2003409.6426866,145283.210398669,136601.149299565,281527.089170613,492244.962079943,703143.844427854,885090.652674014,621686.110812336,472195.016624791,401292.221033153,260266.035367711,346972.709596128,588667.422691957,625836.113436753,1013330.69427144,386167.770521929,528164.535271686,421183.139240157,357511.128653848,658200.353430849,948334.343528276,1305318.06405874,939421.479002567,TRUE,TRUE,FALSE,FALSE,FALSE,FALSE,FALSE,FALSE,FALSE,FALSE,FALSE,FALSE,FALSE,FALSE,FALSE,TRUE,FALSE,FALSE,FALSE,FALSE,FALSE,FALSE,FALSE,FALSE,FALSE,FALSE,FALSE,FALSE,FALSE,FALSE,FALSE,FALSE,FALSE,FALSE,FALSE,FALSE,FALSE,FALSE,FALSE,FALSE,FALSE,FALSE,FALSE,FALSE,FALSE,FALSE,FALSE,FALSE,FALSE,FALSE,FALSE,FALSE,FALSE,FALSE,FALSE,FALSE,FALSE,TRUE,FALSE,FALSE,FALSE,FALSE,FALSE,FALSE,FALSE,FALSE,FALSE,FALSE,FALSE,FALSE,FALSE,FALSE,FALSE,FALSE,FALSE,FALSE,FALSE,FALSE,FALSE,FALSE,FALSE,FALSE,FALSE,FALSE,FALSE,FALSE,FALSE,FALSE,FALSE,FALSE,FALSE,FALSE,FALSE,FALSE,FALSE,FALSE,FALSE,FALSE,FALSE,FALSE,FALSE,FALSE,FALSE,FALSE,FALSE,FALSE,FALSE,FALSE,FALSE,FALSE,FALSE,FALSE,FALSE,FALSE
"12 Before",2023-12-12 13:53:00.71,"2023-12-12","13H 53M 0.71S","Before","Aurora","V0333","Flow Core",2226,363,589,796,505,353,494,428,515,289,383,390,586,1037,698,1318,192,192,294,347,249,182,219,199,272,431,287,308,236,207,210,277,519,313,559,559,161,161,1016,454,482,461,461,295,562,453,707,530,325,413,681,641,212,342,406,324,247,353,611,268,-19.875,0,20.425,39.45,1.14,1.08,0.89,1.03,7.49,5.91,1.56,1.55,1.41,1.5,1.57,1.56,1.6,1.74,1.58,1.52,1.85,2.96,4.09,6.15,3.44,4,2.03,1.91,1.93,1.89,2.09,2.01,1.9,1.69,1.74,1.75,1.62,1.56,1.49,1.56,2.08,5.06,4.57,4.73,1.78,1.61,1.9,1.5,1.3,1.37,1.4,1.51,1.48,1.43,1.57,1.52,1.44,1.49,1.8,2.79,2.11,2.3,2.17,1.96,1.89,2.3,2.42,2.81,128382.665995022,775566.963454791,700144.630692852,633266.900074706,672341.096555473,1053734.04791277,1478049.79354694,909680.317208451,1428007.74071742,1649249.97379153,926592.860698914,472685.391096077,461641.57291918,1623658.98161824,2005184.97637323,2436954.4613033,2034494.02845,2042645.80709614,475476.727982869,1070247.21150564,1203308.39925887,1193503.16019128,1170659.31655232,880053.973328011,1021502.76939852,1055555.84574539,1232834.09357086,2058676.07398479,1008265.06960818,509677.680170377,511625.096422623,1292167.85741026,1879539.57566578,1422857.00569361,1987423.6703,2024371.10063301,2012935.21345,2019899.70673638,145326.502924477,136244.836670052,284766.276330697,497542.391114176,700140.847250228,882523.852219074,642292.486406335,477843.712793396,408602.690311612,264710.310338642,352265.463428267,594905.449928396,628145.317423694,1010176.22562973,421431.285874361,570730.281521145,452892.783913719,380962.885337547,685076.561277158,974753.681948686,1330388.93458884,948623.771050785,TRUE,FALSE,FALSE,FALSE,FALSE,FALSE,FALSE,FALSE,FALSE,FALSE,FALSE,FALSE,FALSE,FALSE,FALSE,TRUE,FALSE,FALSE,FALSE,FALSE,FALSE,FALSE,FALSE,FALSE,FALSE,FALSE,FALSE,FALSE,FALSE,FALSE,FALSE,FALSE,FALSE,FALSE,FALSE,FALSE,FALSE,FALSE,FALSE,FALSE,FALSE,FALSE,FALSE,FALSE,FALSE,FALSE,FALSE,FALSE,FALSE,FALSE,FALSE,FALSE,FALSE,FALSE,FALSE,FALSE,FALSE,TRUE,FALSE,FALSE,FALSE,FALSE,FALSE,FALSE,FALSE,FALSE,FALSE,FALSE,FALSE,FALSE,FALSE,FALSE,FALSE,FALSE,FALSE,FALSE,FALSE,FALSE,FALSE,FALSE,FALSE,FALSE,FALSE,FALSE,FALSE,FALSE,FALSE,FALSE,FALSE,FALSE,FALSE,FALSE,FALSE,FALSE,FALSE,FALSE,FALSE,FALSE,FALSE,FALSE,FALSE,FALSE,FALSE,FALSE,FALSE,FALSE,FALSE,FALSE,FALSE,FALSE,FALSE,FALSE,FALSE,FALSE
"05 After",2023-12-05 10:24:13.61,"2023-12-05","10H 24M 13.61S","After","Aurora","V0333","Flow Core",1970,361,579,785,504,350,488,421,511,292,378,382,559,932,650,1170,186,186,273,333,250,189,229,194,252,381,264,302,254,229,228,289,526,296,546,546,164,164,1027,460,486,469,475,304,564,452,711,525,326,415,684,649,192,314,367,298,232,334,579,256,-20,0,20.375,39.4,1.16,1.11,0.93,1.04,7.29,2.45,1.98,2.13,2.06,2.02,2.13,2.23,2.12,2.25,2.24,2.22,2.99,4.55,4.07,6.28,3.87,3.98,1.97,1.94,1.9,1.82,1.74,1.67,1.73,1.76,1.81,1.99,1.79,1.74,1.6,1.6,2.03,2.44,1.24,1.71,1.65,2.01,2.89,2.26,1.95,2.08,2.02,2.17,1.98,1.82,2.1,2.09,1.78,1.92,2.11,2.52,2.02,2.01,2.05,1.89,2.04,2.23,2.51,2.82,82432.6930859368,585972.189320214,531265.036884668,479476.881385838,517833.630737998,798485.319519138,1115584.85589455,675465.659336638,1086263.48362973,1269022.03862327,683900.905090374,348504.770618076,325679.254817579,1085330.04724131,1425133.8548698,1640972.98849381,1587474.83928571,1583648.67691866,372805.534105197,862123.235473193,983666.703305166,961112.290894761,914738.516465979,668642.214258031,773970.115306108,826944.018582346,999873.850760174,1714567.33626434,815373.017056213,407563.335457402,402318.402135393,1011472.60972873,1473333.14084989,1134883.31829563,1622413.48051948,1639996.32632407,1619108.16558442,1608304.70277227,117171.994563569,109257.086016363,225515.562089349,396377.287610205,569668.994061182,722264.395760755,499757.290934722,374610.595439097,320815.427171706,203025.552380687,279396.468487243,472895.705633054,502111.898356246,825959.484757456,298777.041654776,416836.698486515,329155.883685811,277852.461575507,523097.992803275,754457.478857819,1039106.11594074,758922.089237593,TRUE,FALSE,FALSE,FALSE,FALSE,FALSE,FALSE,FALSE,FALSE,FALSE,FALSE,FALSE,FALSE,FALSE,FALSE,TRUE,FALSE,FALSE,FALSE,FALSE,FALSE,FALSE,FALSE,FALSE,FALSE,FALSE,FALSE,FALSE,FALSE,FALSE,FALSE,FALSE,FALSE,FALSE,FALSE,FALSE,FALSE,FALSE,FALSE,FALSE,FALSE,FALSE,FALSE,FALSE,FALSE,FALSE,FALSE,FALSE,FALSE,FALSE,FALSE,FALSE,FALSE,FALSE,FALSE,FALSE,FALSE,FALSE,FALSE,FALSE,FALSE,FALSE,FALSE,FALSE,FALSE,FALSE,FALSE,FALSE,FALSE,FALSE,FALSE,FALSE,FALSE,FALSE,FALSE,FALSE,FALSE,FALSE,FALSE,FALSE,FALSE,FALSE,FALSE,FALSE,FALSE,FALSE,FALSE,FALSE,FALSE,FALSE,FALSE,FALSE,FALSE,FALSE,FALSE,FALSE,FALSE,FALSE,FALSE,FALSE,FALSE,FALSE,FALSE,FALSE,FALSE,FALSE,FALSE,FALSE,FALSE,FALSE,FALSE,FALSE,FALSE,FALSE
"05 Before",2023-12-05 09:48:27.11,"2023-12-05","9H 48M 27.11S","Before","Aurora","V0333","Flow Core",2047,359,577,786,505,349,493,421,502,288,380,383,562,949,656,1178,188,188,287,340,248,184,229,203,268,393,259,287,242,227,237,313,569,314,552,552,159,159,1012,452,478,461,459,293,560,451,707,522,324,411,672,633,205,331,390,316,241,345,597,262,-20.025,0,20.45,39.575,1.16,1.1,0.92,1.03,7.41,6.23,1.98,1.84,1.82,1.92,2.04,2.02,2.03,2.13,2,1.95,2.07,2.72,3.58,5.73,3.34,3.91,3.1,2.94,2.79,2.56,2.51,2.46,2.47,2.38,2.38,2.32,2.14,2.07,1.91,1.84,1.82,4.52,2.22,2.21,4.5,5.14,3.52,3.23,3.02,2.81,2.77,2.59,2.52,2.5,2.74,2.73,2.73,3.14,3.86,6.04,1.72,2.09,1.97,1.73,1.76,2.52,2.92,3.86,103554.334098446,715047.476987237,643731.199150526,580121.728305456,630898.056822793,978910.986685321,1384200.19900628,829147.740279612,1294561.10181893,1552779.22978413,843781.774935672,429731.304655893,398189.092754291,1313257.64243176,1701340.06675483,1922715.68583244,2010750.45685,2019519.39189938,501166.932655949,1127128.40282992,1246546.68310164,1196055.9632661,1159125.21811598,889179.822592072,1035130.06485646,1074062.24954872,1244361.48532795,2080529.42259526,981573.172801768,508433.583260691,524483.845744298,1352827.50327114,1961128.50762172,1454928.83914495,1993342.96905,1996734.31792305,1918135.00775,1907447.44432608,140222.870368886,131797.435635444,271944.792372325,477672.626965494,675474.852974936,854310.662932606,611155.791640588,457341.891975761,391225.311728326,247732.786484796,337338.205374552,571442.827935815,598875.880231822,967527.547448908,394894.99394194,538676.260891898,432749.536432342,372264.412485728,674394.396670254,966563.049976409,1329808.07498666,953409.604898709,TRUE,TRUE,FALSE,FALSE,FALSE,FALSE,FALSE,FALSE,FALSE,FALSE,FALSE,FALSE,FALSE,FALSE,FALSE,FALSE,FALSE,FALSE,FALSE,FALSE,FALSE,FALSE,FALSE,FALSE,FALSE,FALSE,FALSE,FALSE,FALSE,FALSE,FALSE,FALSE,FALSE,FALSE,FALSE,FALSE,FALSE,FALSE,FALSE,FALSE,FALSE,FALSE,FALSE,FALSE,FALSE,FALSE,FALSE,FALSE,TRUE,FALSE,FALSE,FALSE,FALSE,FALSE,FALSE,FALSE,FALSE,TRUE,FALSE,FALSE,FALSE,FALSE,FALSE,FALSE,FALSE,FALSE,FALSE,FALSE,FALSE,FALSE,FALSE,FALSE,FALSE,FALSE,FALSE,FALSE,FALSE,FALSE,FALSE,FALSE,FALSE,FALSE,FALSE,FALSE,FALSE,FALSE,FALSE,FALSE,FALSE,FALSE,FALSE,FALSE,FALSE,FALSE,FALSE,FALSE,FALSE,FALSE,FALSE,FALSE,FALSE,FALSE,FALSE,FALSE,FALSE,FALSE,FALSE,FALSE,FALSE,FALSE,FALSE,FALSE,FALSE,FALSE
"17 After",2023-11-17 09:43:44.31,"2023-11-17","9H 43M 44.31S","After","Aurora","V0333","Flow Core",2047,359,577,786,505,349,493,421,502,288,380,383,562,949,656,1178,188,188,287,340,248,184,229,203,268,393,259,287,242,227,237,313,569,314,552,552,159,159,1012,452,478,461,459,293,560,451,707,522,324,411,672,633,205,331,390,316,241,345,597,262,-20.025,0,20.45,39.575,1.16,1.1,0.92,1.03,8.04,6.13,1.96,2.04,1.7,1.68,1.85,1.88,1.94,1.85,1.91,1.93,3.11,4.73,3.92,6.9,3.62,4.01,1.99,2,2.12,1.93,1.79,1.72,1.71,1.65,1.79,1.83,1.62,1.52,1.44,1.56,1.85,4.76,1.67,1.35,3.64,4.1,4.29,4.2,4.05,3.86,3.74,3.53,3.44,3.45,3.61,3.6,3.66,3.75,4.28,6.21,1.86,2.12,1.98,1.81,1.71,2.25,2.45,2.89,105481.033263486,731305.885527293,670838.831218546,605462.141779212,652110.111958658,1006553.34558859,1425990.1781528,854641.868885858,1331558.6693793,1583812.93014726,862185.086398629,438429.419962496,408505.631114499,1361134.05693774,1768850.69924671,2009340.50593605,2018605.82789928,2026086.82205998,477105.412929422,1094529.80936127,1251963.61859204,1229097.50063837,1158558.76516791,854942.047315247,981024.587363516,1047274.7715335,1246805.06889644,2155872.45217634,1030141.29974455,518042.374301123,512759.08015991,1282696.95015699,1848419.06251073,1396183.78866293,1989493.24342897,2005760.0926545,1989073.26966292,1986940.43748299,145443.789343826,136445.572536609,284822.210917453,498220.420316312,705394.325985525,886722.515955821,637047.301712165,473883.813524184,407661.101240781,256799.979489402,348549.878274286,591075.61673836,623466.283241417,1012683.82398961,393899.689543177,537985.70578954,431026.182103272,370298.594987836,673569.915929439,970464.034342305,1335760.55084461,959308.969210999,TRUE,TRUE,FALSE,FALSE,FALSE,FALSE,FALSE,FALSE,FALSE,FALSE,FALSE,FALSE,FALSE,FALSE,FALSE,TRUE,FALSE,FALSE,FALSE,FALSE,FALSE,FALSE,FALSE,FALSE,FALSE,FALSE,FALSE,FALSE,FALSE,FALSE,FALSE,FALSE,FALSE,FALSE,FALSE,FALSE,FALSE,FALSE,FALSE,FALSE,FALSE,FALSE,FALSE,FALSE,FALSE,FALSE,FALSE,FALSE,TRUE,FALSE,FALSE,FALSE,FALSE,FALSE,FALSE,FALSE,FALSE,TRUE,FALSE,FALSE,FALSE,FALSE,FALSE,FALSE,FALSE,FALSE,FALSE,FALSE,FALSE,FALSE,FALSE,FALSE,FALSE,FALSE,FALSE,FALSE,FALSE,FALSE,FALSE,FALSE,FALSE,FALSE,FALSE,FALSE,FALSE,FALSE,FALSE,FALSE,FALSE,FALSE,FALSE,FALSE,FALSE,FALSE,FALSE,FALSE,FALSE,FALSE,FALSE,FALSE,FALSE,FALSE,FALSE,FALSE,FALSE,FALSE,FALSE,FALSE,FALSE,FALSE,FALSE,FALSE,FALSE,FALSE
"17 Before",2023-11-17 09:36:20.06,"2023-11-17","9H 36M 20.06S","Before","Aurora","V0333","Flow Core",1932,357,572,773,497,347,489,414,500,286,368,373,539,911,647,1158,188,188,274,339,259,193,229,193,249,382,267,308,254,228,224,284,527,305,541,541,163,163,1026,458,474,460,465,298,549,446,697,514,324,414,688,668,192,309,366,299,238,346,606,272,-19.975,0,20.4,39.45,1.15,1.1,0.91,1.04,7.43,6.15,1.68,1.52,1.51,1.63,1.71,1.73,1.71,1.85,1.71,1.69,1.72,2.09,3.11,5.74,3.65,4.14,2.05,2.09,2.18,1.92,1.79,1.74,1.72,1.67,1.81,1.83,1.63,1.52,1.47,1.6,2.01,5.23,1.84,1.41,2.74,3.26,4.04,3.93,3.79,3.57,3.5,3.28,3.22,3.2,3.36,3.36,3.44,3.43,4.03,5.99,2.03,2.25,2.12,1.93,1.83,2.35,2.46,2.83,95044.9627649007,718497.673505771,647452.820903237,578154.151554674,633363.223144282,984827.872986027,1384157.11527793,833105.44183681,1312592.82727041,1562831.28960238,820462.382918,422787.897549688,376664.475046025,1216327.14199076,1677596.65819168,1832365.22658057,2014046.09015,2012595.71098515,459187.866182312,1096156.46269745,1298059.0400429,1278922.28988676,1142424.2534161,801422.882447075,908786.155992269,1026845.06706975,1293141.32000743,2294963.35694505,1066829.31207108,510567.183044843,482739.688815138,1175515.5762613,1719718.51906818,1356470.61642054,1937829.13535,1948948.15575977,2053915.1992,2055437.79455342,151390.942747962,140711.396311206,284414.857410083,498308.757458822,714995.438233401,909986.556887739,632964.665833992,471567.718605904,401886.827254221,255098.332515304,352814.899700973,602534.616189652,642732.701810763,1078426.80358887,362091.323554258,502612.037344822,394589.383450564,341940.240690113,656802.528623617,957600.535131856,1337586.91348233,987236.081689789,TRUE,TRUE,FALSE,FALSE,FALSE,FALSE,FALSE,FALSE,FALSE,FALSE,FALSE,FALSE,FALSE,FALSE,FALSE,FALSE,FALSE,FALSE,FALSE,FALSE,FALSE,FALSE,FALSE,FALSE,FALSE,FALSE,FALSE,FALSE,FALSE,FALSE,FALSE,FALSE,FALSE,FALSE,FALSE,FALSE,FALSE,FALSE,FALSE,FALSE,FALSE,FALSE,FALSE,FALSE,FALSE,FALSE,FALSE,FALSE,FALSE,FALSE,FALSE,FALSE,FALSE,FALSE,FALSE,FALSE,FALSE,FALSE,FALSE,FALSE,FALSE,FALSE,FALSE,FALSE,FALSE,FALSE,FALSE,FALSE,FALSE,FALSE,FALSE,FALSE,FALSE,FALSE,FALSE,FALSE,FALSE,FALSE,FALSE,FALSE,FALSE,FALSE,FALSE,FALSE,FALSE,FALSE,FALSE,FALSE,FALSE,FALSE,FALSE,FALSE,FALSE,FALSE,FALSE,FALSE,FALSE,FALSE,FALSE,FALSE,FALSE,FALSE,FALSE,FALSE,FALSE,FALSE,FALSE,FALSE,FALSE,FALSE,FALSE,FALSE,FALSE,FALSE
"16 After",2023-11-16 14:16:46.75,"2023-11-16","14H 16M 46.75S","After","Aurora","V0333","Flow Core",1932,357,572,773,497,347,489,414,500,286,368,373,539,911,647,1158,188,188,274,339,259,193,229,193,249,382,267,308,254,228,224,284,527,305,541,541,163,163,1026,458,474,460,465,298,549,446,697,514,324,414,688,668,192,309,366,299,238,346,606,272,-19.975,0,20.4,39.45,1.15,1.1,0.91,1.04,7.3,5.83,1.52,1.38,1.39,1.5,1.58,1.62,1.66,1.8,1.71,1.71,1.92,2.69,3.45,6.01,3.68,4.1,2.46,2.1,1.87,1.61,1.68,1.69,1.72,1.63,1.7,1.68,1.5,1.46,1.37,1.55,1.96,4.84,2.59,2.66,3.31,3.78,2.46,2.09,1.9,1.82,1.8,1.72,1.67,1.68,1.89,1.82,1.8,1.92,2.53,4.26,2.04,2.28,2.16,1.93,1.82,2.37,2.56,2.99,93263.0033891692,702366.586051475,627859.845340611,559086.019262296,615072.523437475,958584.572192854,1347463.05357589,815638.493768881,1283005.27982596,1522701.70648854,817479.800329067,422161.956506662,374002.470518401,1194973.93918573,1631030.99419566,1724853.5688275,2013105.30185,2010896.43005909,476598.951259566,1097232.84739302,1251415.57910512,1219167.08756154,1155877.35296307,841303.15749809,966537.773832869,1039362.54773141,1251457.35289403,2152154.78920057,1032274.5554086,516443.20094569,507624.448359839,1264201.87897575,1840274.33868914,1387098.74029433,1983403.8446,1989092.13404297,2010127.9434,2008737.85271974,147211.196119336,137958.703053998,282098.659858011,494368.396488474,704914.841249534,894729.66174349,634962.351429715,475694.287102981,405550.305518229,255985.303738244,350675.125152514,596737.754836684,627224.740414018,1026430.98110499,393108.23866457,541821.785334094,425300.77739476,363829.061853963,673039.464996769,967856.37701345,1328635.04873064,957334.801430494,TRUE,FALSE,FALSE,FALSE,FALSE,FALSE,FALSE,FALSE,FALSE,FALSE,FALSE,FALSE,FALSE,FALSE,FALSE,TRUE,FALSE,FALSE,FALSE,FALSE,FALSE,FALSE,FALSE,FALSE,FALSE,FALSE,FALSE,FALSE,FALSE,FALSE,FALSE,FALSE,FALSE,FALSE,FALSE,FALSE,FALSE,FALSE,FALSE,FALSE,FALSE,FALSE,FALSE,FALSE,FALSE,FALSE,FALSE,FALSE,FALSE,FALSE,FALSE,FALSE,FALSE,FALSE,FALSE,FALSE,FALSE,FALSE,FALSE,FALSE,FALSE,FALSE,FALSE,FALSE,FALSE,FALSE,FALSE,FALSE,FALSE,FALSE,FALSE,FALSE,FALSE,FALSE,FALSE,FALSE,FALSE,FALSE,FALSE,FALSE,FALSE,FALSE,FALSE,FALSE,FALSE,FALSE,FALSE,FALSE,FALSE,FALSE,FALSE,FALSE,FALSE,FALSE,FALSE,FALSE,FALSE,FALSE,FALSE,FALSE,FALSE,FALSE,FALSE,FALSE,FALSE,FALSE,FALSE,FALSE,FALSE,FALSE,FALSE,FALSE,FALSE,FALSE
"16 Before",2023-11-16 14:08:26.77,"2023-11-16","14H 8M 26.77S","Before","Aurora","V0333","Flow Core",1989,358,576,769,497,345,484,415,499,287,370,374,544,916,642,1143,187,187,273,340,258,193,226,192,248,386,270,310,255,226,223,282,518,300,559,559,159,159,1002,443,464,451,451,289,536,438,674,506,317,403,662,637,193,310,371,302,236,341,595,265,-20.1,0,20.4,39.525,1.15,1.1,0.92,1.04,7.1,5.53,1.64,1.63,1.56,1.67,1.78,1.82,1.87,1.94,1.85,1.83,2.25,3.19,3.55,5.96,3.6,4.07,2.4,1.97,1.77,1.58,1.66,1.67,1.69,1.58,1.65,1.65,1.47,1.44,1.34,1.53,2,5.05,2.34,2.32,3.57,3.89,2.63,2.34,2.17,2.07,2.01,1.93,1.9,1.86,2.06,2.01,1.99,2.17,2.77,4.68,2.06,2.29,2.17,1.93,1.79,2.28,2.48,2.91,101277.241436262,712941.442961288,632203.285646722,563215.3612905,618266.031476066,967338.55484644,1359695.96932904,822326.470843088,1295745.59336077,1535725.11470761,838738.470417289,427541.295436938,386540.141406134,1239120.05929744,1641461.83275557,1768999.61848888,2007257.85185,2015986.35449414,471497.588337207,1089592.76001923,1242292.61824967,1217589.94712723,1159485.65994469,844870.737458115,972906.377410633,1043522.90429053,1246847.47613862,2147289.8915934,1034548.81708798,514991.626256933,512127.269605685,1275202.35614779,1840143.5263194,1371416.24782757,2048415.9342,2087562.72464883,1968765.36085,1989931.19048183,144553.536523391,132895.699774519,278900.797065202,488367.809412297,685799.776071641,876922.541942619,616480.794719219,469379.776433193,389154.421397744,252326.932963654,342487.081741401,579040.468169302,606661.794708597,984779.009697502,405000.369486376,550655.427617359,437893.249416581,374260.597315557,676637.355015549,966987.863632766,1318452.0418073,941517.511143765,TRUE,FALSE,FALSE,FALSE,FALSE,FALSE,FALSE,FALSE,FALSE,FALSE,FALSE,FALSE,FALSE,FALSE,FALSE,FALSE,FALSE,FALSE,FALSE,FALSE,FALSE,FALSE,FALSE,FALSE,FALSE,FALSE,FALSE,FALSE,FALSE,FALSE,FALSE,FALSE,FALSE,FALSE,FALSE,FALSE,FALSE,FALSE,FALSE,FALSE,FALSE,FALSE,FALSE,FALSE,FALSE,FALSE,FALSE,FALSE,FALSE,FALSE,FALSE,FALSE,FALSE,FALSE,FALSE,FALSE,FALSE,TRUE,FALSE,FALSE,FALSE,FALSE,FALSE,FALSE,FALSE,FALSE,FALSE,FALSE,FALSE,FALSE,FALSE,FALSE,FALSE,FALSE,FALSE,FALSE,FALSE,FALSE,FALSE,FALSE,FALSE,FALSE,FALSE,FALSE,FALSE,FALSE,FALSE,FALSE,FALSE,FALSE,FALSE,FALSE,FALSE,FALSE,FALSE,FALSE,FALSE,FALSE,FALSE,FALSE,FALSE,FALSE,FALSE,FALSE,FALSE,FALSE,FALSE,FALSE,FALSE,FALSE,FALSE,FALSE,FALSE,FALSE
"15 After",2023-11-15 10:42:24.81,"2023-11-15","10H 42M 24.81S","After","Aurora","V0333","Flow Core",1989,358,576,769,497,345,484,415,499,287,370,374,544,916,642,1143,187,187,273,340,258,193,226,192,248,386,270,310,255,226,223,282,518,300,559,559,159,159,1002,443,464,451,451,289,536,438,674,506,317,403,662,637,193,310,371,302,236,341,595,265,-20.1,0,20.4,39.525,1.15,1.1,0.92,1.04,7.14,6.42,1.67,1.37,1.39,1.48,1.62,1.64,1.61,1.7,1.59,1.55,1.55,1.68,3.13,5.6,3.81,4.31,2.73,2.25,1.97,1.71,1.82,1.84,1.91,1.79,1.8,1.79,1.59,1.53,1.5,1.63,1.83,4.73,1.62,1.38,2.52,3.18,4.42,4.15,3.85,3.74,3.62,3.5,3.39,3.27,3.44,3.59,3.57,3.45,4.05,5.81,1.92,2.18,2.08,1.79,1.69,2.29,2.5,2.94,101768.786759766,708432.132898561,648631.872640334,581477.860981653,632748.410978788,980257.96339645,1380852.57289009,832283.436428187,1305163.69771914,1535947.37726268,837709.801449878,428527.675539271,394669.975632345,1276905.62362627,1669125.97446235,1833691.3558025,1988489.22959184,1985306.53580528,473559.464183298,1090097.97180123,1244668.93295051,1216841.38158092,1150313.56051082,841217.692869854,969050.854671029,1039667.0266373,1242965.87487476,2138771.15886975,1022388.6114476,511436.340647611,509719.808294098,1267456.36009163,1830162.4932617,1385633.2847231,1955781.5212585,1976297.50244805,1981878.80102041,1984816.8792313,147877.826175644,136035.964614258,282752.912524123,492684.811702886,691538.814669635,882381.947923322,620894.172881178,473738.958059192,393664.83402991,256214.533656221,349712.983724315,587926.589426455,618615.285318709,1008721.03845621,400473.110429529,544481.315434472,434132.537209123,372461.669586305,678158.808405408,967938.248940726,1325756.05603537,956596.034292948,TRUE,TRUE,FALSE,FALSE,FALSE,FALSE,FALSE,FALSE,FALSE,FALSE,FALSE,FALSE,FALSE,FALSE,FALSE,FALSE,FALSE,FALSE,FALSE,FALSE,FALSE,FALSE,FALSE,FALSE,FALSE,FALSE,FALSE,FALSE,FALSE,FALSE,FALSE,FALSE,FALSE,FALSE,FALSE,FALSE,FALSE,FALSE,FALSE,FALSE,FALSE,FALSE,FALSE,FALSE,FALSE,FALSE,FALSE,FALSE,FALSE,FALSE,FALSE,FALSE,FALSE,FALSE,FALSE,FALSE,FALSE,TRUE,FALSE,FALSE,FALSE,FALSE,FALSE,FALSE,FALSE,FALSE,FALSE,FALSE,FALSE,FALSE,FALSE,FALSE,FALSE,FALSE,FALSE,FALSE,FALSE,FALSE,FALSE,FALSE,FALSE,FALSE,FALSE,FALSE,FALSE,FALSE,FALSE,FALSE,FALSE,FALSE,FALSE,FALSE,FALSE,FALSE,FALSE,FALSE,FALSE,FALSE,FALSE,FALSE,FALSE,FALSE,FALSE,FALSE,FALSE,FALSE,FALSE,FALSE,FALSE,FALSE,FALSE,FALSE,FALSE,FALSE
"15 Before",2023-11-15 10:31:27.38,"2023-11-15","10H 31M 27.38S","Before","Aurora","V0333","Flow Core",2031,360,568,768,499,349,484,415,496,284,364,369,545,948,677,1268,187,187,274,336,255,192,230,195,250,378,261,301,252,224,226,293,541,321,549,549,158,158,1011,448,466,448,449,290,533,429,671,509,323,412,696,688,187,296,355,296,239,352,626,289,-20,0,20.4,39.45,1.15,1.1,0.91,1.04,7.8,6.58,1.79,1.56,1.47,1.54,1.63,1.63,1.67,1.78,1.68,1.6,1.83,2.59,3.54,6.36,3.72,4.19,2.71,2.27,2.04,1.84,1.97,1.96,1.99,1.8,1.84,1.81,1.65,1.62,1.54,1.61,1.86,4.7,1.7,1.35,2.49,3.24,4.47,4.2,4,3.8,3.71,3.49,3.42,3.35,3.62,3.54,3.65,3.61,4.22,6.12,1.91,2.2,2.04,1.85,1.77,2.42,2.57,3.1,106824.773836415,720879.46347505,635435.94612963,569889.675121716,628841.642889774,977494.022632861,1361888.68860122,821258.668153286,1290330.74269864,1503570.83733472,820072.547613636,417626.495998092,393227.948430367,1341142.71160818,1807381.99313663,2124074.6699516,1977535.59655776,1973783.26630649,467864.379286586,1056102.46511273,1208371.90593164,1187133.95894848,1150021.09321042,845611.159013085,964962.135696989,992919.191603144,1175801.56418802,2022907.25051042,993571.837828279,501244.203522973,506619.274078283,1290722.78827916,1886917.13572895,1476438.96162244,1918443.03004667,1937810.67953765,1943707.75466744,1946303.86790961,143361.360430969,133817.293280718,276046.68126236,476048.766146266,677945.138206591,866886.074985607,609133.149532382,449680.212611508,384705.367859214,249871.914063872,350497.386151532,594098.972900493,643228.714158523,1082374.32256648,374982.309909137,500887.856560842,402285.819253929,350934.505484331,666185.411251672,978139.757267543,1367746.28548827,1024172.74365696,TRUE,TRUE,FALSE,FALSE,FALSE,FALSE,FALSE,FALSE,FALSE,FALSE,FALSE,FALSE,FALSE,FALSE,FALSE,TRUE,FALSE,FALSE,FALSE,FALSE,FALSE,FALSE,FALSE,FALSE,FALSE,FALSE,FALSE,FALSE,FALSE,FALSE,FALSE,FALSE,FALSE,FALSE,FALSE,FALSE,FALSE,FALSE,FALSE,FALSE,FALSE,FALSE,FALSE,FALSE,FALSE,FALSE,FALSE,FALSE,TRUE,FALSE,FALSE,FALSE,FALSE,FALSE,FALSE,FALSE,FALSE,TRUE,FALSE,FALSE,FALSE,FALSE,FALSE,FALSE,FALSE,FALSE,FALSE,FALSE,FALSE,FALSE,FALSE,FALSE,FALSE,FALSE,FALSE,FALSE,FALSE,FALSE,FALSE,FALSE,FALSE,FALSE,FALSE,FALSE,FALSE,FALSE,FALSE,FALSE,FALSE,FALSE,FALSE,FALSE,FALSE,FALSE,FALSE,FALSE,FALSE,FALSE,FALSE,FALSE,FALSE,FALSE,FALSE,FALSE,FALSE,FALSE,FALSE,FALSE,FALSE,FALSE,FALSE,FALSE,FALSE,FALSE
"14 After",2023-11-14 12:53:55.25,"2023-11-14","12H 53M 55.25S","After","Aurora","V0333","Flow Core",2031,360,568,768,499,349,484,415,496,284,364,369,545,948,677,1268,187,187,274,336,255,192,230,195,250,378,261,301,252,224,226,293,541,321,549,549,158,158,1011,448,466,448,449,290,533,429,671,509,323,412,696,688,187,296,355,296,239,352,626,289,-20,0,20.4,39.45,1.15,1.1,0.91,1.04,7.05,5.74,1.78,1.76,1.66,1.73,1.8,1.81,1.9,1.98,1.76,1.81,2.04,2.73,3.32,5.89,3.89,4.27,2.45,2.15,1.92,1.64,1.7,1.7,1.73,1.63,1.72,1.73,1.49,1.49,1.41,1.59,1.93,4.7,2.26,1.88,4.47,4.9,4.76,4.58,4.5,4.29,4.19,4,3.95,3.93,4.02,4.08,4,4.25,4.72,6.49,1.99,2.18,2.13,1.87,1.85,2.3,2.47,2.98,106643.810095505,703190.751036568,619440.181562606,556161.311474321,612372.07642532,946973.652584178,1321312.75784218,803103.825056771,1274117.4901007,1475172.52443398,812074.497683018,416972.149828888,389371.646159475,1301596.35355315,1717914.30931347,1939354.34087979,1926253.8811828,1922684.04922924,453621.728482259,1037768.43874167,1187663.82013499,1154652.50387516,1088911.95596061,800024.28716986,923788.736228721,987279.197813527,1183204.51072229,2026204.34481617,979951.809901223,492262.305938295,482579.674489614,1195886.09808827,1728561.71758534,1310891.28306709,1897881.48333333,1923684.52482779,1897056.35860215,1898624.89502044,139902.268598806,131017.361188141,271788.413415894,468548.565246971,665207.481135896,847945.156807646,597091.179284478,444338.14157647,379903.366740211,244745.858700225,333323.903265501,560555.058082044,597255.1152745,965259.708043522,369187.586024137,504857.199855866,403765.487423761,346501.005531824,629216.020857205,907191.636213639,1242502.44595714,900340.913726557,TRUE,FALSE,FALSE,FALSE,FALSE,FALSE,FALSE,FALSE,FALSE,FALSE,FALSE,FALSE,FALSE,FALSE,FALSE,FALSE,FALSE,FALSE,FALSE,FALSE,FALSE,FALSE,FALSE,FALSE,FALSE,FALSE,FALSE,FALSE,FALSE,FALSE,FALSE,FALSE,FALSE,FALSE,FALSE,FALSE,FALSE,FALSE,FALSE,FALSE,FALSE,FALSE,FALSE,FALSE,FALSE,FALSE,FALSE,FALSE,TRUE,FALSE,FALSE,FALSE,FALSE,FALSE,FALSE,FALSE,FALSE,TRUE,FALSE,FALSE,FALSE,FALSE,FALSE,FALSE,FALSE,FALSE,FALSE,FALSE,FALSE,FALSE,FALSE,FALSE,FALSE,FALSE,FALSE,FALSE,FALSE,FALSE,FALSE,FALSE,FALSE,FALSE,FALSE,FALSE,FALSE,FALSE,FALSE,FALSE,FALSE,FALSE,FALSE,FALSE,FALSE,FALSE,FALSE,FALSE,FALSE,FALSE,FALSE,FALSE,FALSE,FALSE,FALSE,FALSE,FALSE,FALSE,FALSE,FALSE,FALSE,FALSE,FALSE,FALSE,FALSE,FALSE
"14 Before",2023-11-14 12:43:07.35,"2023-11-14","12H 43M 7.35S","Before","Aurora","V0333","Flow Core",2130,359,577,782,499,347,489,419,509,289,378,389,574,984,662,1210,184,184,283,346,254,184,218,197,266,404,269,295,234,216,228,312,577,324,546,546,165,165,1036,461,485,462,469,300,566,456,712,533,325,413,679,642,201,324,383,307,236,338,583,256,-20.075,0,20.375,39.475,1.16,1.11,0.94,1.05,6.79,5.35,1.71,1.79,1.65,1.72,1.82,1.82,1.89,1.92,1.83,1.8,2.17,2.99,3.23,5.51,3.74,4.2,2.41,2.03,1.83,1.6,1.67,1.68,1.7,1.6,1.64,1.65,1.44,1.43,1.35,1.52,1.94,4.65,2.49,2.05,3.35,3.92,4.66,4.57,4.43,4.24,4.15,3.91,3.87,3.83,4.01,4.02,4.11,4.15,4.63,6.41,1.98,2.19,2.1,1.88,1.83,2.3,2.48,2.91,102475.306106711,717253.113845749,652088.032963448,584908.053593237,635315.045160215,976553.855479053,1373130.43917392,841373.980990632,1344214.2233575,1589407.20860926,869553.466707992,451371.179990744,408163.43124012,1310923.23115324,1657675.69412251,1747001.63993543,1960129.53211253,1982312.25453918,488824.638942948,1117491.73568302,1223424.7206712,1157400.89715522,1105606.80754104,864585.849562578,1035947.1189541,1115251.86011374,1293796.72128543,2110907.61756043,952250.259142598,500340.013675335,513921.56629335,1353527.19471708,1966555.60564966,1399527.40860105,1939824.37287686,2011440.31673488,2061520.83001592,2085114.8967868,149493.625691537,140267.120259903,296399.550962867,515846.592001373,743524.675821263,943221.967983602,671679.189766335,497762.293526781,425875.417753087,271080.418361773,353211.812890749,592171.452627857,615982.333738618,949242.493505106,406853.628343003,574519.688144583,449990.922744526,375733.760370713,661148.574619978,927885.40363499,1234593.03471233,850161.083704153,TRUE,FALSE,FALSE,FALSE,FALSE,FALSE,FALSE,FALSE,FALSE,FALSE,FALSE,FALSE,FALSE,FALSE,FALSE,FALSE,FALSE,FALSE,FALSE,FALSE,FALSE,FALSE,FALSE,FALSE,FALSE,FALSE,FALSE,FALSE,FALSE,FALSE,FALSE,FALSE,FALSE,FALSE,FALSE,FALSE,FALSE,FALSE,FALSE,FALSE,FALSE,FALSE,FALSE,FALSE,FALSE,FALSE,FALSE,FALSE,TRUE,FALSE,FALSE,FALSE,FALSE,FALSE,FALSE,FALSE,FALSE,TRUE,FALSE,FALSE,FALSE,FALSE,FALSE,FALSE,FALSE,FALSE,FALSE,FALSE,FALSE,FALSE,FALSE,FALSE,FALSE,FALSE,FALSE,FALSE,FALSE,FALSE,FALSE,FALSE,FALSE,FALSE,FALSE,FALSE,FALSE,FALSE,FALSE,FALSE,FALSE,FALSE,FALSE,FALSE,FALSE,FALSE,FALSE,FALSE,FALSE,FALSE,FALSE,FALSE,FALSE,FALSE,FALSE,FALSE,FALSE,FALSE,FALSE,FALSE,FALSE,FALSE,FALSE,FALSE,FALSE,FALSE
"10 After",2023-11-10 09:38:16.36,"2023-11-10","9H 38M 16.36S","After","Aurora","V0333","Flow Core",2130,359,577,782,499,347,489,419,509,289,378,389,574,984,662,1210,184,184,283,346,254,184,218,197,266,404,269,295,234,216,228,312,577,324,546,546,165,165,1036,461,485,462,469,300,566,456,712,533,325,413,679,642,201,324,383,307,236,338,583,256,-20.075,0,20.375,39.475,1.16,1.11,0.94,1.05,7.43,6.7,1.82,1.56,1.49,1.55,1.6,1.59,1.57,1.72,1.58,1.58,1.57,1.63,2.75,5.53,3.85,4.38,2.11,1.89,1.95,1.94,1.97,1.83,1.77,1.64,1.78,1.82,1.76,1.62,1.55,1.61,1.8,4.24,3.31,3.61,2.66,3.52,2.76,2.46,2.28,2.12,2.06,1.96,1.9,1.85,2.1,2.08,2.09,2.2,2.75,4.35,2,2.3,2.13,1.97,1.87,2.47,2.67,3.04,118883.576518327,751733.583744328,677796.649093461,615313.455232678,662036.012067185,1011215.87026365,1431926.65735056,870412.536409228,1375860.53723727,1602316.80747069,877585.063560918,451667.714874954,432632.922479697,1503786.01490685,1891578.6096781,2271205.51711703,1990394.82389503,1985955.11815122,472383.801640715,1089749.48861163,1240331.81310359,1216675.44823411,1143633.36387554,844822.061699719,968626.682054348,1037906.93250082,1234017.59616028,2135815.63744426,1020611.67729778,514933.1915321,505321.871452153,1259465.57684924,1830576.92969366,1377566.45789264,1966672.65918508,1992548.83571089,1996578.15814917,1988149.76516624,144469.075854774,135180.660066398,283085.353689701,490537.510696564,702954.638607722,889734.312707965,636728.015233422,466594.657787359,400269.809150122,257592.599933163,346229.819952068,586613.43399764,625087.436074456,1010652.42385457,389760.421500334,531331.649053258,420341.264861875,358014.465151478,665521.74941824,953048.013032617,1310608.95694176,946203.5721723,TRUE,TRUE,FALSE,FALSE,FALSE,FALSE,FALSE,FALSE,FALSE,FALSE,FALSE,FALSE,FALSE,FALSE,FALSE,FALSE,FALSE,FALSE,FALSE,FALSE,FALSE,FALSE,FALSE,FALSE,FALSE,FALSE,FALSE,FALSE,FALSE,FALSE,FALSE,FALSE,FALSE,FALSE,FALSE,FALSE,FALSE,FALSE,FALSE,FALSE,FALSE,FALSE,FALSE,FALSE,FALSE,FALSE,FALSE,FALSE,FALSE,FALSE,FALSE,FALSE,FALSE,FALSE,FALSE,FALSE,FALSE,TRUE,FALSE,FALSE,FALSE,FALSE,FALSE,FALSE,FALSE,FALSE,FALSE,FALSE,FALSE,FALSE,FALSE,FALSE,FALSE,FALSE,FALSE,FALSE,FALSE,FALSE,FALSE,FALSE,FALSE,FALSE,FALSE,FALSE,FALSE,FALSE,FALSE,FALSE,FALSE,FALSE,FALSE,FALSE,FALSE,FALSE,FALSE,FALSE,FALSE,FALSE,FALSE,FALSE,FALSE,FALSE,FALSE,FALSE,FALSE,FALSE,FALSE,FALSE,FALSE,FALSE,FALSE,FALSE,FALSE,FALSE
"10 Before",2023-11-10 09:34:42.17,"2023-11-10","9H 34M 42.17S","Before","Aurora","V0333","Flow Core",2124,361,561,755,490,343,483,413,499,286,378,381,564,979,668,1215,185,185,279,344,259,189,218,193,257,412,280,305,233,207,216,301,564,330,562,562,162,162,1007,451,473,459,461,295,553,447,707,518,323,408,668,634,206,333,392,314,241,345,592,261,-20,0,20.45,39.6,1.16,1.1,0.92,1.04,7.82,6.46,1.79,1.45,1.44,1.5,1.6,1.63,1.63,1.76,1.68,1.68,1.7,2.07,2.95,5.78,3.77,4.16,2.06,1.94,2.01,1.99,2.01,1.86,1.79,1.7,1.8,1.87,1.8,1.62,1.57,1.55,1.76,4.38,3.59,3.79,2.73,3.61,2.87,2.52,2.42,2.3,2.2,2.04,2.01,1.94,2.18,2.14,2.13,2.27,2.9,4.66,1.95,2.23,2.1,1.88,1.75,2.36,2.55,3.04,116730.308586992,746615.29442057,660999.959920265,597475.923878098,647066.871581305,1002012.97046756,1415890.70629911,861175.590899158,1354966.87454664,1577208.18536442,876509.485918161,444985.942448227,423310.980497749,1484327.23229879,1891318.83414493,2248240.30831335,2006104.94630282,2002986.28880672,468989.829842127,1081813.29276997,1270959.02556204,1252308.87255576,1145660.78405649,825336.157177311,942940.13332286,1056079.60289221,1286790.65872117,2202458.42741389,1023997.52043645,495428.167215661,480112.203107008,1216472.5771229,1794900.2434488,1405399.75321532,2028301.98532864,2040630.78166722,1958006.65815728,1940645.49768855,140298.943683993,132325.246881784,273148.378664491,479505.277803366,684783.88945038,860370.244042996,611698.597274104,455791.172957545,397304.123549044,251218.513693794,341389.179381938,573000.242523384,611244.576215105,988743.336655201,398395.682473085,540196.912286366,428728.411082018,363483.013318451,669401.038270813,962429.803943059,1318291.955182,950881.673625181,TRUE,TRUE,FALSE,FALSE,FALSE,FALSE,FALSE,FALSE,FALSE,FALSE,FALSE,FALSE,FALSE,FALSE,FALSE,FALSE,FALSE,FALSE,FALSE,FALSE,FALSE,FALSE,FALSE,FALSE,FALSE,FALSE,FALSE,FALSE,FALSE,FALSE,FALSE,FALSE,FALSE,FALSE,FALSE,FALSE,FALSE,FALSE,FALSE,FALSE,FALSE,FALSE,FALSE,FALSE,FALSE,FALSE,FALSE,FALSE,FALSE,FALSE,FALSE,FALSE,FALSE,FALSE,FALSE,FALSE,FALSE,TRUE,FALSE,FALSE,FALSE,FALSE,FALSE,FALSE,FALSE,FALSE,FALSE,FALSE,FALSE,FALSE,FALSE,FALSE,FALSE,FALSE,FALSE,FALSE,FALSE,FALSE,FALSE,FALSE,FALSE,FALSE,FALSE,FALSE,FALSE,FALSE,FALSE,FALSE,FALSE,FALSE,FALSE,FALSE,FALSE,FALSE,FALSE,FALSE,FALSE,FALSE,FALSE,FALSE,FALSE,FALSE,FALSE,FALSE,FALSE,FALSE,FALSE,FALSE,FALSE,FALSE,FALSE,FALSE,FALSE,FALSE
"09 After",2023-11-09 09:37:00.38,"2023-11-09","9H 37M 0.38S","After","Aurora","V0333","Flow Core",2124,361,561,755,490,343,483,413,499,286,378,381,564,979,668,1215,185,185,279,344,259,189,218,193,257,412,280,305,233,207,216,301,564,330,562,562,162,162,1007,451,473,459,461,295,553,447,707,518,323,408,668,634,206,333,392,314,241,345,592,261,-20,0,20.45,39.6,1.16,1.1,0.92,1.04,7.67,6.26,1.92,1.82,1.68,1.73,1.86,1.86,1.9,1.98,1.88,1.83,2.3,3.24,3.32,6.25,3.78,4.2,2.49,2.03,1.91,1.79,2.02,2,1.88,1.66,1.71,1.75,1.69,1.61,1.55,1.63,1.97,4.88,4.01,3.48,1.41,2.2,2.16,1.82,1.62,1.61,1.63,1.67,1.61,1.6,1.73,1.71,1.69,1.74,2.15,3.3,1.92,2.22,2.06,1.88,1.76,2.36,2.48,2.96,112279.145118588,742667.872857144,645474.813323935,578949.1847353,632594.841274382,987281.735790182,1388314.88274964,847092.982179196,1333982.15228515,1576605.36047415,867032.671066256,440190.159311762,409008.579489555,1403593.95130079,1832249.47351471,2125483.90016484,2013711.73232551,2015370.6805584,482040.428812585,1096839.81941493,1252769.57748144,1215138.0745098,1152966.84530272,853651.251112196,980182.955386533,1045350.11868451,1254765.12011743,2135729.62317666,1028172.21855856,513840.571003202,510478.690117055,1273275.42875057,1851050.26301474,1388700.75161055,1994935.71344765,2013103.07828512,2004934.10273767,1996780.14647898,145051.842473326,136419.034363119,281591.30394429,494366.556160917,710123.808598133,889887.473410417,630213.035007434,468576.112294933,407798.690456218,258171.098542622,350515.93044909,588651.675067624,627410.371973387,1019239.80052933,391840.873989804,536522.065139237,424895.629504756,360848.818454791,667185.310988076,961675.707696775,1318213.16690295,950400.79440805,TRUE,TRUE,FALSE,FALSE,FALSE,FALSE,FALSE,FALSE,FALSE,FALSE,FALSE,FALSE,FALSE,FALSE,FALSE,TRUE,FALSE,FALSE,FALSE,FALSE,FALSE,FALSE,FALSE,FALSE,FALSE,FALSE,FALSE,FALSE,FALSE,FALSE,FALSE,FALSE,FALSE,FALSE,FALSE,FALSE,FALSE,FALSE,FALSE,FALSE,FALSE,FALSE,FALSE,FALSE,FALSE,FALSE,FALSE,FALSE,FALSE,FALSE,FALSE,FALSE,FALSE,FALSE,FALSE,FALSE,FALSE,TRUE,FALSE,FALSE,FALSE,FALSE,FALSE,FALSE,FALSE,FALSE,FALSE,FALSE,FALSE,FALSE,FALSE,FALSE,FALSE,FALSE,FALSE,FALSE,FALSE,FALSE,FALSE,FALSE,FALSE,FALSE,FALSE,FALSE,FALSE,FALSE,FALSE,FALSE,FALSE,FALSE,FALSE,FALSE,FALSE,FALSE,FALSE,FALSE,FALSE,FALSE,FALSE,FALSE,FALSE,FALSE,FALSE,FALSE,FALSE,FALSE,FALSE,FALSE,FALSE,FALSE,FALSE,FALSE,FALSE,FALSE
"09 Before",2023-11-09 09:27:57.11,"2023-11-09","9H 27M 57.11S","Before","Aurora","V0333","Flow Core",1976,355,562,757,495,342,478,410,492,286,367,369,539,912,639,1141,185,185,282,347,256,184,217,195,264,401,273,294,226,207,222,310,582,336,566,566,163,163,998,450,466,454,456,293,542,438,687,509,320,408,677,649,190,306,363,298,234,339,594,267,-19.975,0,20.4,39.525,1.16,1.11,0.93,1.05,8,6.12,2,1.95,1.84,1.91,2.09,2.1,2.15,2.17,2.14,2.12,2.7,3.88,3.81,6.71,3.81,4.24,2.39,2,1.94,1.85,2.05,1.97,1.87,1.69,1.74,1.79,1.68,1.61,1.54,1.72,2.21,5.55,5.1,4.77,1.62,2,2,1.68,1.5,1.53,1.58,1.66,1.62,1.57,1.73,1.69,1.63,1.65,2.01,2.99,2.18,2.43,2.28,2.1,1.95,2.51,2.6,2.94,101669.906020261,740565.663083193,648749.164162846,580726.954608232,645195.266389767,995587.455502412,1395150.11098098,850506.451907041,1334437.4339578,1625948.9055369,836503.16739116,422835.355679988,387172.851085536,1274813.60980617,1726308.62362813,1938366.35697849,2004707.44538681,2015690.24799839,485136.614108459,1101474.04621106,1238432.73688908,1193423.01057046,1149050.43385254,858550.706932618,999210.005501773,1028472.69165534,1269046.05529341,2167923.81681983,1003469.87999181,509067.990466788,516730.295447642,1292987.68634718,1883457.40677691,1419015.08977968,2018811.14735257,2051785.41089007,2022526.07205136,2045160.01851338,147189.624653671,136446.006718526,280886.732449593,498316.690427272,727574.708388119,927409.360890495,623497.357242619,464790.374851608,391083.576045196,249475.251385455,348368.62447966,593820.385759196,638194.807432822,1059310.83998196,337229.124891534,476935.021658666,377506.324180073,325878.025755923,638572.46936325,937075.269516204,1310415.66656697,967535.264963234,TRUE,TRUE,FALSE,FALSE,FALSE,FALSE,FALSE,FALSE,FALSE,FALSE,FALSE,FALSE,FALSE,FALSE,FALSE,TRUE,FALSE,FALSE,FALSE,FALSE,FALSE,FALSE,FALSE,FALSE,FALSE,FALSE,FALSE,FALSE,FALSE,FALSE,FALSE,FALSE,FALSE,FALSE,FALSE,FALSE,FALSE,FALSE,FALSE,FALSE,FALSE,FALSE,FALSE,FALSE,FALSE,FALSE,FALSE,FALSE,FALSE,FALSE,FALSE,FALSE,FALSE,FALSE,FALSE,FALSE,FALSE,TRUE,FALSE,FALSE,FALSE,FALSE,FALSE,FALSE,FALSE,FALSE,FALSE,FALSE,FALSE,FALSE,FALSE,FALSE,FALSE,FALSE,FALSE,FALSE,FALSE,FALSE,FALSE,FALSE,FALSE,FALSE,FALSE,FALSE,FALSE,FALSE,FALSE,FALSE,FALSE,FALSE,FALSE,FALSE,FALSE,FALSE,FALSE,FALSE,FALSE,FALSE,FALSE,FALSE,FALSE,FALSE,FALSE,FALSE,FALSE,FALSE,FALSE,FALSE,FALSE,FALSE,FALSE,FALSE,FALSE,FALSE
"08 After",2023-11-08 10:28:56.6,"2023-11-08","10H 28M 56.6S","After","Aurora","V0333","Flow Core",1976,355,562,757,495,342,478,410,492,286,367,369,539,912,639,1141,185,185,282,347,256,184,217,195,264,401,273,294,226,207,222,310,582,336,566,566,163,163,998,450,466,454,456,293,542,438,687,509,320,408,677,649,190,306,363,298,234,339,594,267,-19.975,0,20.4,39.525,1.16,1.11,0.93,1.05,8.06,6.59,1.95,1.82,1.67,1.74,1.86,1.86,1.94,2.06,1.95,1.94,2.52,3.6,3.72,6.8,3.88,4.34,2.09,1.92,1.96,1.95,2.05,1.89,1.78,1.67,1.76,1.82,1.74,1.6,1.53,1.56,1.79,4.27,2.74,2.33,1.39,2.49,2.63,2.25,2.06,1.99,2.01,1.94,1.88,1.84,2.05,2.04,2.03,2.1,2.61,4.01,1.97,2.24,2.12,1.91,1.84,2.51,2.72,3.28,97844.8003312155,709851.474154954,626939.901137609,558864.483669258,624900.312185787,961207.138200083,1350798.14048861,826673.35995677,1281885.61386247,1535309.98443163,824137.801818838,418993.100941949,381274.749701758,1239407.74472802,1664753.13547285,1809416.67142772,2001129.08845,1999374.41580834,473721.423157543,1089036.10532244,1246482.2539083,1213953.47155535,1139543.81670357,836937.580346744,974392.215930361,1028440.66468444,1245886.65664513,2140724.82191578,1015446.88853032,509180.565260622,505502.467772436,1258486.27160823,1829766.54894699,1380494.2816001,1981874.4242,2008027.34782852,2000279.69545,2003165.39073498,145470.810345295,135389.232958969,280681.017495339,491176.70321376,700455.139028676,891130.907295416,625863.109595662,470632.835511137,398120.157780578,252846.10367504,348340.973925072,588896.458356283,624332.255954365,1010411.35912308,385610.757504881,529709.240152663,420935.787233023,356987.935242865,660430.794439631,948593.193810579,1303660.1820964,940850.046345571,TRUE,TRUE,FALSE,FALSE,FALSE,FALSE,FALSE,FALSE,FALSE,FALSE,FALSE,FALSE,FALSE,FALSE,FALSE,TRUE,FALSE,FALSE,FALSE,FALSE,FALSE,FALSE,FALSE,FALSE,FALSE,FALSE,FALSE,FALSE,FALSE,FALSE,FALSE,FALSE,FALSE,FALSE,FALSE,FALSE,FALSE,FALSE,FALSE,FALSE,FALSE,FALSE,FALSE,FALSE,FALSE,FALSE,FALSE,FALSE,FALSE,FALSE,FALSE,FALSE,FALSE,FALSE,FALSE,FALSE,FALSE,TRUE,FALSE,FALSE,FALSE,FALSE,FALSE,FALSE,FALSE,FALSE,FALSE,FALSE,FALSE,FALSE,FALSE,FALSE,FALSE,FALSE,FALSE,FALSE,FALSE,FALSE,FALSE,FALSE,FALSE,FALSE,FALSE,FALSE,FALSE,FALSE,FALSE,FALSE,FALSE,FALSE,FALSE,FALSE,FALSE,FALSE,FALSE,FALSE,FALSE,FALSE,FALSE,FALSE,FALSE,FALSE,FALSE,FALSE,FALSE,FALSE,FALSE,FALSE,FALSE,FALSE,FALSE,FALSE,FALSE,FALSE
"08 Before",2023-11-08 10:06:35.12,"2023-11-08","10H 6M 35.12S","Before","Aurora","V0333","Flow Core",2076,366,585,792,512,353,497,425,511,291,380,387,573,989,670,1208,186,186,277,338,257,190,220,193,254,409,280,309,237,208,214,295,552,330,554,554,158,158,1003,451,470,457,457,296,558,447,703,522,323,410,671,635,204,330,392,312,240,344,595,262,-19.95,0,20.425,39.5,1.16,1.1,0.92,1.04,7.47,6.22,1.91,1.91,1.74,1.79,1.93,1.92,1.95,1.93,1.9,1.89,2.35,3.13,3.21,5.96,3.76,4.22,2.03,1.88,1.94,1.92,2.02,1.86,1.77,1.66,1.72,1.77,1.7,1.59,1.49,1.54,1.83,4.51,3.22,2.86,1.27,2.24,2.29,1.92,1.75,1.7,1.72,1.73,1.68,1.67,1.83,1.83,1.79,1.88,2.37,3.57,1.99,2.24,2.12,1.89,1.79,2.44,2.59,3.13,100595.545624939,719339.396329232,660455.014882839,584718.576793276,645625.124826362,1001017.84841453,1413742.02806981,850420.708642065,1341757.7077837,1566268.17668632,859434.521395846,444199.585379385,403870.853391905,1314055.7997009,1705884.96659164,1829923.54009921,2019153.89515,2025887.79412192,469937.404476055,1077204.24147922,1273868.72353784,1268902.70584111,1173325.5963694,838567.477997809,937273.863725778,1066063.24718557,1299024.78941546,2258529.68521726,1072852.05002965,521357.336032082,491213.551113553,1215006.12273657,1758713.40419091,1368123.5707614,1956635.65155,1966659.95118398,1958670.9864,1958336.12600677,146295.0033345,137933.555552391,286465.360580273,501264.772351218,704776.180520042,906398.032877758,654372.188733178,482286.310181001,410470.524667362,264461.40821973,355349.813944714,599114.882231417,624486.713640946,994858.647171647,420765.592040525,569698.493934065,456124.908289207,383459.989873108,681962.932343262,967413.506704095,1313531.1755186,933226.25737,TRUE,TRUE,FALSE,FALSE,FALSE,FALSE,FALSE,FALSE,FALSE,FALSE,FALSE,FALSE,FALSE,FALSE,FALSE,FALSE,FALSE,FALSE,FALSE,FALSE,FALSE,FALSE,FALSE,FALSE,FALSE,FALSE,FALSE,FALSE,FALSE,FALSE,FALSE,FALSE,FALSE,FALSE,FALSE,FALSE,FALSE,FALSE,FALSE,FALSE,FALSE,FALSE,FALSE,FALSE,FALSE,FALSE,FALSE,FALSE,FALSE,FALSE,FALSE,FALSE,FALSE,FALSE,FALSE,FALSE,FALSE,TRUE,FALSE,FALSE,FALSE,FALSE,FALSE,FALSE,FALSE,FALSE,FALSE,FALSE,FALSE,FALSE,FALSE,FALSE,FALSE,FALSE,FALSE,FALSE,FALSE,FALSE,FALSE,FALSE,FALSE,FALSE,FALSE,FALSE,FALSE,FALSE,FALSE,FALSE,FALSE,FALSE,FALSE,FALSE,FALSE,FALSE,FALSE,FALSE,FALSE,FALSE,FALSE,FALSE,FALSE,FALSE,FALSE,FALSE,FALSE,FALSE,FALSE,FALSE,FALSE,FALSE,FALSE,FALSE,FALSE,FALSE
"04 After",2023-11-07 09:28:44.36,"2023-11-07","9H 28M 44.36S","After","Aurora","V0333","Flow Core",2076,366,585,792,512,353,497,425,511,291,380,387,573,989,670,1208,186,186,277,338,257,190,220,193,254,409,280,309,237,208,214,295,552,330,554,554,158,158,1003,451,470,457,457,296,558,447,703,522,323,410,671,635,204,330,392,312,240,344,595,262,-19.95,0,20.425,39.5,1.16,1.1,0.92,1.04,7.46,6.21,1.8,1.63,1.65,1.79,1.85,1.9,1.91,2.02,1.96,1.89,1.89,2.15,2.88,5.58,3.86,4.28,2.65,2.13,1.94,1.81,2.02,2.02,1.91,1.7,1.72,1.76,1.7,1.64,1.57,1.62,1.89,4.51,2.65,2.2,4.27,4.87,5.32,5.25,5.19,4.92,4.83,4.56,4.49,4.5,4.66,4.68,4.72,4.81,5.35,7.36,1.95,2.18,2.03,1.86,1.82,2.42,2.52,3.03,116983.561922819,743485.298648826,680844.956355223,610297.800597358,662543.020784897,1021585.87476048,1454391.98542961,868769.990571243,1379306.901313,1598697.74782039,868625.127489999,448609.007917761,429009.147109403,1485894.25685937,1860770.63184338,2178767.87665823,1997296.33367983,2002113.42973578,474018.747604169,1090121.30070876,1255176.0452626,1215721.00406666,1147850.06698212,850353.505958397,965593.641897028,1045793.45354365,1239801.01498078,2112398.06705094,1024523.59011822,516816.746476709,508020.491288199,1265526.71519966,1829171.46780141,1387149.98754555,1990408.48544699,2008748.80906985,1969100.91216216,1968328.19087701,143602.116636687,135314.860595529,278945.139561551,487620.008137678,688711.609259938,884675.065327987,632371.241002928,463235.446120042,394658.812161432,254837.196975542,345875.492984434,587106.133078543,618138.844175629,1005532.80012037,393347.643221668,535273.303642543,428121.671827252,364101.76080503,665099.644809429,955544.126842096,1314971.92852433,950775.673989831,TRUE,TRUE,FALSE,FALSE,FALSE,FALSE,FALSE,FALSE,FALSE,FALSE,FALSE,FALSE,FALSE,FALSE,FALSE,FALSE,FALSE,FALSE,FALSE,FALSE,FALSE,FALSE,FALSE,FALSE,FALSE,FALSE,FALSE,FALSE,FALSE,FALSE,FALSE,FALSE,FALSE,FALSE,FALSE,FALSE,FALSE,FALSE,FALSE,FALSE,FALSE,FALSE,FALSE,FALSE,FALSE,FALSE,FALSE,FALSE,TRUE,FALSE,FALSE,FALSE,FALSE,FALSE,FALSE,FALSE,FALSE,TRUE,FALSE,FALSE,FALSE,FALSE,FALSE,FALSE,FALSE,FALSE,FALSE,FALSE,FALSE,FALSE,FALSE,FALSE,FALSE,FALSE,FALSE,FALSE,FALSE,FALSE,FALSE,FALSE,FALSE,FALSE,FALSE,FALSE,FALSE,FALSE,FALSE,FALSE,FALSE,FALSE,FALSE,FALSE,FALSE,FALSE,FALSE,FALSE,FALSE,FALSE,FALSE,FALSE,FALSE,FALSE,FALSE,FALSE,FALSE,FALSE,FALSE,FALSE,FALSE,FALSE,FALSE,FALSE,FALSE,FALSE
"04 Before",2023-11-07 09:17:58.74,"2023-11-07","9H 17M 58.74S","Before","Aurora","V0333","Flow Core",2127,363,582,784,505,346,489,420,508,287,379,386,574,1009,676,1249,187,187,287,344,250,183,225,203,269,398,263,289,240,224,235,314,573,319,561,561,159,159,1017,454,471,455,458,296,554,451,704,521,322,408,667,633,204,328,392,315,241,346,597,263,-20,0,20.425,39.55,1.15,1.1,0.91,1.05,7.19,5.94,1.85,1.76,1.84,1.98,2.07,2.07,2.11,2.22,2.11,2.07,1.88,1.71,2.61,5.07,3.71,4.2,2.56,2.08,1.94,1.8,2.08,2.07,1.94,1.72,1.72,1.79,1.72,1.67,1.61,1.73,2.18,5.17,3.39,2.89,3.01,3.33,4.69,4.54,4.44,4.24,4.27,4.08,4.02,3.89,4.12,4.07,4.09,4.02,4.62,6.64,2.24,2.5,2.37,2.15,2.03,2.62,2.63,2.92,109072.368384868,733283.564715851,651620.390369232,586299.097205019,636797.3616047,982414.662649428,1381415.34174003,841355.85443232,1326959.83922488,1550604.52142964,855059.759591201,435662.640705321,407963.309582862,1384009.00041855,1795059.73408361,2056656.6738927,2011708.91101695,2007832.0352866,488359.263756264,1090390.7375066,1207995.87082964,1164405.18614825,1172013.92820263,898666.70801535,1021615.65390488,996169.832796515,1161860.20851001,1992596.59377169,1053715.4923311,549665.938954068,553046.549818861,1321548.60675479,1868708.54321102,1330741.79709325,1996242.16646489,2032771.3964962,2010992.1159201,2023013.08887045,150729.187790214,138735.193220367,285541.274300107,497457.283781217,701770.234230541,900999.25898196,633411.997689155,480026.716388067,402264.448071858,260428.353322651,351106.003076803,591233.091085685,625664.993466223,1025431.75280634,393192.619916883,534418.240358071,427371.512516738,363693.823491486,666577.689194439,958846.836941012,1322967.39677818,954377.039126964,TRUE,FALSE,FALSE,FALSE,FALSE,FALSE,FALSE,FALSE,FALSE,FALSE,FALSE,FALSE,FALSE,FALSE,FALSE,FALSE,FALSE,FALSE,FALSE,FALSE,FALSE,FALSE,FALSE,FALSE,FALSE,FALSE,FALSE,FALSE,FALSE,FALSE,FALSE,FALSE,FALSE,FALSE,FALSE,FALSE,FALSE,FALSE,FALSE,FALSE,FALSE,FALSE,FALSE,FALSE,FALSE,FALSE,FALSE,FALSE,TRUE,FALSE,FALSE,FALSE,FALSE,FALSE,FALSE,FALSE,FALSE,TRUE,FALSE,FALSE,FALSE,FALSE,FALSE,FALSE,FALSE,FALSE,FALSE,FALSE,FALSE,FALSE,FALSE,FALSE,FALSE,FALSE,FALSE,FALSE,FALSE,FALSE,FALSE,FALSE,FALSE,FALSE,FALSE,FALSE,FALSE,FALSE,FALSE,FALSE,FALSE,FALSE,FALSE,FALSE,FALSE,FALSE,FALSE,FALSE,FALSE,FALSE,FALSE,FALSE,FALSE,FALSE,FALSE,FALSE,FALSE,FALSE,FALSE,FALSE,FALSE,FALSE,FALSE,FALSE,FALSE,FALSE
"03 After",2023-11-03 09:40:57.33,"2023-11-03","9H 40M 57.33S","After","Aurora","V0333","Flow Core",2127,363,582,784,505,346,489,420,508,287,379,386,574,1009,676,1249,187,187,287,344,250,183,225,203,269,398,263,289,240,224,235,314,573,319,561,561,159,159,1017,454,471,455,458,296,554,451,704,521,322,408,667,633,204,328,392,315,241,346,597,263,-20,0,20.425,39.55,1.15,1.1,0.91,1.05,7.39,5.9,1.76,1.63,1.68,1.85,1.95,1.99,1.97,2.07,2.02,1.99,2.18,2.85,3.36,6.06,3.67,4.11,1.97,1.97,2.13,2.02,1.89,1.79,1.73,1.66,1.78,1.83,1.67,1.55,1.48,1.59,1.88,4.83,1.62,1.32,2.25,2.8,3.67,3.48,3.32,3.09,3.03,2.83,2.77,2.74,2.94,2.92,2.97,3.03,3.6,5.58,1.93,2.17,2.06,1.85,1.76,2.31,2.5,2.97,121658.374206137,754157.831340212,686447.284303529,620217.004872893,667460.007440766,1016862.71051298,1438463.98979603,874652.093638462,1386146.68254659,1598043.83645712,885846.911883587,450535.239866786,438741.042975588,1558859.02320103,1932303.48625292,2321634.85993822,2017340.18555,2018879.34742301,474223.27795128,1092647.58132504,1251348.39967507,1219648.78381604,1145578.42135142,851973.149399148,978881.096223804,1039734.85305062,1249296.33141239,2134487.12110368,1037355.13641649,515936.487120621,508711.301642302,1265608.63245815,1825827.73040528,1374401.09356115,1990108.2467,2019939.25424336,1999158.07825,2009205.30293247,146634.172755072,135175.471715054,281798.961693858,494523.678513913,696965.337324818,897679.404688727,628693.759571593,476526.081518537,399200.384386925,258661.085728767,348706.400825892,586337.344802241,620690.138326162,1012361.15525321,391814.935952164,533494.372523978,426882.943042767,362576.036382646,665495.205843202,954665.467471607,1315361.52532385,945333.928139667,TRUE,FALSE,FALSE,FALSE,FALSE,FALSE,FALSE,FALSE,FALSE,FALSE,FALSE,FALSE,FALSE,FALSE,FALSE,TRUE,FALSE,FALSE,FALSE,FALSE,FALSE,FALSE,FALSE,FALSE,FALSE,FALSE,FALSE,FALSE,FALSE,FALSE,FALSE,FALSE,FALSE,FALSE,FALSE,FALSE,FALSE,FALSE,FALSE,FALSE,FALSE,FALSE,FALSE,FALSE,FALSE,FALSE,FALSE,FALSE,FALSE,FALSE,FALSE,FALSE,FALSE,FALSE,FALSE,FALSE,FALSE,TRUE,FALSE,FALSE,FALSE,FALSE,FALSE,FALSE,FALSE,FALSE,FALSE,FALSE,FALSE,FALSE,FALSE,FALSE,FALSE,FALSE,FALSE,FALSE,FALSE,FALSE,FALSE,FALSE,FALSE,FALSE,FALSE,FALSE,FALSE,FALSE,FALSE,FALSE,FALSE,FALSE,FALSE,FALSE,FALSE,FALSE,FALSE,FALSE,FALSE,FALSE,FALSE,FALSE,FALSE,FALSE,FALSE,FALSE,FALSE,FALSE,FALSE,FALSE,FALSE,FALSE,FALSE,FALSE,FALSE,FALSE
"03 Before",2023-11-03 09:33:22.09,"2023-11-03","9H 33M 22.09S","Before","Aurora","V0333","Flow Core",2139,362,576,789,501,346,488,415,509,290,376,384,573,1005,672,1253,182,182,279,332,247,185,225,194,250,393,273,309,242,210,211,280,525,318,546,546,158,158,1024,457,478,461,466,302,555,450,706,528,325,413,680,649,195,315,373,304,234,336,585,258,-19.975,0,20.375,39.425,1.16,1.11,0.94,1.05,7.19,5.94,1.88,1.91,1.81,1.87,2.04,2.03,2.08,2.07,2.03,2,2.39,3.29,3.24,5.77,3.68,4.07,1.99,2.01,2.13,2.01,1.89,1.8,1.75,1.69,1.8,1.83,1.67,1.56,1.47,1.57,1.88,4.98,1.7,1.21,2.03,2.54,3.63,3.38,3.19,3,2.94,2.77,2.68,2.63,2.84,2.83,2.86,2.88,3.55,5.61,1.87,2.15,2.01,1.82,1.72,2.31,2.47,3.02,111424.637523983,740393.109415494,668419.177486495,609743.05039545,661444.317144101,1011761.26233314,1423426.01768585,854278.724151109,1368887.47829035,1614662.20167063,860642.233316976,442358.027452407,416131.330180524,1414784.0267546,1801922.22153341,2063397.88756935,1973103.8843,1998470.27126747,472196.568712112,1076888.55421875,1262003.16832785,1248758.5119532,1158458.99383946,820008.336607137,919169.19190787,1048017.41797453,1323191.39370827,2332924.55210878,1046143.32809914,488503.764477931,461129.889375542,1161071.19524954,1708516.1002572,1394655.61993139,1931789.12985,1977602.80537559,1989853.82935,2020844.85228087,148729.226208827,139194.048376747,290112.697100628,510650.769092291,734870.31584924,930953.035480752,637824.243670705,483493.257324029,405080.739310657,262323.12780423,358601.615204464,607417.582804684,647559.013447228,1062288.93884297,379317.279672962,523474.961078492,416466.906860358,357063.885421699,666939.11249372,962950.531224177,1338349.29976948,966039.956365427,TRUE,FALSE,FALSE,FALSE,FALSE,FALSE,FALSE,FALSE,FALSE,FALSE,FALSE,FALSE,FALSE,FALSE,FALSE,FALSE,FALSE,FALSE,FALSE,FALSE,FALSE,FALSE,FALSE,FALSE,FALSE,FALSE,FALSE,FALSE,FALSE,FALSE,FALSE,FALSE,FALSE,FALSE,FALSE,FALSE,FALSE,FALSE,FALSE,FALSE,FALSE,FALSE,FALSE,FALSE,FALSE,FALSE,FALSE,FALSE,FALSE,FALSE,FALSE,FALSE,FALSE,FALSE,FALSE,FALSE,FALSE,TRUE,FALSE,FALSE,FALSE,FALSE,FALSE,FALSE,FALSE,FALSE,FALSE,FALSE,FALSE,FALSE,FALSE,FALSE,FALSE,FALSE,FALSE,FALSE,FALSE,FALSE,FALSE,FALSE,FALSE,FALSE,FALSE,FALSE,FALSE,FALSE,FALSE,FALSE,FALSE,FALSE,FALSE,FALSE,FALSE,FALSE,FALSE,FALSE,FALSE,FALSE,FALSE,FALSE,FALSE,FALSE,FALSE,FALSE,FALSE,FALSE,FALSE,FALSE,FALSE,FALSE,FALSE,FALSE,FALSE,FALSE
"01 After",2023-11-01 10:27:22.89,"2023-11-01","10H 27M 22.89S","After","Aurora","V0333","Flow Core",2139,362,576,789,501,346,488,415,509,290,376,384,573,1005,672,1253,182,182,279,332,247,185,225,194,250,393,273,309,242,210,211,280,525,318,546,546,158,158,1024,457,478,461,466,302,555,450,706,528,325,413,680,649,195,315,373,304,234,336,585,258,-19.975,0,20.375,39.425,1.16,1.11,0.94,1.05,7.09,6.02,1.85,1.77,1.7,1.78,1.88,1.92,1.94,2.06,1.98,1.95,2.2,2.83,3.01,5.79,3.89,4.29,2.25,2.19,2.05,1.72,1.77,1.82,1.85,1.63,1.68,1.7,1.56,1.53,1.51,1.51,1.78,3.99,1.95,1.95,5.36,5.63,4.25,4.01,3.86,3.65,3.54,3.35,3.28,3.28,3.49,3.5,3.51,3.83,4.31,6.17,1.96,2.15,2.06,1.91,1.84,2.35,2.53,2.96,112814.413764352,731392.558665254,651581.389350594,589948.04187628,645745.574415514,992346.278984802,1393842.07933766,841662.387744832,1336794.85485182,1571022.01676481,851480.185328285,437855.652962546,410112.925559423,1390155.27028689,1795098.44949582,2045664.4324071,2004684.01245,2000852.32628417,477733.298478796,1084670.91377933,1248532.19374256,1216000.56245195,1149841.29572525,849386.513130551,969048.180173582,1043473.90591578,1244094.24448324,2123830.86235318,1021430.33338493,510928.259516946,509733.201619165,1270995.64642548,1845224.38057883,1391906.49512504,1993854.08915,2009223.78428125,1986664.653,1983400.74274699,146585.839308581,136917.774788937,283733.021686992,495531.447588796,705147.759316942,892335.777198983,623677.873393852,473988.32519297,397341.349480627,256937.915602918,350575.740301546,593109.64665456,629419.067924606,1025048.6695859,392889.816983407,537265.159016773,428157.51308628,365311.398835288,670822.100002289,960903.113463206,1328939.648023,954733.57007513,TRUE,TRUE,FALSE,FALSE,FALSE,FALSE,FALSE,FALSE,FALSE,FALSE,FALSE,FALSE,FALSE,FALSE,FALSE,FALSE,FALSE,FALSE,FALSE,FALSE,FALSE,FALSE,FALSE,FALSE,FALSE,FALSE,FALSE,FALSE,FALSE,FALSE,FALSE,FALSE,FALSE,FALSE,FALSE,FALSE,FALSE,FALSE,FALSE,FALSE,FALSE,FALSE,FALSE,FALSE,FALSE,FALSE,FALSE,FALSE,TRUE,FALSE,FALSE,FALSE,FALSE,FALSE,FALSE,FALSE,FALSE,TRUE,FALSE,FALSE,FALSE,FALSE,FALSE,FALSE,FALSE,FALSE,FALSE,FALSE,FALSE,FALSE,FALSE,FALSE,FALSE,FALSE,FALSE,FALSE,FALSE,FALSE,FALSE,FALSE,FALSE,FALSE,FALSE,FALSE,FALSE,FALSE,FALSE,FALSE,FALSE,FALSE,FALSE,FALSE,FALSE,FALSE,FALSE,FALSE,FALSE,FALSE,FALSE,FALSE,FALSE,FALSE,FALSE,FALSE,FALSE,FALSE,FALSE,FALSE,FALSE,FALSE,FALSE,FALSE,FALSE,FALSE
"01 before",2023-11-01 10:15:36.47,"2023-11-01","10H 15M 36.47S","Before","Aurora","V0333","Flow Core",1925,353,562,751,486,340,474,408,489,278,360,362,541,930,653,1194,185,185,287,345,251,186,228,198,258,383,264,303,246,213,214,283,533,332,543,543,161,161,1002,447,473,458,463,296,554,439,682,517,329,422,708,690,196,314,369,304,246,359,630,288,-19.95,0,20.5,39.65,1.15,1.1,0.91,1.05,6.92,5.94,1.79,1.66,1.65,1.79,1.9,1.91,1.92,2.05,1.92,1.87,1.86,1.99,2.7,5.46,3.74,4.12,2.3,2.23,2.05,1.72,1.8,1.84,1.84,1.64,1.68,1.68,1.55,1.5,1.47,1.49,1.84,4.4,2.05,1.9,5.55,5.74,4.75,4.62,4.49,4.22,4.13,3.9,3.82,3.83,4.01,4.04,4.13,4.43,4.98,7.07,1.98,2.2,2.09,1.92,1.78,2.34,2.49,2.92,108942.974845398,735484.474940869,660649.661100437,588979.941154214,645552.105584198,993145.000811655,1393493.77004013,851927.866010999,1336392.25754458,1538729.19283096,842234.319081743,427049.841690549,408200.599982947,1381470.57936125,1836125.5443065,2166731.33704187,2039369.04115,2023132.18226275,487157.156274604,1119414.5451384,1254293.48393227,1216345.04973263,1158997.82410102,862586.325183512,993590.22238987,1008282.97897455,1193113.66158436,2084746.91220201,1043713.61162209,516802.720201825,516180.074668938,1273658.46137008,1857953.46925254,1448284.9804504,1981526.8447,1973920.15034687,2035653.4159,2020226.70612151,143796.319635212,133626.568908419,279951.09278376,489341.735026211,694992.884713309,882724.981531579,626338.18258163,459996.031198853,388750.079018404,252381.08630868,355593.284320948,605398.739126717,655397.104794536,1089983.41842559,385644.700992122,525321.40806391,412803.871188511,356771.824560225,687646.9334849,1003077.88078686,1397857.84834148,1043516.12771258,TRUE,FALSE,FALSE,FALSE,FALSE,FALSE,FALSE,FALSE,FALSE,FALSE,FALSE,FALSE,FALSE,FALSE,FALSE,FALSE,FALSE,FALSE,FALSE,FALSE,FALSE,FALSE,FALSE,FALSE,FALSE,FALSE,FALSE,FALSE,FALSE,FALSE,FALSE,FALSE,FALSE,FALSE,FALSE,FALSE,FALSE,FALSE,FALSE,FALSE,FALSE,FALSE,FALSE,FALSE,FALSE,FALSE,FALSE,FALSE,TRUE,FALSE,FALSE,FALSE,FALSE,FALSE,FALSE,FALSE,FALSE,FALSE,FALSE,FALSE,FALSE,FALSE,FALSE,FALSE,FALSE,FALSE,FALSE,FALSE,FALSE,FALSE,FALSE,FALSE,FALSE,FALSE,FALSE,FALSE,FALSE,FALSE,FALSE,FALSE,FALSE,FALSE,FALSE,FALSE,FALSE,FALSE,FALSE,FALSE,FALSE,FALSE,FALSE,FALSE,FALSE,FALSE,FALSE,FALSE,FALSE,FALSE,FALSE,FALSE,FALSE,FALSE,FALSE,FALSE,FALSE,FALSE,FALSE,FALSE,FALSE,FALSE,FALSE,FALSE,FALSE,FALSE
"26 After",2023-10-26 09:30:18.39,"2023-10-26","9H 30M 18.39S","After","Aurora","V0333","Flow Core",1925,353,562,751,486,340,474,408,489,278,360,362,541,930,653,1194,185,185,287,345,251,186,228,198,258,383,264,303,246,213,214,283,533,332,543,543,161,161,1002,447,473,458,463,296,554,439,682,517,329,422,708,690,196,314,369,304,246,359,630,288,-19.95,0,20.5,39.65,1.15,1.1,0.91,1.05,7.27,6.1,2.02,2.07,2.01,2.09,2.23,2.21,2.24,2.26,2.16,2.07,2.15,2.34,2.88,5.65,3.74,4.19,2.09,2.1,2.22,1.9,1.8,1.79,1.84,1.75,1.79,1.71,1.53,1.52,1.51,1.83,2.48,5.61,3.03,2.94,4.18,4.54,3.02,2.72,2.43,2.34,2.28,2.18,2.13,2.1,2.25,2.3,2.36,2.71,3.47,5.8,2.21,2.43,2.33,2.13,2.06,2.65,2.76,3.19,93959.7884222534,702800.326648103,637548.726163339,567525.957972648,623515.408044526,966676.781874878,1352026.30053121,826003.663587181,1302401.22275692,1517285.9437604,825573.964600478,419850.269880647,381044.310803638,1211866.82036706,1640801.71031699,1753301.71021497,2003010.39160156,2001243.93773556,472354.848837074,1084691.92977221,1237674.40748108,1219768.04681684,1142480.60373372,839418.257497746,970456.509835362,1030302.273949,1238764.42009405,2145430.09848732,1026843.73767061,508326.466259599,504648.947629324,1259607.20293076,1840074.52061253,1392416.15778445,1985668.34296875,1992788.31520462,1987146.07871094,1987869.99183815,146105.617570052,135721.119116623,281869.1388279,496133.692195361,706531.278513193,897614.441286476,633926.842552789,468649.914582481,396557.065362905,254218.347829798,349024.747188995,590655.752882907,629620.144061359,1016355.02004383,388579.058118982,540304.011224795,424141.818580575,359678.601921615,665986.020069615,959642.000951374,1315397.28310754,952375.518550568,TRUE,TRUE,FALSE,FALSE,FALSE,FALSE,FALSE,FALSE,FALSE,FALSE,FALSE,FALSE,FALSE,FALSE,FALSE,FALSE,FALSE,FALSE,FALSE,FALSE,FALSE,FALSE,FALSE,FALSE,FALSE,FALSE,FALSE,FALSE,FALSE,FALSE,FALSE,FALSE,FALSE,FALSE,FALSE,FALSE,FALSE,FALSE,FALSE,FALSE,FALSE,FALSE,FALSE,FALSE,FALSE,FALSE,FALSE,FALSE,FALSE,FALSE,FALSE,FALSE,FALSE,FALSE,FALSE,FALSE,FALSE,FALSE,FALSE,FALSE,FALSE,FALSE,FALSE,FALSE,FALSE,FALSE,FALSE,FALSE,FALSE,FALSE,FALSE,FALSE,FALSE,FALSE,FALSE,FALSE,FALSE,FALSE,FALSE,FALSE,FALSE,FALSE,FALSE,FALSE,FALSE,FALSE,FALSE,FALSE,FALSE,FALSE,FALSE,FALSE,FALSE,FALSE,FALSE,FALSE,FALSE,FALSE,FALSE,FALSE,FALSE,FALSE,FALSE,FALSE,FALSE,FALSE,FALSE,FALSE,FALSE,FALSE,FALSE,FALSE,FALSE,FALSE
"26 Before",2023-10-26 09:20:58.97,"2023-10-26","9H 20M 58.97S","Before","Aurora","V0333","Flow Core",1994,356,567,758,492,342,481,410,497,284,371,379,552,935,643,1148,184,184,282,335,250,186,225,193,251,394,274,311,244,213,211,278,525,316,567,567,163,163,986,447,472,454,458,295,550,447,688,521,319,408,665,633,200,323,383,307,235,339,588,259,-19.975,0,20.3,39.375,1.16,1.11,0.93,1.05,7.39,6.06,2.27,2.41,2.27,2.42,2.6,2.58,2.59,2.51,2.52,2.44,2.9,3.76,3.41,5.95,3.86,4.4,2.32,2.37,2.39,1.99,1.92,1.96,2.03,1.88,1.88,1.82,1.68,1.65,1.62,1.97,2.76,6.22,3.13,2.9,3.8,3.99,3.25,2.99,2.78,2.63,2.58,2.48,2.4,2.37,2.61,2.57,2.63,3.01,3.78,6.15,2.54,2.69,2.57,2.34,2.21,2.69,2.76,3.05,102640.575964474,727865.419024934,656187.168182614,585506.388295071,640659.71471191,1000401.86165678,1407013.00717943,857764.955879007,1359886.07684706,1586844.25608005,870624.484997834,449509.783191676,405894.000081925,1292146.90949975,1676065.94655544,1773747.40421445,1978639.99548872,2010094.9054404,475028.126646369,1085170.9444564,1257875.07725702,1226622.87915053,1145293.05582089,835152.01039342,963965.652085977,1061970.32997626,1288977.16050379,2196373.0233163,1039833.67041811,522244.801369493,509096.07185508,1247699.77191417,1813646.96150263,1310077.63533483,2063547.06278195,2130769.40607598,2034529.95526316,2076091.74489555,146501.552459379,138823.166697732,288292.533247842,499250.494385491,711684.602028788,905397.165870913,647299.780646081,485489.415705117,404887.589922698,264833.734155812,343923.634533681,579553.26570497,602501.285390641,950268.903823854,405924.313651775,565892.300005194,445460.151054121,372523.17986142,649269.333700619,924931.137900877,1248588.49306773,873476.065140547,TRUE,TRUE,FALSE,FALSE,FALSE,FALSE,FALSE,FALSE,FALSE,FALSE,FALSE,FALSE,FALSE,FALSE,FALSE,FALSE,FALSE,FALSE,FALSE,FALSE,FALSE,FALSE,FALSE,FALSE,FALSE,FALSE,FALSE,FALSE,FALSE,FALSE,FALSE,FALSE,TRUE,FALSE,FALSE,FALSE,FALSE,FALSE,FALSE,FALSE,FALSE,FALSE,FALSE,FALSE,FALSE,FALSE,FALSE,FALSE,TRUE,FALSE,FALSE,FALSE,FALSE,FALSE,FALSE,FALSE,FALSE,TRUE,FALSE,FALSE,FALSE,FALSE,FALSE,FALSE,FALSE,FALSE,FALSE,FALSE,FALSE,FALSE,FALSE,FALSE,FALSE,FALSE,FALSE,FALSE,FALSE,FALSE,FALSE,FALSE,FALSE,FALSE,FALSE,FALSE,FALSE,FALSE,FALSE,FALSE,FALSE,FALSE,FALSE,FALSE,FALSE,FALSE,FALSE,FALSE,FALSE,FALSE,FALSE,FALSE,FALSE,FALSE,FALSE,FALSE,FALSE,FALSE,FALSE,FALSE,FALSE,FALSE,FALSE,FALSE,FALSE,FALSE
"25 After",2023-10-25 09:59:43.41,"2023-10-25","9H 59M 43.41S","After","Aurora","V0333","Flow Core",1994,356,567,758,492,342,481,410,497,284,371,379,552,935,643,1148,184,184,282,335,250,186,225,193,251,394,274,311,244,213,211,278,525,316,567,567,163,163,986,447,472,454,458,295,550,447,688,521,319,408,665,633,200,323,383,307,235,339,588,259,-20.05,0,20.375,39.525,1.16,1.11,0.93,1.05,7.49,5.94,2.09,2.17,1.86,1.84,2.02,2.01,2.12,2.05,2.06,2.05,3.04,4.42,3.56,6.39,3.63,4.08,2.27,2.24,2.1,1.75,1.8,1.84,1.89,1.69,1.74,1.72,1.59,1.58,1.51,1.53,1.81,4.3,3.24,2.75,1.33,2.33,2.39,2.05,1.85,1.75,1.79,1.76,1.72,1.68,1.85,1.87,1.81,1.86,2.34,3.56,1.9,2.14,2.04,1.85,1.75,2.32,2.51,2.96,104382.444080943,728206.279808866,660380.206719769,590047.626971731,643914.69708397,998068.076025357,1407096.93588938,853681.423330727,1342582.56607031,1562831.10467969,849922.128012091,436761.072160116,405492.056938876,1343594.45581827,1754803.09490574,1952284.53340389,2008874.83003719,2012382.24078914,481525.803687785,1099324.84659773,1263265.13191605,1224300.71152969,1149324.56436174,845416.702157191,970777.55326947,1045033.43167233,1262190.69610751,2156714.30971562,1030619.6863398,517763.65897119,513072.999511241,1272909.66879374,1859168.63094971,1396197.84933667,2002012.52949628,2018724.74606833,2020068.44810683,2026698.94317282,144912.187703921,137561.84540401,285379.850930298,494162.275399862,705349.238895791,898571.838127362,638286.108700524,478063.933353971,396963.894037454,262588.528427983,352111.343489492,598039.614104689,630552.805146444,1024165.91581116,393001.822580888,542119.855934948,428089.897147433,365062.903164489,668900.231663389,964162.065812458,1322801.21218996,955919.048145847,TRUE,FALSE,FALSE,FALSE,FALSE,FALSE,FALSE,FALSE,FALSE,FALSE,FALSE,FALSE,FALSE,FALSE,FALSE,TRUE,FALSE,FALSE,FALSE,FALSE,FALSE,FALSE,FALSE,FALSE,FALSE,FALSE,FALSE,FALSE,FALSE,FALSE,FALSE,FALSE,FALSE,FALSE,FALSE,FALSE,FALSE,FALSE,FALSE,FALSE,FALSE,FALSE,FALSE,FALSE,FALSE,FALSE,FALSE,FALSE,FALSE,FALSE,FALSE,FALSE,FALSE,FALSE,FALSE,FALSE,FALSE,TRUE,FALSE,FALSE,FALSE,FALSE,FALSE,FALSE,FALSE,FALSE,FALSE,FALSE,FALSE,FALSE,FALSE,FALSE,FALSE,FALSE,FALSE,FALSE,FALSE,FALSE,FALSE,FALSE,FALSE,FALSE,FALSE,FALSE,FALSE,FALSE,FALSE,FALSE,FALSE,FALSE,FALSE,FALSE,FALSE,FALSE,FALSE,FALSE,FALSE,FALSE,FALSE,FALSE,FALSE,FALSE,FALSE,FALSE,FALSE,FALSE,FALSE,FALSE,FALSE,FALSE,FALSE,FALSE,FALSE,FALSE
"25 Before",2023-10-25 09:50:20.07,"2023-10-25","9H 50M 20.07S","Before","Aurora","V0333","Flow Core",2079,351,549,740,483,336,472,403,486,279,357,366,538,944,661,1254,184,184,275,335,252,189,220,190,250,401,278,308,229,202,208,287,552,342,551,551,159,159,992,447,470,451,459,292,538,438,673,507,320,409,684,668,187,298,358,293,234,342,605,274,-19.975,0,20.3,39.375,1.16,1.1,0.93,1.06,7.49,6.39,1.87,1.58,1.5,1.62,1.71,1.73,1.72,1.85,1.75,1.71,1.78,2.17,2.92,5.9,3.64,4.11,2.31,2.28,2.2,1.81,1.84,1.9,1.92,1.73,1.73,1.71,1.59,1.56,1.53,1.57,1.9,4.59,3.62,3.01,1.29,2.36,2.39,2.05,1.87,1.77,1.8,1.81,1.74,1.68,1.87,1.84,1.85,1.93,2.4,3.72,1.86,2.15,2.02,1.84,1.77,2.42,2.61,3.14,120668.280311788,742711.124945472,652158.627385178,592494.097206831,646207.0605097,990618.357924444,1413623.37406373,847007.127433259,1336325.40802792,1581648.27909456,833934.460315599,433507.556285001,411622.206394123,1467298.05410218,1914778.54924043,2364539.35692025,2002433.37116368,2007491.95603133,464947.317173935,1094520.80951112,1273935.59082114,1244405.0014531,1124024.32413732,825705.395286204,964862.394275529,1074043.08869963,1286862.26435006,2148020.7465374,969603.785209404,486074.99196371,500798.949996929,1308119.59073845,1950522.83595273,1521718.56642077,1940109.97226662,1937476.63357552,1959313.23305627,1950234.62556025,142105.350877028,135267.93451125,280098.648523317,486764.180489045,707369.636733459,890604.224175271,615144.020046,461369.756805113,381143.400374331,248556.075802511,346329.096870104,590975.425593413,639247.749056318,1067580.61272189,359139.656742852,492637.105424404,395730.411229548,340413.597011638,658573.524812049,965757.409819249,1352337.1702448,1012157.6078134,TRUE,TRUE,FALSE,FALSE,FALSE,FALSE,FALSE,FALSE,FALSE,FALSE,FALSE,FALSE,FALSE,FALSE,FALSE,FALSE,FALSE,FALSE,FALSE,FALSE,FALSE,FALSE,FALSE,FALSE,FALSE,FALSE,FALSE,FALSE,FALSE,FALSE,FALSE,FALSE,FALSE,FALSE,FALSE,FALSE,FALSE,FALSE,FALSE,FALSE,FALSE,FALSE,FALSE,FALSE,FALSE,FALSE,FALSE,FALSE,FALSE,FALSE,FALSE,FALSE,FALSE,FALSE,FALSE,FALSE,FALSE,TRUE,FALSE,FALSE,FALSE,FALSE,FALSE,FALSE,FALSE,FALSE,FALSE,FALSE,FALSE,FALSE,FALSE,FALSE,FALSE,FALSE,FALSE,FALSE,FALSE,FALSE,FALSE,FALSE,FALSE,FALSE,FALSE,FALSE,FALSE,FALSE,FALSE,FALSE,FALSE,FALSE,FALSE,FALSE,FALSE,FALSE,FALSE,FALSE,FALSE,FALSE,FALSE,FALSE,FALSE,FALSE,FALSE,FALSE,FALSE,FALSE,FALSE,FALSE,FALSE,FALSE,FALSE,FALSE,FALSE,FALSE
"23 After",2023-10-23 10:50:29.78,"2023-10-23","10H 50M 29.78S","After","Aurora","V0333","Flow Core",2079,351,549,740,483,336,472,403,486,279,357,366,538,944,661,1254,184,184,275,335,252,189,220,190,250,401,278,308,229,202,208,287,552,342,551,551,159,159,992,447,470,451,459,292,538,438,673,507,320,409,684,668,187,298,358,293,234,342,605,274,-19.975,0,20.3,39.375,1.16,1.1,0.93,1.06,6.89,5.56,1.88,1.88,1.77,1.81,1.91,1.92,1.98,2.02,1.92,1.88,2.24,3.1,3.15,5.74,3.54,3.94,2.33,2.01,1.82,1.67,1.82,1.83,1.76,1.57,1.63,1.65,1.55,1.5,1.46,1.51,1.83,4.17,1.54,1.51,3.91,4.26,4.02,3.85,3.73,3.56,3.42,3.25,3.18,3.18,3.35,3.36,3.37,3.59,4.03,5.75,1.89,2.08,1.99,1.8,1.8,2.26,2.52,2.96,113643.374102311,737142.943668257,637327.07362271,575110.409506685,633158.983899915,978366.212231477,1388449.62715912,840655.492466663,1322531.31295944,1570172.04286997,844472.733489153,441558.680604021,404855.49522955,1382602.1687937,1820781.88003923,2075632.51660979,2007794.81115336,2012003.69501746,474426.387133458,1096321.92677305,1254508.21316408,1223304.93453021,1149198.51870779,843993.608236675,971203.891240325,1045929.03403483,1248492.53297708,2144827.03927996,1028919.26446578,514512.957887087,509662.308742361,1268320.75233239,1848917.33706508,1392750.48661311,1989118.41040875,1999513.28629867,1983958.77598226,1975715.44151271,142165.868637276,135198.957266212,281793.305977177,489234.165542197,705444.187596248,887721.993619714,626499.147448675,471932.403237601,391056.948527898,252536.860281899,345704.669711658,586632.667055884,623774.91887193,1009451.07627803,392199.710908345,537570.737850036,431729.245181684,363287.819493539,670225.397478504,965644.657947946,1322249.95153057,958121.952041315,TRUE,FALSE,FALSE,FALSE,FALSE,FALSE,FALSE,FALSE,FALSE,FALSE,FALSE,FALSE,FALSE,FALSE,FALSE,FALSE,FALSE,FALSE,FALSE,FALSE,FALSE,FALSE,FALSE,FALSE,FALSE,FALSE,FALSE,FALSE,FALSE,FALSE,FALSE,FALSE,FALSE,FALSE,FALSE,FALSE,FALSE,FALSE,FALSE,FALSE,FALSE,FALSE,FALSE,FALSE,FALSE,FALSE,FALSE,FALSE,FALSE,FALSE,FALSE,FALSE,FALSE,FALSE,FALSE,FALSE,FALSE,TRUE,FALSE,FALSE,FALSE,FALSE,FALSE,FALSE,FALSE,FALSE,FALSE,FALSE,FALSE,FALSE,FALSE,FALSE,FALSE,FALSE,FALSE,FALSE,FALSE,FALSE,FALSE,FALSE,FALSE,FALSE,FALSE,FALSE,FALSE,FALSE,FALSE,FALSE,FALSE,FALSE,FALSE,FALSE,FALSE,FALSE,FALSE,FALSE,FALSE,FALSE,FALSE,FALSE,FALSE,FALSE,FALSE,FALSE,FALSE,FALSE,FALSE,FALSE,FALSE,FALSE,FALSE,FALSE,FALSE,FALSE
"23 Before",2023-10-23 10:38:14.62,"2023-10-23","10H 38M 14.62S","Before","Aurora","V0333","Flow Core",2019,356,568,759,489,342,481,412,496,285,373,377,553,933,642,1146,184,184,278,344,256,186,218,196,263,392,262,291,246,224,225,284,520,298,548,548,162,162,1006,447,471,461,466,295,557,447,695,520,322,409,673,640,199,321,379,304,234,336,583,257,-19.975,0,20.4,39.525,1.17,1.11,0.94,1.05,6.63,5.38,1.85,1.86,1.79,1.87,1.98,2,2.03,2.09,2.01,1.96,2.19,2.93,3.08,5.57,3.57,3.95,2.38,1.95,1.77,1.62,1.82,1.8,1.72,1.52,1.6,1.64,1.52,1.48,1.38,1.48,1.81,4.38,1.78,1.56,3.99,4.32,4.34,4.23,4.08,3.86,3.8,3.56,3.49,3.51,3.61,3.64,3.74,3.88,4.35,6.24,1.94,2.14,2.05,1.82,1.78,2.25,2.45,2.9,113440.577043994,752072.54495829,674553.836637875,595062.344523005,648741.140497449,1009358.84727275,1423845.00821281,870377.602005517,1376615.87270221,1614576.17117385,900287.787324273,459451.598515799,427259.638467285,1418900.32619015,1790096.32705477,1991582.17557635,2004488.15590743,2036640.20109813,487575.240281101,1134347.99324148,1279323.69596058,1218765.32883954,1163869.69103554,887351.700072058,1030222.93556374,1026186.4474828,1185013.36358654,2062850.7465509,1120727.19571826,580272.895794634,558318.547407139,1263359.96429578,1746050.25896394,1216147.07563777,1977023.77184836,2020005.33357579,2025346.62035627,2047533.11054106,148526.340896642,138126.101735323,287438.752264144,511990.043965685,728560.321486741,904039.369287177,661897.711194609,488862.07162285,416925.566486351,267182.027883225,355722.925659476,597774.44889538,626888.450193533,989922.772712687,427516.868640375,581883.4949086,464550.852553478,384138.955680046,681774.229404632,964477.022523813,1301171.62898125,913245.109621499,TRUE,FALSE,FALSE,FALSE,FALSE,FALSE,FALSE,FALSE,FALSE,FALSE,FALSE,FALSE,FALSE,FALSE,FALSE,FALSE,FALSE,FALSE,FALSE,FALSE,FALSE,FALSE,FALSE,FALSE,FALSE,FALSE,FALSE,FALSE,FALSE,FALSE,FALSE,FALSE,FALSE,FALSE,FALSE,FALSE,FALSE,FALSE,FALSE,FALSE,FALSE,FALSE,FALSE,FALSE,FALSE,FALSE,FALSE,FALSE,TRUE,FALSE,FALSE,FALSE,FALSE,FALSE,FALSE,FALSE,FALSE,TRUE,FALSE,FALSE,FALSE,FALSE,FALSE,FALSE,FALSE,FALSE,FALSE,FALSE,FALSE,FALSE,FALSE,FALSE,FALSE,FALSE,FALSE,FALSE,FALSE,FALSE,FALSE,FALSE,FALSE,FALSE,FALSE,FALSE,FALSE,FALSE,FALSE,FALSE,FALSE,FALSE,FALSE,FALSE,FALSE,FALSE,FALSE,FALSE,FALSE,FALSE,FALSE,FALSE,FALSE,FALSE,FALSE,FALSE,FALSE,FALSE,FALSE,FALSE,FALSE,FALSE,FALSE,FALSE,FALSE,FALSE
"20 After",2023-10-20 09:59:01.6,"2023-10-20","9H 59M 1.6S","After","Aurora","V0333","Flow Core",2019,356,568,759,489,342,481,412,496,285,373,377,553,933,642,1146,184,184,278,344,256,186,218,196,263,392,262,291,246,224,225,284,520,298,548,548,162,162,1006,447,471,461,466,295,557,447,695,520,322,409,673,640,199,321,379,304,234,336,583,257,-19.975,0,20.4,39.525,1.17,1.11,0.94,1.05,7.25,5.76,2.13,2.27,1.93,1.99,2.14,2.12,2.18,2.12,2.14,2.14,2.99,4.15,3.23,5.96,3.72,4.07,2.15,1.83,1.83,1.78,1.82,1.67,1.64,1.61,1.76,1.78,1.53,1.48,1.44,1.52,1.77,4.26,1.61,1.51,4.1,4.5,3.99,3.82,3.71,3.48,3.42,3.2,3.13,3.11,3.26,3.28,3.34,3.52,3.96,5.84,1.91,2.11,2.04,1.85,1.79,2.28,2.45,2.9,101875.63119128,722549.033622119,664651.875237029,588367.344241928,641322.22180332,996400.497382517,1400503.09735763,850838.148502487,1335236.88684313,1575284.08254107,856336.563504097,434262.410098263,401243.426622742,1326139.90677409,1730548.97904876,1930712.05772492,2012810.78118678,2021416.28444739,475258.265874653,1096598.78839284,1253706.01380409,1221108.99814508,1156343.97723374,852132.008783814,980709.994991936,1039225.95076211,1243391.94053793,2146781.69359652,1040317.28858801,516612.482472207,509979.678409633,1274107.34869075,1850430.27429888,1402471.32250691,1994164.08015846,2005031.7507991,1996610.54821308,1992642.98532492,145133.13707868,135082.111787389,280874.633763773,498745.083805481,712737.640064748,883130.508686495,639368.877783556,468667.391039354,400929.899583715,257949.286119761,349701.403495206,591938.666869007,629321.406042248,1024508.77819148,395137.079698894,539689.240713054,431372.487488695,363024.415083882,670735.380911523,962642.927034056,1324686.96224332,957088.572333162,TRUE,FALSE,FALSE,FALSE,FALSE,FALSE,FALSE,FALSE,FALSE,FALSE,FALSE,FALSE,FALSE,FALSE,FALSE,FALSE,FALSE,FALSE,FALSE,FALSE,FALSE,FALSE,FALSE,FALSE,FALSE,FALSE,FALSE,FALSE,FALSE,FALSE,FALSE,FALSE,FALSE,FALSE,FALSE,FALSE,FALSE,FALSE,FALSE,FALSE,FALSE,FALSE,FALSE,FALSE,FALSE,FALSE,FALSE,FALSE,FALSE,FALSE,FALSE,FALSE,FALSE,FALSE,FALSE,FALSE,FALSE,TRUE,FALSE,FALSE,FALSE,FALSE,FALSE,FALSE,FALSE,FALSE,FALSE,FALSE,FALSE,FALSE,FALSE,FALSE,FALSE,FALSE,FALSE,FALSE,FALSE,FALSE,FALSE,FALSE,FALSE,FALSE,FALSE,FALSE,FALSE,FALSE,FALSE,FALSE,FALSE,FALSE,FALSE,FALSE,FALSE,FALSE,FALSE,FALSE,FALSE,FALSE,FALSE,FALSE,FALSE,FALSE,FALSE,FALSE,FALSE,FALSE,FALSE,FALSE,FALSE,FALSE,FALSE,FALSE,FALSE,FALSE
"20 Before",2023-10-20 09:48:14.8,"2023-10-20","9H 48M 14.8S","Before","Aurora","V0333","Flow Core",1912,342,550,733,479,335,467,400,483,276,364,369,533,898,626,1111,184,184,284,339,249,185,226,197,256,388,265,306,251,219,214,277,516,308,552,552,158,158,1000,443,474,455,461,293,554,451,701,524,321,408,670,637,207,334,396,313,241,347,600,264,-20,0,20.4,39.5,1.15,1.1,0.92,1.06,7.11,6.06,2.01,1.96,1.78,1.9,2.01,2.03,2.08,2.13,2.05,2.02,2.27,2.82,2.87,5.58,3.66,4.07,2.13,1.84,1.88,1.85,1.86,1.74,1.71,1.67,1.8,1.81,1.55,1.52,1.47,1.61,1.95,4.71,1.71,1.51,3.75,4.25,4.14,4.1,3.95,3.73,3.67,3.45,3.38,3.33,3.53,3.53,3.63,3.74,4.24,6.19,1.95,2.18,2.08,1.89,1.81,2.36,2.51,2.95,105339.04334338,716121.584215486,636694.778610255,568238.911166647,633671.322624403,978591.29652467,1370260.25316803,825085.615989037,1311676.19491333,1545905.10205361,843158.983678053,427318.157895915,395866.852365891,1322342.44141737,1746855.87095204,1977688.64939509,2001228.57478234,1976981.75985705,473863.441184398,1058996.29716935,1192491.54595616,1188815.31388324,1171563.94183174,838078.748008471,929877.12421438,1008256.77824206,1252540.07944083,2206512.89117363,1033214.19532864,492895.946117374,474003.147671946,1219335.92306212,1805980.51972461,1425260.41682584,1996812.97380286,1999149.25792121,1955863.87772077,1942429.46159333,143941.814246755,132079.169956225,277646.973092085,488013.589050981,698342.868879661,878526.932583931,620559.049208863,469918.918148599,394512.875939351,254364.49306066,343140.893473095,581163.956687865,617343.337698607,1008264.36169863,388540.83082573,535141.042978801,428886.837079567,360081.220752848,665525.615280066,960611.815827752,1316712.12447034,951834.868844854,TRUE,TRUE,FALSE,FALSE,FALSE,FALSE,FALSE,FALSE,FALSE,FALSE,FALSE,FALSE,FALSE,FALSE,FALSE,FALSE,FALSE,FALSE,FALSE,FALSE,FALSE,FALSE,FALSE,FALSE,FALSE,FALSE,FALSE,FALSE,FALSE,FALSE,FALSE,FALSE,FALSE,FALSE,FALSE,FALSE,FALSE,FALSE,FALSE,FALSE,FALSE,FALSE,FALSE,FALSE,FALSE,FALSE,FALSE,FALSE,TRUE,FALSE,FALSE,FALSE,FALSE,FALSE,FALSE,FALSE,FALSE,FALSE,FALSE,FALSE,FALSE,FALSE,FALSE,FALSE,FALSE,FALSE,FALSE,FALSE,FALSE,FALSE,FALSE,FALSE,FALSE,FALSE,FALSE,FALSE,FALSE,FALSE,FALSE,FALSE,FALSE,FALSE,FALSE,FALSE,FALSE,FALSE,FALSE,FALSE,FALSE,FALSE,FALSE,FALSE,FALSE,FALSE,FALSE,FALSE,FALSE,FALSE,FALSE,FALSE,FALSE,FALSE,FALSE,FALSE,FALSE,FALSE,FALSE,FALSE,FALSE,FALSE,FALSE,FALSE,FALSE,FALSE
"18 After",2023-10-18 09:36:15.66,"2023-10-18","9H 36M 15.66S","After","Aurora","V0333","Flow Core",1912,342,550,733,479,335,467,400,483,276,364,369,533,898,626,1111,184,184,284,339,249,185,226,197,256,388,265,306,251,219,214,277,516,308,552,552,158,158,1000,443,474,455,461,293,554,451,701,524,321,408,670,637,207,334,396,313,241,347,600,264,-20,0,20.4,39.5,1.15,1.1,0.92,1.06,7.08,6.06,1.93,1.83,1.93,2.13,2.24,2.27,2.28,2.32,2.25,2.17,2.15,2.02,2.66,5.34,3.72,4.26,2.14,2.2,2.29,1.95,1.81,1.83,1.94,1.79,1.83,1.75,1.61,1.6,1.59,1.7,2.2,5.09,2.09,1.79,3.48,3.91,4.63,4.48,4.38,4.14,4.03,3.77,3.71,3.7,3.88,3.86,4.01,4.08,4.58,6.76,2.14,2.41,2.27,2.12,1.98,2.53,2.66,3.06,96148.4219100217,704353.428907011,629490.509963118,558409.433908954,627528.358769553,971651.755896206,1356044.75164145,815788.111702336,1291780.87286864,1530537.23523698,832248.96485776,420660.026478853,378777.766687234,1219886.19580701,1646402.9081862,1782493.94470344,1999612.97934549,1988769.78561151,472801.053030396,1085582.93526711,1237785.04766704,1215707.96299687,1147441.94607362,842689.417058265,962423.289489268,1034802.33027355,1243783.05162598,2129165.78190614,1032638.5067438,512379.197968825,504670.284460097,1263586.13365499,1835056.51301961,1386222.69295869,1994543.16228541,2013884.33027092,1974991.75938841,1973685.92315076,146666.119955744,134729.234383265,282630.745556332,494892.264637055,708092.254239258,888314.991420262,627468.701932681,476160.983918478,399810.40475125,258092.279737143,347655.29238367,587324.017501755,624699.772235611,1018667.68166239,394875.594971133,541135.803808896,433506.222151536,364579.37118785,671577.139012713,967655.285080236,1325737.05053682,957833.575240747,TRUE,TRUE,FALSE,FALSE,FALSE,FALSE,FALSE,FALSE,FALSE,FALSE,FALSE,FALSE,FALSE,FALSE,FALSE,FALSE,FALSE,FALSE,FALSE,FALSE,FALSE,FALSE,FALSE,FALSE,FALSE,FALSE,FALSE,FALSE,FALSE,FALSE,FALSE,FALSE,FALSE,FALSE,FALSE,FALSE,FALSE,FALSE,FALSE,FALSE,FALSE,FALSE,FALSE,FALSE,FALSE,FALSE,FALSE,FALSE,TRUE,FALSE,FALSE,FALSE,FALSE,FALSE,FALSE,FALSE,FALSE,FALSE,FALSE,FALSE,FALSE,FALSE,FALSE,FALSE,FALSE,FALSE,FALSE,FALSE,FALSE,FALSE,FALSE,FALSE,FALSE,FALSE,FALSE,FALSE,FALSE,FALSE,FALSE,FALSE,FALSE,FALSE,FALSE,FALSE,FALSE,FALSE,FALSE,FALSE,FALSE,FALSE,FALSE,FALSE,FALSE,FALSE,FALSE,FALSE,FALSE,FALSE,FALSE,FALSE,FALSE,FALSE,FALSE,FALSE,FALSE,FALSE,FALSE,FALSE,FALSE,FALSE,FALSE,FALSE,FALSE,FALSE
"18 Before",2023-10-18 09:28:26.35,"2023-10-18","9H 28M 26.35S","Before","Aurora","V0333","Flow Core",2014,352,561,768,494,340,480,410,495,285,370,377,555,939,646,1173,184,184,282,338,247,183,224,197,256,385,266,304,249,217,213,274,512,307,545,545,160,160,1018,446,476,458,462,295,556,446,695,522,322,409,673,641,197,320,376,304,234,339,583,260,-19.975,0,20.375,39.45,1.16,1.11,0.93,1.06,6.61,5.69,1.97,1.98,2.02,2.2,2.36,2.35,2.33,2.44,2.33,2.25,2.06,1.85,2.69,5.17,3.52,4.01,2.14,2.14,2.16,1.84,1.79,1.85,1.86,1.73,1.75,1.73,1.6,1.59,1.52,1.67,2.18,5.3,2.36,1.91,3.49,3.81,4.86,4.83,4.65,4.5,4.41,4.14,4.07,4.12,4.2,4.26,4.32,4.48,5.06,7.46,2.08,2.27,2.15,1.99,1.91,2.41,2.59,3.01,108323.734592567,739408.05821118,660512.569507941,602219.167934397,655464.953036999,998570.596188552,1417715.59803484,860954.528580405,1342061.1381687,1619702.89552605,860560.388342908,440800.329076317,408910.774430223,1360774.3092746,1777087.95336156,2049657.93433866,1998793.4335512,2016543.22021901,479597.815347071,1107812.64765747,1256644.04621069,1213631.47900986,1149304.82985403,859261.652136772,982677.475204745,1043880.92528156,1255222.14897458,2151072.48001442,1040072.46460419,517901.356658088,510547.867907868,1259640.21561104,1829956.81350231,1374374.59612449,1960676.41013072,2009418.49663841,2017239.12636166,2043837.76030025,151656.8046757,137479.177559758,289098.190109051,501532.901555969,721417.866776418,905485.798112141,644373.672010543,473288.344660596,403357.590251555,260016.878684102,352863.332834307,597217.094932835,636453.963842846,1036295.23076705,373624.374509031,519399.051091771,407956.574549557,349979.753543849,654649.98589005,951184.074236169,1299578.95993126,950991.001557663,TRUE,FALSE,FALSE,FALSE,FALSE,FALSE,FALSE,FALSE,FALSE,FALSE,FALSE,FALSE,FALSE,FALSE,FALSE,FALSE,FALSE,FALSE,FALSE,FALSE,FALSE,FALSE,FALSE,FALSE,FALSE,FALSE,FALSE,FALSE,FALSE,FALSE,FALSE,FALSE,FALSE,FALSE,FALSE,FALSE,FALSE,FALSE,FALSE,FALSE,FALSE,FALSE,FALSE,FALSE,FALSE,FALSE,FALSE,FALSE,TRUE,FALSE,FALSE,FALSE,FALSE,FALSE,FALSE,FALSE,FALSE,TRUE,FALSE,FALSE,FALSE,FALSE,FALSE,FALSE,FALSE,FALSE,FALSE,FALSE,FALSE,FALSE,FALSE,FALSE,FALSE,FALSE,FALSE,FALSE,FALSE,FALSE,FALSE,FALSE,FALSE,FALSE,FALSE,FALSE,FALSE,FALSE,FALSE,FALSE,FALSE,FALSE,FALSE,FALSE,FALSE,FALSE,FALSE,FALSE,FALSE,FALSE,FALSE,FALSE,FALSE,FALSE,FALSE,FALSE,FALSE,FALSE,FALSE,FALSE,FALSE,FALSE,FALSE,FALSE,FALSE,FALSE
"16 After",2023-10-16 10:07:54.38,"2023-10-16","10H 7M 54.38S","After","Aurora","V0333","Flow Core",2014,352,561,768,494,340,480,410,495,285,370,377,555,939,646,1173,184,184,282,338,247,183,224,197,256,385,266,304,249,217,213,274,512,307,545,545,160,160,1018,446,476,458,462,295,556,446,695,522,322,409,673,641,197,320,376,304,234,339,583,260,-19.975,0,20.375,39.45,1.16,1.11,0.93,1.06,7.41,6.19,1.81,1.77,1.74,1.9,2.02,2.04,2.01,2.14,2.03,2,2.06,2.33,2.71,5.45,3.82,4.18,2.02,2.05,2.15,1.89,1.8,1.79,1.8,1.76,1.83,1.84,1.6,1.58,1.51,1.54,1.86,4.31,1.86,1.74,4.87,5.23,4.37,4.18,4.09,3.79,3.69,3.44,3.45,3.39,3.6,3.65,3.65,3.89,4.46,6.35,1.97,2.22,2.08,1.94,1.87,2.44,2.54,3.01,100378.981818612,715642.667430013,645630.152115463,584623.1639876,640245.485942172,975431.629308479,1380507.57542944,841505.112706813,1300429.01207637,1563376.86980938,839809.513800916,432149.739469953,392509.450543001,1273530.7247708,1695466.22503745,1880064.19725792,2003642.97058208,1991809.84929704,473124.288140156,1082866.3915386,1236896.50610306,1210051.57947598,1143532.64385844,842799.060616844,961490.181554208,1038303.30741316,1250579.51914527,2138648.71804138,1023676.43533714,508459.428053215,501342.93811485,1253737.05357171,1836878.0959476,1390410.08721182,1973290.30496231,1986237.85400227,1970364.6821608,1965512.58523722,147866.627076389,135075.101291893,284172.245336054,490761.031886422,699806.075381914,879202.85562979,637837.170081795,468031.788330954,400985.760360043,257837.349395041,348987.500377892,589395.861703459,625480.660543517,1013438.28936903,387101.716120146,531555.904701057,419088.379731526,357871.001807542,658349.873882581,951241.729845186,1294032.9623259,942676.628264604,TRUE,TRUE,FALSE,FALSE,FALSE,FALSE,FALSE,FALSE,FALSE,FALSE,FALSE,FALSE,FALSE,FALSE,FALSE,FALSE,FALSE,FALSE,FALSE,FALSE,FALSE,FALSE,FALSE,FALSE,FALSE,FALSE,FALSE,FALSE,FALSE,FALSE,FALSE,FALSE,FALSE,FALSE,FALSE,FALSE,FALSE,FALSE,FALSE,FALSE,FALSE,FALSE,FALSE,FALSE,FALSE,FALSE,FALSE,FALSE,TRUE,FALSE,FALSE,FALSE,FALSE,FALSE,FALSE,FALSE,FALSE,TRUE,FALSE,FALSE,FALSE,FALSE,FALSE,FALSE,FALSE,FALSE,FALSE,FALSE,FALSE,FALSE,FALSE,FALSE,FALSE,FALSE,FALSE,FALSE,FALSE,FALSE,FALSE,FALSE,FALSE,FALSE,FALSE,FALSE,FALSE,FALSE,FALSE,FALSE,FALSE,FALSE,FALSE,FALSE,FALSE,FALSE,FALSE,FALSE,FALSE,FALSE,FALSE,FALSE,FALSE,FALSE,FALSE,FALSE,FALSE,FALSE,FALSE,FALSE,FALSE,FALSE,FALSE,FALSE,FALSE,FALSE
"16 Before",2023-10-16 09:52:58.97,"2023-10-16","9H 52M 58.97S","Before","Aurora","V0333","Flow Core",2248,360,566,775,496,341,482,414,501,285,377,385,582,1023,683,1301,184,184,281,342,250,183,222,198,261,386,261,297,251,223,219,277,511,301,552,552,162,162,1004,441,472,453,456,291,557,446,697,522,321,408,668,634,205,330,389,313,238,344,589,261,-20,0,20.5,39.675,1.16,1.1,0.92,1.06,7.2,5.8,1.93,1.91,1.92,2.08,2.24,2.24,2.24,2.32,2.23,2.18,2.21,2.51,2.66,5.39,3.63,4.05,2.09,2.13,2.17,1.82,1.73,1.75,1.81,1.68,1.7,1.66,1.5,1.48,1.42,1.56,2.04,4.93,2.35,2.02,4.36,4.82,5.08,5.02,4.88,4.68,4.5,4.23,4.19,4.17,4.34,4.36,4.45,4.57,5.11,7.25,2.03,2.29,2.12,1.95,1.79,2.41,2.53,2.87,135813.030081612,777669.048895643,677345.333278578,620006.837293952,671333.573406535,1015913.23489346,1446496.67810418,881361.981811014,1390251.77467503,1631856.29026863,896962.479305148,462410.109728277,456579.599979086,1616359.14813572,2000520.26903961,2499038.49138923,2010794.44185831,2011554.427309,474188.365495582,1116503.04363589,1266781.7312896,1217233.29375169,1139641.6774502,856053.989298315,998804.263894864,1044259.02709669,1223889.62938614,2087390.57241988,1051466.41266982,531329.80875632,529683.543766898,1281002.56965207,1828994.97026931,1352305.13652358,2005903.26873145,2041288.92894276,2021675.52930267,2013624.46926123,146291.992426379,134553.075499165,282815.300839977,488892.597093649,696595.098621814,878314.95313725,644704.310560232,472338.64909567,404734.180098793,260027.811575582,349685.256177822,590402.998762853,626920.392243237,1012647.88198299,404210.265823735,547428.483555217,432725.939235296,372726.359151322,672717.605847479,968940.473133453,1318322.27787809,953131.954024801,TRUE,FALSE,FALSE,FALSE,FALSE,FALSE,FALSE,FALSE,FALSE,FALSE,FALSE,FALSE,FALSE,FALSE,FALSE,FALSE,FALSE,FALSE,FALSE,FALSE,FALSE,FALSE,FALSE,FALSE,FALSE,FALSE,FALSE,FALSE,FALSE,FALSE,FALSE,FALSE,FALSE,FALSE,FALSE,FALSE,FALSE,FALSE,FALSE,FALSE,FALSE,FALSE,FALSE,FALSE,FALSE,FALSE,FALSE,FALSE,TRUE,FALSE,FALSE,FALSE,FALSE,FALSE,FALSE,FALSE,FALSE,TRUE,FALSE,FALSE,FALSE,FALSE,FALSE,FALSE,FALSE,FALSE,FALSE,FALSE,FALSE,FALSE,FALSE,FALSE,FALSE,FALSE,FALSE,FALSE,FALSE,FALSE,FALSE,FALSE,FALSE,FALSE,FALSE,FALSE,FALSE,FALSE,FALSE,FALSE,FALSE,FALSE,FALSE,FALSE,FALSE,FALSE,FALSE,FALSE,FALSE,FALSE,FALSE,FALSE,FALSE,FALSE,FALSE,FALSE,FALSE,FALSE,FALSE,FALSE,FALSE,FALSE,FALSE,FALSE,FALSE,FALSE
"12 After",2023-10-12 09:59:07.67,"2023-10-12","9H 59M 7.67S","After","Aurora","V0333","Flow Core",2248,360,566,775,496,341,482,414,501,285,377,385,582,1023,683,1301,184,184,281,342,250,183,222,198,261,386,261,297,251,223,219,277,511,301,552,552,162,162,1004,441,472,453,456,291,557,446,697,522,321,408,668,634,205,330,389,313,238,344,589,261,-20,0,20.5,39.675,1.16,1.1,0.92,1.06,7.11,5.56,2.06,2.24,2.09,2.19,2.39,2.38,2.38,2.36,2.32,2.31,2.86,4.01,3.06,5.78,3.63,3.98,1.83,1.78,1.92,1.77,1.6,1.55,1.57,1.57,1.67,1.65,1.39,1.36,1.29,1.4,1.82,4.77,3.36,3.19,1.14,1.88,2.2,1.79,1.56,1.49,1.51,1.46,1.36,1.3,1.55,1.53,1.51,1.5,2.14,3.76,1.82,2.09,1.94,1.74,1.63,2.21,2.35,2.76,117274.290974219,750191.504619427,670433.642509184,612257.835053955,665971.685532422,1009210.86016664,1432829.67643269,868744.752064295,1365380.47986877,1614405.50455696,875919.480551032,450873.777922377,430151.395987558,1453802.51028327,1869491.03383552,2182609.30754742,2021933.77930017,2024999.14764632,478323.028497375,1104202.26569596,1257141.10883888,1227760.58282429,1160012.35502931,852286.939273992,982281.667121208,1051513.96436113,1258518.94600062,2163145.58227793,1043651.85188477,517467.17794428,515654.961501693,1278613.9422944,1851669.81285071,1400882.36551775,1988872.8720489,2013029.17961833,2008628.90893761,1999237.4832109,148670.064977901,136230.721004877,285732.929075791,492789.246443692,703649.333839638,886212.459373404,644366.569738096,474153.88918143,405872.673065432,261631.962648689,352526.857611527,594870.334053412,632619.157738125,1020915.85985251,395440.769967992,539037.176473332,426234.79906715,367827.286221276,669244.818936095,965018.948150227,1317086.28244316,953814.192301321,TRUE,FALSE,FALSE,FALSE,FALSE,FALSE,FALSE,FALSE,FALSE,FALSE,FALSE,FALSE,FALSE,FALSE,FALSE,FALSE,FALSE,FALSE,FALSE,FALSE,FALSE,FALSE,FALSE,FALSE,FALSE,FALSE,FALSE,FALSE,FALSE,FALSE,FALSE,FALSE,FALSE,FALSE,FALSE,FALSE,FALSE,FALSE,FALSE,FALSE,FALSE,FALSE,FALSE,FALSE,FALSE,FALSE,FALSE,FALSE,FALSE,FALSE,FALSE,FALSE,FALSE,FALSE,FALSE,FALSE,FALSE,TRUE,FALSE,FALSE,FALSE,FALSE,FALSE,FALSE,FALSE,FALSE,FALSE,FALSE,FALSE,FALSE,FALSE,FALSE,FALSE,FALSE,FALSE,FALSE,FALSE,FALSE,FALSE,FALSE,FALSE,FALSE,FALSE,FALSE,FALSE,FALSE,FALSE,FALSE,FALSE,FALSE,FALSE,FALSE,FALSE,FALSE,FALSE,FALSE,FALSE,FALSE,FALSE,FALSE,FALSE,FALSE,FALSE,FALSE,FALSE,FALSE,FALSE,FALSE,FALSE,FALSE,FALSE,FALSE,FALSE,FALSE
"12 Before",2023-10-12 09:45:28.85,"2023-10-12","9H 45M 28.85S","Before","Aurora","V0333","Flow Core",1963,343,545,737,471,329,460,396,481,276,358,365,528,906,629,1141,183,183,276,337,253,188,217,192,260,397,267,291,238,220,227,291,533,303,546,546,158,158,999,449,471,459,458,295,552,444,684,515,321,408,674,647,198,321,379,308,238,343,599,267,-19.975,0,20.475,39.65,1.16,1.1,0.92,1.06,7.86,5.64,2.14,2.28,2.27,2.43,2.62,2.66,2.68,2.64,2.65,2.63,3.36,4.94,3.71,6.83,3.63,4.04,1.88,1.88,2.05,1.81,1.63,1.59,1.65,1.62,1.69,1.65,1.41,1.35,1.31,1.47,2.06,5.29,3.12,3.15,1.11,1.64,2.05,1.7,1.44,1.36,1.37,1.34,1.24,1.2,1.44,1.42,1.43,1.43,2.13,3.97,1.99,2.23,2.08,1.88,1.76,2.35,2.43,2.74,108406.781362057,736829.573036662,665562.153918603,597219.742186595,644828.91746841,994549.485460979,1412390.6717122,855473.554073348,1344964.21984257,1601223.00840824,853367.627675448,438708.30754525,411093.859126776,1379936.50463127,1806489.79238599,2106849.49364883,1993717.62936772,2006689.21109326,466106.460054536,1082083.20121777,1273897.8732412,1258813.09832397,1120858.70783977,822301.671781822,984981.852199859,1078430.14905665,1281398.21033935,2103303.6256471,990978.433061608,513898.048388571,536453.272995675,1344118.45050496,1936966.75015129,1401535.02829049,1964299.36078758,1984439.564175,1964307.14441209,1974230.55419959,148374.874851297,138037.422042035,285363.054501115,500375.904640295,706828.464536451,899071.986014405,634251.390363236,474401.09271467,396631.67237887,256415.162405166,352196.456732381,594850.826667651,637104.866085858,1042487.81109634,381359.829930452,525463.870159716,419679.14093558,362906.884172663,669362.426891693,961427.822661462,1337530.10613483,976697.243922879,TRUE,FALSE,FALSE,FALSE,FALSE,FALSE,FALSE,FALSE,FALSE,FALSE,FALSE,FALSE,FALSE,FALSE,FALSE,TRUE,FALSE,FALSE,FALSE,FALSE,FALSE,FALSE,FALSE,FALSE,FALSE,FALSE,FALSE,FALSE,FALSE,FALSE,FALSE,FALSE,FALSE,FALSE,FALSE,FALSE,FALSE,FALSE,FALSE,FALSE,FALSE,FALSE,FALSE,FALSE,FALSE,FALSE,FALSE,FALSE,FALSE,FALSE,FALSE,FALSE,FALSE,FALSE,FALSE,FALSE,FALSE,FALSE,FALSE,FALSE,FALSE,FALSE,FALSE,FALSE,FALSE,FALSE,FALSE,FALSE,FALSE,FALSE,FALSE,FALSE,FALSE,FALSE,FALSE,FALSE,FALSE,FALSE,FALSE,FALSE,FALSE,FALSE,FALSE,FALSE,FALSE,FALSE,FALSE,FALSE,FALSE,FALSE,FALSE,FALSE,FALSE,FALSE,FALSE,FALSE,FALSE,FALSE,FALSE,FALSE,FALSE,FALSE,FALSE,FALSE,FALSE,FALSE,FALSE,FALSE,FALSE,FALSE,FALSE,FALSE,FALSE,FALSE
"11 After",2023-10-11 09:58:36.96,"2023-10-11","9H 58M 36.96S","After","Aurora","V0333","Flow Core",1963,343,545,737,471,329,460,396,481,276,358,365,528,906,629,1141,183,183,276,337,253,188,217,192,260,397,267,291,238,220,227,291,533,303,546,546,158,158,999,449,471,459,458,295,552,444,684,515,321,408,674,647,198,321,379,308,238,343,599,267,-19.975,0,20.475,39.65,1.16,1.1,0.92,1.06,7.39,5.39,2.11,2.11,2.15,2.3,2.47,2.48,2.48,2.52,2.49,2.44,2.84,3.85,3.31,6.08,3.58,3.94,2.35,1.9,1.82,1.71,1.92,1.76,1.66,1.59,1.74,1.78,1.56,1.45,1.37,1.53,1.89,4.9,2.08,1.87,4.7,5.03,4.67,4.56,4.47,4.22,4.11,3.91,3.83,3.82,4.02,4.05,4.1,4.35,4.8,6.8,1.98,2.21,2.1,1.9,1.81,2.3,2.45,2.83,98406.802305419,710956.754487183,633055.438192721,559853.92791001,615827.718611308,956619.11211784,1348696.02180627,823201.338524458,1285378.99411643,1537628.53474111,824971.880195718,423715.202560485,384752.211726112,1252231.88782801,1690469.70134729,1871168.03606185,1994406.60604136,1996358.53911585,473840.220088782,1089249.51653654,1247531.91072926,1217957.98261024,1143244.60601881,839800.807515176,976995.885196801,1032653.43018164,1242938.04826486,2132785.48241349,1030325.7739649,513510.441661786,508582.526352531,1263921.26903433,1833988.79110947,1382931.51923802,1984800.17625181,1999845.11485594,1969782.0811865,1965164.64643457,145355.380997741,135045.805241924,281158.509785871,493102.993085747,694318.114397828,883949.378137902,629849.658808591,470253.893182907,392987.11173349,253860.328258229,346563.444213547,584804.938712474,622752.8549883,1009119.99236929,388660.924506806,535649.726610747,427648.96395984,366908.25565926,666248.513370797,951798.907198799,1313246.88021173,948890.850230251,TRUE,FALSE,FALSE,FALSE,FALSE,FALSE,FALSE,FALSE,FALSE,FALSE,FALSE,FALSE,FALSE,FALSE,FALSE,TRUE,FALSE,FALSE,FALSE,FALSE,FALSE,FALSE,FALSE,FALSE,FALSE,FALSE,FALSE,FALSE,FALSE,FALSE,FALSE,FALSE,FALSE,FALSE,FALSE,FALSE,FALSE,FALSE,FALSE,FALSE,FALSE,FALSE,FALSE,FALSE,FALSE,FALSE,FALSE,FALSE,TRUE,FALSE,FALSE,FALSE,FALSE,FALSE,FALSE,FALSE,FALSE,FALSE,FALSE,FALSE,FALSE,FALSE,FALSE,FALSE,FALSE,FALSE,FALSE,FALSE,FALSE,FALSE,FALSE,FALSE,FALSE,FALSE,FALSE,FALSE,FALSE,FALSE,FALSE,FALSE,FALSE,FALSE,FALSE,FALSE,FALSE,FALSE,FALSE,FALSE,FALSE,FALSE,FALSE,FALSE,FALSE,FALSE,FALSE,FALSE,FALSE,FALSE,FALSE,FALSE,FALSE,FALSE,FALSE,FALSE,FALSE,FALSE,FALSE,FALSE,FALSE,FALSE,FALSE,FALSE,FALSE,FALSE
"11 before",2023-10-11 09:50:41.32,"2023-10-11","9H 50M 41.32S","Before","Aurora","V0333","Flow Core",2006,346,535,727,465,327,456,393,475,270,354,359,527,907,632,1144,183,183,281,342,255,190,219,195,260,395,263,297,244,216,216,285,535,328,559,559,160,160,999,448,470,452,458,293,551,443,692,517,323,412,680,653,204,328,389,311,243,354,613,273,-19.975,0,20.5,39.775,1.15,1.09,0.91,1.06,6.86,5.51,2.23,2.31,2.31,2.46,2.63,2.6,2.61,2.65,2.59,2.51,2.61,3.06,2.85,5.4,3.55,4,2.32,1.86,1.8,1.74,1.88,1.73,1.65,1.57,1.73,1.79,1.53,1.46,1.38,1.55,1.98,5.05,2.28,1.96,4.17,4.52,4.83,4.7,4.6,4.35,4.26,4.03,3.99,3.96,4.09,4.13,4.28,4.41,4.96,7.03,1.97,2.19,2.09,1.9,1.79,2.27,2.41,2.84,109957.188827093,736424.806153948,637020.531751608,574348.897487921,628094.843283715,973487.686111283,1359450.63288951,829104.826397143,1297837.45513722,1535878.96414661,842457.056701383,426972.866743729,399550.007436411,1342880.87129043,1764211.67473186,2016647.38597996,1989289.85225682,1977301.48701773,479648.670941597,1101464.50974406,1247727.79147756,1232439.18429189,1146881.01279481,845019.773171236,965780.466076532,1030221.9942709,1231228.78318357,2173667.09787257,1036139.07065198,501182.762043497,481589.569192403,1242232.81605442,1836674.85319054,1495163.21568608,2027192.51242127,2052004.99447173,2009756.07986354,1994495.13183354,144369.998465949,134066.122561192,279455.689219436,484267.883054012,691394.783555885,880906.805787611,625965.871269136,466979.223813031,398544.249867407,251889.665967319,347608.264376536,591334.22966299,624922.521389146,1015017.47673896,393775.378001318,536995.638415514,424094.625011221,359362.986031465,670535.796315923,974064.208506221,1330100.50413714,968137.764862855,TRUE,FALSE,FALSE,FALSE,FALSE,FALSE,FALSE,FALSE,FALSE,FALSE,FALSE,FALSE,FALSE,FALSE,FALSE,FALSE,FALSE,FALSE,FALSE,FALSE,FALSE,FALSE,FALSE,FALSE,FALSE,FALSE,FALSE,FALSE,FALSE,FALSE,FALSE,FALSE,FALSE,FALSE,FALSE,FALSE,FALSE,FALSE,FALSE,FALSE,FALSE,FALSE,FALSE,FALSE,FALSE,FALSE,FALSE,FALSE,TRUE,FALSE,FALSE,FALSE,FALSE,FALSE,FALSE,FALSE,FALSE,TRUE,FALSE,FALSE,FALSE,FALSE,FALSE,FALSE,FALSE,FALSE,FALSE,FALSE,FALSE,FALSE,FALSE,FALSE,FALSE,FALSE,FALSE,FALSE,FALSE,FALSE,FALSE,FALSE,FALSE,FALSE,FALSE,FALSE,FALSE,FALSE,FALSE,FALSE,FALSE,FALSE,FALSE,FALSE,FALSE,FALSE,FALSE,FALSE,FALSE,FALSE,FALSE,FALSE,FALSE,FALSE,FALSE,FALSE,FALSE,FALSE,FALSE,FALSE,FALSE,FALSE,FALSE,FALSE,FALSE,FALSE
"06 After",2023-10-06 09:27:47.28,"2023-10-06","9H 27M 47.28S","After","Aurora","V0333","Flow Core",2006,346,535,727,465,327,456,393,475,270,354,359,527,907,632,1144,183,183,281,342,255,190,219,195,260,395,263,297,244,216,216,285,535,328,559,559,160,160,999,448,470,452,458,293,551,443,692,517,323,412,680,653,204,328,389,311,243,354,613,273,-19.975,0,20.5,39.775,1.15,1.09,0.91,1.06,6.69,5.59,2.49,2.59,2.57,2.75,2.94,2.92,2.91,2.95,2.87,2.85,2.8,3.08,2.89,5.7,3.68,4.09,2.3,1.96,1.79,1.65,1.77,1.65,1.61,1.63,1.72,1.67,1.56,1.6,1.35,1.76,2.51,5.91,2.86,2.76,1.2,1.54,2.17,1.84,1.59,1.6,1.63,1.59,1.55,1.53,1.78,1.68,1.68,1.89,2.72,4.86,2.14,2.47,2.32,1.96,1.93,2.67,2.98,3.6,111561.029300098,736330.892872101,644044.613341432,583487.528490594,634561.588948532,988113.004447631,1380176.46416999,841719.762076839,1317222.20417266,1565104.98949051,855231.599365178,431954.2103972,404175.433296947,1355821.38021053,1780038.90440519,2023456.07077271,2010285.22049899,2002588.15672635,472343.065474478,1101469.13644571,1256281.78944235,1231949.72789075,1150286.3160463,851514.182081989,977879.886319084,1048888.55744772,1250293.07656607,2166671.78352529,1028189.1580608,514725.027000189,509436.160262618,1269401.96744578,1839511.25365256,1399758.03156936,2004698.76500337,2028788.69557788,2027848.82054956,2020770.14356947,146704.677551282,135959.325192064,284234.214354083,492316.395921258,703940.130528283,895069.810862109,636403.687479175,475589.084404191,405512.669068483,255720.452312879,350275.337349521,595066.464111855,625456.461570306,1008510.87891998,392901.294887323,537811.505330069,425653.06052741,359354.158965803,666430.786674521,963998.027015465,1313556.01203979,951477.430044861,TRUE,FALSE,FALSE,FALSE,FALSE,FALSE,FALSE,FALSE,FALSE,FALSE,FALSE,FALSE,FALSE,FALSE,FALSE,FALSE,FALSE,FALSE,FALSE,FALSE,FALSE,FALSE,FALSE,FALSE,FALSE,FALSE,FALSE,FALSE,FALSE,FALSE,FALSE,FALSE,FALSE,FALSE,FALSE,FALSE,FALSE,FALSE,FALSE,FALSE,FALSE,FALSE,FALSE,FALSE,FALSE,FALSE,FALSE,FALSE,FALSE,FALSE,FALSE,FALSE,FALSE,FALSE,FALSE,FALSE,FALSE,TRUE,FALSE,FALSE,FALSE,FALSE,FALSE,FALSE,FALSE,FALSE,FALSE,FALSE,FALSE,FALSE,FALSE,FALSE,FALSE,FALSE,FALSE,FALSE,FALSE,FALSE,FALSE,FALSE,FALSE,FALSE,FALSE,FALSE,FALSE,FALSE,FALSE,FALSE,FALSE,FALSE,FALSE,FALSE,FALSE,FALSE,FALSE,FALSE,FALSE,FALSE,FALSE,FALSE,FALSE,FALSE,FALSE,FALSE,FALSE,FALSE,FALSE,FALSE,FALSE,FALSE,FALSE,FALSE,FALSE,FALSE
"06 Before",2023-10-06 09:18:59.89,"2023-10-06","9H 18M 59.89S","Before","Aurora","V0333","Flow Core",1854,336,527,717,456,321,448,386,467,266,345,351,507,857,600,1052,183,183,282,340,252,189,220,193,258,398,265,297,242,217,217,281,524,317,555,555,158,158,1006,450,474,455,462,294,551,443,694,518,320,406,671,643,198,322,382,305,237,345,596,265,-19.975,0,20.475,39.825,1.15,1.1,0.91,1.06,6.63,5.46,2.54,2.73,2.81,2.96,3.15,3.13,3.12,3.15,3.04,2.98,2.96,3.12,2.77,5.27,3.75,4.15,2.31,1.93,1.8,1.66,1.74,1.62,1.59,1.57,1.67,1.61,1.39,1.36,1.32,1.53,2.29,5.58,4.77,4.78,2.16,1.95,1.86,1.49,1.31,1.4,1.44,1.54,1.46,1.44,1.59,1.52,1.48,1.54,1.9,2.86,2.04,2.17,2.05,1.91,1.75,2.32,2.45,2.85,103021.934404572,717407.723976662,628873.01818958,576177.014308364,621255.907328205,971925.525538467,1369147.40528222,834221.100075762,1299360.98789425,1532616.99233475,831726.573283222,419233.96236137,388337.486342745,1287417.60544598,1713086.53458113,1897134.64902865,2000700.28696013,2004059.34974181,478560.17937532,1089005.97305554,1240310.21288481,1222145.50064879,1160307.42088635,839828.977328508,964159.50384675,1047777.27735783,1256408.34685828,2143514.57366093,1010649.87723224,512635.615191249,513634.287179834,1264275.41494847,1819150.83300222,1384085.26543668,1983982.0961794,2016676.22086891,1985204.99568106,2008127.00919554,148567.716109129,137458.367779676,286542.512579688,501775.380089784,716864.882080542,898080.649964466,639197.456311661,476260.351721174,406897.415869095,262037.227639184,349766.179816794,591747.943549048,629865.852759171,1032996.14927269,377257.692397391,517682.603279999,414873.241596797,352519.823801905,654282.654085568,950578.068639458,1300188.78886623,948580.548196349,TRUE,FALSE,FALSE,FALSE,FALSE,FALSE,FALSE,FALSE,FALSE,FALSE,FALSE,FALSE,FALSE,FALSE,FALSE,FALSE,FALSE,FALSE,FALSE,FALSE,FALSE,FALSE,FALSE,FALSE,FALSE,FALSE,FALSE,FALSE,FALSE,FALSE,FALSE,FALSE,FALSE,FALSE,FALSE,FALSE,FALSE,FALSE,FALSE,FALSE,FALSE,FALSE,FALSE,FALSE,FALSE,FALSE,FALSE,FALSE,FALSE,FALSE,FALSE,FALSE,FALSE,FALSE,FALSE,FALSE,FALSE,FALSE,FALSE,FALSE,FALSE,FALSE,FALSE,FALSE,FALSE,FALSE,FALSE,FALSE,FALSE,FALSE,FALSE,FALSE,FALSE,FALSE,FALSE,FALSE,FALSE,FALSE,FALSE,FALSE,FALSE,FALSE,FALSE,FALSE,FALSE,FALSE,FALSE,FALSE,FALSE,FALSE,FALSE,FALSE,FALSE,FALSE,FALSE,FALSE,FALSE,FALSE,FALSE,FALSE,FALSE,FALSE,FALSE,FALSE,FALSE,FALSE,FALSE,FALSE,FALSE,FALSE,FALSE,FALSE,FALSE,FALSE
"05 After",2023-10-05 09:58:27.34,"2023-10-05","9H 58M 27.34S","After","Aurora","V0333","Flow Core",1854,336,527,717,456,321,448,386,467,266,345,351,507,857,600,1052,183,183,282,340,252,189,220,193,258,398,265,297,242,217,217,281,524,317,555,555,158,158,1006,450,474,455,462,294,551,443,694,518,320,406,671,643,198,322,382,305,237,345,596,265,-19.975,0,20.475,39.825,1.15,1.1,0.91,1.06,6.55,5.64,2.73,2.85,2.82,2.95,3.14,3.12,3.12,3.08,3.06,3,3.12,3.46,2.86,5.12,3.67,4.08,2.24,2.1,1.92,1.71,1.86,1.77,1.69,1.64,1.78,1.78,1.5,1.47,1.45,1.69,2.39,5.76,1.74,1.35,3.4,3.76,4.32,4.25,4.13,3.9,3.79,3.55,3.5,3.52,3.65,3.68,3.81,4.07,4.76,7.11,1.94,2.19,2.06,1.88,1.79,2.37,2.52,3.03,96360.2205462862,703945.37719036,631322.677749963,577047.405234237,626666.338760326,976687.833164743,1373722.5801674,837293.214297211,1300415.98554202,1536866.44484846,837125.537025667,421552.663687315,383876.130192259,1242670.92878181,1667914.95230167,1774687.34188353,2015876.02978414,2012784.10023801,476299.063233199,1093302.06209293,1256141.41080569,1229049.81481059,1156707.7295603,849010.860806669,975523.196723932,1041489.12673391,1248780.97493633,2164006.52980712,1026702.01247458,513248.184099605,510228.783083079,1272721.79130954,1840902.46816774,1395004.42482312,2003502.22607929,2027339.12193836,1999948.17735575,2006267.06722585,146490.995916804,135851.440068337,283271.29903084,497211.964472788,710129.700474356,891410.677779032,639332.013586356,476806.508937024,405536.668816999,261629.975646376,349687.0145593,591097.22636172,626037.045993677,1017252.02934499,391007.508276513,534259.911630495,428218.48558506,362692.961182686,667387.651789803,964311.404203323,1311377.05893371,949940.658791563,TRUE,FALSE,FALSE,FALSE,FALSE,FALSE,FALSE,FALSE,FALSE,FALSE,FALSE,FALSE,FALSE,FALSE,FALSE,FALSE,FALSE,FALSE,FALSE,FALSE,FALSE,FALSE,FALSE,FALSE,FALSE,FALSE,FALSE,FALSE,FALSE,FALSE,FALSE,FALSE,FALSE,FALSE,FALSE,FALSE,FALSE,FALSE,FALSE,FALSE,FALSE,FALSE,FALSE,FALSE,FALSE,FALSE,FALSE,FALSE,TRUE,FALSE,FALSE,FALSE,FALSE,FALSE,FALSE,FALSE,FALSE,FALSE,FALSE,FALSE,FALSE,FALSE,FALSE,FALSE,FALSE,FALSE,FALSE,FALSE,FALSE,FALSE,FALSE,FALSE,FALSE,FALSE,FALSE,FALSE,FALSE,FALSE,FALSE,FALSE,FALSE,FALSE,FALSE,FALSE,FALSE,FALSE,FALSE,FALSE,FALSE,FALSE,FALSE,FALSE,FALSE,FALSE,FALSE,FALSE,FALSE,FALSE,FALSE,FALSE,FALSE,FALSE,FALSE,FALSE,FALSE,FALSE,FALSE,FALSE,FALSE,FALSE,FALSE,FALSE,FALSE,FALSE
"05 Before",2023-10-05 09:51:23.23,"2023-10-05","9H 51M 23.23S","Before","Aurora","V0333","Flow Core",2013,347,534,728,463,327,456,394,477,271,353,359,524,899,627,1139,182,182,281,340,253,189,219,193,258,396,264,296,242,216,215,279,524,320,549,549,156,156,1004,449,471,451,459,293,550,441,689,514,318,405,672,648,200,322,382,305,238,347,602,269,-20,0,20.575,39.875,1.15,1.09,0.91,1.06,6.52,5.39,2.87,2.95,2.95,3.12,3.3,3.28,3.27,3.29,3.21,3.14,3.09,3.17,2.7,5.1,3.61,3.96,2.26,2.08,1.93,1.74,1.88,1.76,1.69,1.64,1.78,1.77,1.51,1.49,1.51,1.91,2.77,6.53,1.9,1.49,2.78,2.99,4.34,4.23,4.12,3.91,3.84,3.58,3.52,3.52,3.61,3.66,3.77,3.89,4.74,7.25,2.04,2.22,2.12,1.91,1.8,2.33,2.44,3,114871.013855561,754412.887710915,648101.564162947,593852.817464605,640473.801576928,1006014.6730516,1404621.89271795,857618.086152546,1356585.24581562,1586608.82845608,863099.599498928,441489.937579493,412440.436212225,1382779.01431207,1820999.84734321,2104665.19515373,2014142.39175205,2021606.31840195,475539.90177148,1099064.02392986,1257343.31348233,1230489.98415836,1154311.69462074,851032.766625299,975595.063888312,1047330.33076686,1244602.69637751,2143026.30413603,1029203.52607379,516159.031846099,508675.539166625,1262229.09478762,1836637.5477538,1398804.26874824,1965071.02161885,1986923.26853207,1978085.89887295,1978007.61694703,147139.717963054,136340.886514452,284246.084032203,491804.81175821,710724.713677451,891789.370557988,639325.604734919,470156.480323385,397598.493615002,257389.558015322,347957.594449821,591459.397503675,627091.2792603,1027089.16577419,396352.022120953,536438.804661594,429777.828993807,364065.367279652,671503.229122633,972850.781441164,1335902.15463137,972920.571886531,TRUE,FALSE,FALSE,FALSE,FALSE,FALSE,FALSE,FALSE,FALSE,FALSE,FALSE,FALSE,FALSE,FALSE,FALSE,FALSE,FALSE,FALSE,FALSE,FALSE,FALSE,FALSE,FALSE,FALSE,FALSE,FALSE,FALSE,FALSE,FALSE,FALSE,FALSE,FALSE,TRUE,FALSE,FALSE,FALSE,FALSE,FALSE,FALSE,FALSE,FALSE,FALSE,FALSE,FALSE,FALSE,FALSE,FALSE,FALSE,TRUE,FALSE,FALSE,FALSE,FALSE,FALSE,FALSE,FALSE,FALSE,TRUE,FALSE,FALSE,FALSE,FALSE,FALSE,FALSE,FALSE,FALSE,FALSE,FALSE,FALSE,FALSE,FALSE,FALSE,FALSE,FALSE,FALSE,FALSE,FALSE,FALSE,FALSE,FALSE,FALSE,FALSE,FALSE,FALSE,FALSE,FALSE,FALSE,FALSE,FALSE,FALSE,FALSE,FALSE,FALSE,FALSE,FALSE,FALSE,FALSE,FALSE,FALSE,FALSE,FALSE,FALSE,FALSE,FALSE,FALSE,FALSE,FALSE,FALSE,FALSE,FALSE,FALSE,FALSE,FALSE,FALSE
"04 After",2023-10-04 14:16:40.65,"2023-10-04","14H 16M 40.65S","After","Aurora","V0333","Flow Core",2013,347,534,728,463,327,456,394,477,271,353,359,524,899,627,1139,182,182,281,340,253,189,219,193,258,396,264,296,242,216,215,279,524,320,549,549,156,156,1004,449,471,451,459,293,550,441,689,514,318,405,672,648,200,322,382,305,238,347,602,269,-20,0,20.575,39.875,1.15,1.09,0.91,1.06,6.19,5.59,2.25,2.22,2.29,2.47,2.61,2.63,2.59,2.64,2.55,2.5,2.3,1.87,2.06,4.57,3.76,4.18,2.2,2.03,1.82,1.53,1.75,1.58,1.51,1.5,1.7,1.69,1.38,1.32,1.28,1.55,2.21,5.3,2.2,1.77,3.73,4.1,4.47,4.39,4.23,4.03,3.94,3.7,3.67,3.68,3.82,3.85,3.99,4.28,4.83,7.05,1.94,2.15,2.05,1.87,1.78,2.34,2.49,2.87,100534.208370739,706130.537594903,623916.869935968,571099.014973626,618349.06653463,970412.032463975,1352018.30136001,824209.017305497,1299870.44919768,1527487.13956936,824595.665410311,421678.073287056,387167.987769493,1268906.20951868,1688442.17196037,1858703.53959089,2000675.18672703,1993829.1038929,466384.135927383,1077544.67908243,1235510.55225981,1210329.47602888,1133602.07028967,837893.677781635,963750.738833777,1031463.13523236,1224653.23600523,2116204.28187674,1013345.92455851,509524.123385427,501668.472397401,1250957.13261844,1814571.33360401,1377153.5733132,1981325.60147968,1993551.19495966,1967542.70428445,1953759.49830916,144357.973861182,134110.357337816,280198.309235276,484639.326072433,699447.793528431,877691.566238732,626158.781350187,463308.822356035,392011.804616526,253744.448722376,343047.287999642,581032.041692334,612267.988916893,995112.140559626,388507.049790198,530424.016445424,425156.169671707,359488.644124294,662080.448022616,954595.537265425,1305451.7633879,943104.426533208,TRUE,FALSE,FALSE,FALSE,FALSE,FALSE,FALSE,FALSE,FALSE,FALSE,FALSE,FALSE,FALSE,FALSE,FALSE,FALSE,FALSE,FALSE,FALSE,FALSE,FALSE,FALSE,FALSE,FALSE,FALSE,FALSE,FALSE,FALSE,FALSE,FALSE,FALSE,FALSE,FALSE,FALSE,FALSE,FALSE,FALSE,FALSE,FALSE,FALSE,FALSE,FALSE,FALSE,FALSE,FALSE,FALSE,FALSE,FALSE,TRUE,FALSE,FALSE,FALSE,FALSE,FALSE,FALSE,FALSE,FALSE,TRUE,FALSE,FALSE,FALSE,FALSE,FALSE,FALSE,FALSE,FALSE,FALSE,FALSE,FALSE,FALSE,FALSE,FALSE,FALSE,FALSE,FALSE,FALSE,FALSE,FALSE,FALSE,FALSE,FALSE,FALSE,FALSE,FALSE,FALSE,FALSE,FALSE,FALSE,FALSE,FALSE,FALSE,FALSE,FALSE,FALSE,FALSE,FALSE,FALSE,FALSE,FALSE,FALSE,FALSE,FALSE,FALSE,FALSE,FALSE,FALSE,FALSE,FALSE,FALSE,FALSE,FALSE,FALSE,FALSE,FALSE
"04 Before",2023-10-04 14:04:01.37,"2023-10-04","14H 4M 1.37S","Before","Aurora","V0333","Flow Core",2001,345,549,741,478,331,466,398,485,276,356,366,535,905,624,1128,182,182,279,344,257,187,221,196,260,387,265,301,244,212,213,287,543,326,538,538,162,162,1019,453,476,462,466,298,556,447,697,524,324,411,681,652,199,323,381,308,238,345,597,266,-20.025,0,20.475,39.775,1.15,1.1,0.91,1.06,5.94,5.36,2.24,2.22,2.24,2.45,2.56,2.63,2.57,2.61,2.56,2.5,2.29,1.78,2.01,4.22,3.55,3.93,1.93,1.75,1.6,1.36,1.51,1.42,1.35,1.31,1.45,1.43,1.17,1.18,1.13,1.4,2.11,5.4,2.24,1.59,3.59,3.76,4.62,4.42,4.38,4.2,4.11,3.87,3.8,3.83,3.93,3.99,4.07,4.39,4.93,6.94,1.69,1.97,1.86,1.67,1.54,2.07,2.3,2.68,98812.0205640222,709856.221478743,643908.955718798,581651.104260087,636175.903048798,987928.030678868,1394274.00784165,837835.309539099,1331277.0458177,1588982.06453802,836808.194301757,432507.584097656,389428.888604965,1255606.90784221,1680352.20992138,1811650.4439727,2013824.81324228,2011131.70703365,469869.989568807,1100310.76632731,1275038.97853043,1212927.26025418,1155339.38113285,859978.043963889,981508.981563827,1022254.93832143,1277651.77066144,2233545.51801414,1031271.28577973,499889.43118022,497414.837416251,1296956.2832859,1907893.5750771,1414843.1838532,1942438.39429929,1957759.16130678,2074060.28444181,2076339.45435148,149681.973862118,137740.972282674,288617.396947749,509821.918980304,735274.051373171,921810.366872212,647912.062037544,478132.152241451,406144.090595123,261472.662206669,356004.978089185,601556.989982903,633818.247443475,1020950.31824852,370569.575718397,522589.254163442,411988.875910393,354210.414515683,657788.057048576,948416.660991175,1295994.72926272,927224.084846696,FALSE,FALSE,FALSE,FALSE,FALSE,FALSE,FALSE,FALSE,FALSE,FALSE,FALSE,FALSE,FALSE,FALSE,FALSE,FALSE,FALSE,FALSE,FALSE,FALSE,FALSE,FALSE,FALSE,FALSE,FALSE,FALSE,FALSE,FALSE,FALSE,FALSE,FALSE,FALSE,FALSE,FALSE,FALSE,FALSE,FALSE,FALSE,FALSE,FALSE,FALSE,FALSE,FALSE,FALSE,FALSE,FALSE,FALSE,FALSE,TRUE,FALSE,FALSE,FALSE,FALSE,FALSE,FALSE,FALSE,FALSE,TRUE,FALSE,FALSE,FALSE,FALSE,FALSE,FALSE,FALSE,FALSE,FALSE,FALSE,FALSE,FALSE,FALSE,FALSE,FALSE,FALSE,FALSE,FALSE,FALSE,FALSE,FALSE,FALSE,FALSE,FALSE,FALSE,FALSE,FALSE,FALSE,FALSE,FALSE,FALSE,FALSE,FALSE,FALSE,FALSE,FALSE,FALSE,FALSE,FALSE,FALSE,FALSE,FALSE,FALSE,FALSE,FALSE,FALSE,FALSE,FALSE,FALSE,FALSE,FALSE,FALSE,FALSE,FALSE,FALSE,FALSE
"29 After",2023-09-29 10:22:50.56,"2023-09-29","10H 22M 50.56S","After","Aurora","V0333","Flow Core",2001,345,549,741,478,331,466,398,485,276,356,366,535,905,624,1128,182,182,279,344,257,187,221,196,260,387,265,301,244,212,213,287,543,326,538,538,162,162,1019,453,476,462,466,298,556,447,697,524,324,411,681,652,199,323,381,308,238,345,597,266,-20.025,0,20.475,39.775,1.15,1.1,0.91,1.06,5.86,4.7,2.5,2.35,2.36,2.56,2.7,2.7,2.68,2.74,2.69,2.64,2.64,2.76,2.4,4.64,3.6,3.69,1.96,1.74,1.74,1.68,1.63,1.56,1.57,1.5,1.52,1.53,1.37,1.34,1.41,2.08,2.96,7.12,3.85,4.02,2.39,2.23,2,1.59,1.26,1.23,1.25,1.27,1.16,1.11,1.34,1.31,1.28,1.46,2.45,4.87,1.92,2.14,1.97,1.79,1.61,2.06,2.15,2.97,104345.499296017,736121.01690743,648777.120847969,586345.490189687,635224.127463507,990325.613953014,1396402.88715522,841442.157973727,1327023.48379107,1568608.44516462,841670.033397262,435560.502034896,393158.615821539,1268774.21473243,1710496.13712049,1884293.75735403,2036937.35267624,2042227.61543483,483220.539090609,1105318.61979187,1270084.55548835,1233858.3319781,1163529.19968157,851649.681728275,982562.545013221,1043871.41565933,1263904.24397279,2152013.39269012,1037134.73078364,517144.778154797,511578.244219166,1266287.92036691,1844548.90429288,1360193.91304552,1961939.5404047,1978117.85898157,2012000.72030026,2029378.43418801,149358.290911098,137314.343837781,286607.016998459,502472.48462349,716484.192659492,894821.167111034,643173.278202216,474224.599263146,404050.696212921,259844.275935837,352123.350939548,595574.088869314,629425.247176613,1015995.06394039,394450.959245587,543978.026577785,429373.170584861,369130.97021472,673212.358952236,972836.314822857,1331112.67822607,954386.823179548,FALSE,FALSE,FALSE,FALSE,FALSE,FALSE,FALSE,FALSE,FALSE,FALSE,FALSE,FALSE,FALSE,FALSE,FALSE,FALSE,FALSE,FALSE,FALSE,FALSE,FALSE,FALSE,FALSE,FALSE,FALSE,FALSE,FALSE,FALSE,FALSE,FALSE,FALSE,FALSE,TRUE,FALSE,FALSE,FALSE,FALSE,FALSE,FALSE,FALSE,FALSE,FALSE,FALSE,FALSE,FALSE,FALSE,FALSE,FALSE,FALSE,FALSE,FALSE,FALSE,FALSE,FALSE,FALSE,FALSE,FALSE,TRUE,FALSE,FALSE,FALSE,FALSE,FALSE,FALSE,FALSE,FALSE,FALSE,FALSE,FALSE,FALSE,FALSE,FALSE,FALSE,FALSE,FALSE,FALSE,FALSE,FALSE,FALSE,FALSE,FALSE,FALSE,FALSE,FALSE,FALSE,FALSE,FALSE,FALSE,FALSE,FALSE,FALSE,FALSE,FALSE,FALSE,FALSE,FALSE,FALSE,FALSE,FALSE,FALSE,FALSE,FALSE,FALSE,FALSE,FALSE,FALSE,FALSE,FALSE,FALSE,FALSE,FALSE,FALSE,FALSE,FALSE
"29 Before",2023-09-29 10:08:36.95,"2023-09-29","10H 8M 36.95S","Before","Aurora","V0333","Flow Core",1905,340,534,719,468,325,455,389,473,271,351,356,517,879,615,1096,182,182,282,348,255,185,223,198,257,392,270,307,240,210,215,293,556,327,557,557,160,160,1010,452,472,454,457,293,544,440,693,518,322,409,678,645,202,324,385,311,241,349,606,270,-20.05,0,20.625,39.925,1.15,1.09,0.9,1.06,7.54,7.73,1.9,2.61,2.61,2.69,2.97,2.95,3.06,2.98,2.91,2.78,2.92,2.97,2.54,5.42,4.8,5.66,3.95,3.51,3.6,3.43,3.22,3.23,3.28,3,2.9,2.72,2.61,2.6,2.85,3.31,4.14,6.81,4.94,4.22,3.05,3.19,2.82,2.58,2.6,2.32,2.27,2.1,2.19,2.16,2.37,2.44,2.63,2.78,3.23,4.76,3.24,3.21,3.25,3.29,3.45,4.11,4.04,4.24,102549.605768152,708765.593050358,633365.116552268,577351.764357714,637039.768140822,976212.772834061,1378813.60155897,827572.099886359,1307393.92659657,1544807.10924473,835149.218909199,420775.76129242,390719.175065673,1273777.33739714,1702905.47454352,1916262.53007102,1998054.71683417,2000317.14629535,487832.136952175,1123823.53565799,1269832.34638548,1227812.72867353,1182514.50212251,867656.550962379,985914.431548,1065711.00110009,1280089.79997858,2209226.20575165,1040080.39591979,518853.195011591,521779.733413804,1306987.21025962,1925693.20409146,1460604.44915142,2027847.58894472,2043928.55887862,2037411.5531407,2036731.64765816,148160.456761439,139248.543325347,285518.317432401,494248.687593877,703576.913870848,893661.50003129,625520.037594865,468869.967533978,406799.329922854,261443.268365962,353113.41995563,595800.671929226,628354.765358963,1034357.88164621,377448.360056842,514242.026486247,412503.279265142,349679.092245246,647057.605895118,930208.201416055,1286584.60934219,940440.327322453,TRUE,TRUE,FALSE,FALSE,FALSE,FALSE,FALSE,FALSE,FALSE,FALSE,FALSE,FALSE,FALSE,FALSE,FALSE,FALSE,FALSE,FALSE,FALSE,FALSE,FALSE,FALSE,FALSE,FALSE,FALSE,FALSE,FALSE,FALSE,FALSE,FALSE,FALSE,FALSE,TRUE,FALSE,FALSE,FALSE,FALSE,FALSE,FALSE,FALSE,FALSE,FALSE,FALSE,FALSE,FALSE,FALSE,FALSE,FALSE,FALSE,FALSE,FALSE,FALSE,FALSE,FALSE,FALSE,FALSE,FALSE,FALSE,FALSE,FALSE,FALSE,FALSE,FALSE,FALSE,FALSE,FALSE,FALSE,FALSE,FALSE,FALSE,FALSE,FALSE,FALSE,FALSE,FALSE,FALSE,FALSE,FALSE,FALSE,FALSE,FALSE,FALSE,FALSE,FALSE,FALSE,FALSE,FALSE,FALSE,FALSE,FALSE,FALSE,FALSE,FALSE,FALSE,FALSE,FALSE,FALSE,FALSE,FALSE,FALSE,FALSE,FALSE,FALSE,FALSE,FALSE,FALSE,FALSE,FALSE,FALSE,FALSE,FALSE,FALSE,FALSE,FALSE
"28 After",2023-09-28 14:09:38.21,"2023-09-28","14H 9M 38.21S","After","Aurora","V0333","Flow Core",1905,340,534,719,468,325,455,389,473,271,351,356,517,879,615,1096,182,182,282,348,255,185,223,198,257,392,270,307,240,210,215,293,556,327,557,557,160,160,1010,452,472,454,457,293,544,440,693,518,322,409,678,645,202,324,385,311,241,349,606,270,-20.05,0,20.625,39.925,1.15,1.09,0.9,1.06,10.65,8.1,2.98,2.62,2.81,3.05,3.23,3.21,3.18,3.18,3.03,2.87,3.14,5.12,6.46,10.3,3.96,4.56,2.34,2.13,2.35,2.14,1.89,1.89,1.99,1.86,1.91,1.87,1.78,1.7,1.7,1.95,2.57,6.2,2.85,3,1.75,2.51,2.98,2.58,2.33,2.27,2.31,2.33,2.27,2.2,2.45,2.49,2.5,3.14,4.19,6.76,2.24,2.54,2.48,2.4,2.54,3.57,4.08,5,95649.5602164046,677306.189571562,618764.154828756,565915.18952161,631441.914514768,974976.391938431,1376667.38183702,829754.025179011,1306681.86386004,1552523.33471387,838939.67920837,421958.929163891,384032.716335189,1216734.16767494,1613971.44217225,1742268.94814963,1983422.01936901,1973947.29419349,477067.286653902,1095416.57348296,1248437.49093627,1210665.9764867,1149215.31134515,848400.801489614,973249.9640668,1045151.50000238,1248922.2473128,2155461.41240378,1035193.67430662,514808.206229653,510039.789420727,1255760.65172667,1825824.64913226,1355246.20963675,1957825.01297923,1953826.13460767,2009742.66024361,1994363.19438348,144207.675839053,135742.861033337,281323.78549532,486579.694033436,694931.863885734,883543.77607451,620102.274893688,463649.040780247,401264.779309309,258408.890547468,347169.197738988,582359.690198583,611957.662798912,979679.606136527,385943.021116242,524415.003493599,419958.296893039,356490.427419083,655899.661818581,935339.449711383,1281577.19930558,922073.922746173,TRUE,TRUE,FALSE,FALSE,FALSE,FALSE,FALSE,FALSE,FALSE,FALSE,FALSE,FALSE,FALSE,FALSE,TRUE,TRUE,FALSE,FALSE,FALSE,FALSE,FALSE,FALSE,FALSE,FALSE,FALSE,FALSE,FALSE,FALSE,FALSE,FALSE,FALSE,FALSE,TRUE,FALSE,FALSE,FALSE,FALSE,FALSE,FALSE,FALSE,FALSE,FALSE,FALSE,FALSE,FALSE,FALSE,FALSE,FALSE,TRUE,FALSE,FALSE,FALSE,FALSE,FALSE,FALSE,FALSE,FALSE,FALSE,FALSE,FALSE,FALSE,FALSE,FALSE,FALSE,FALSE,FALSE,FALSE,FALSE,FALSE,FALSE,FALSE,FALSE,FALSE,FALSE,FALSE,FALSE,FALSE,FALSE,FALSE,FALSE,FALSE,FALSE,FALSE,FALSE,FALSE,FALSE,FALSE,FALSE,FALSE,FALSE,FALSE,FALSE,FALSE,FALSE,FALSE,FALSE,FALSE,FALSE,FALSE,FALSE,FALSE,FALSE,FALSE,FALSE,FALSE,FALSE,FALSE,FALSE,FALSE,FALSE,FALSE,FALSE,FALSE,FALSE
"28 Before",2023-09-28 13:59:42.46,"2023-09-28","13H 59M 42.46S","Before","Aurora","V0333","Flow Core",1948,346,546,737,476,329,464,396,482,275,357,362,529,906,623,1110,182,182,278,340,253,186,218,195,259,390,265,300,245,213,213,286,539,323,560,560,160,160,1004,449,470,453,457,293,543,441,693,518,321,408,674,640,198,321,379,306,237,344,595,265,-20.025,0,20.45,39.675,1.16,1.1,0.92,1.07,6.68,5.23,2.83,3.05,3.02,3.16,3.33,3.24,3.19,3.08,3.04,2.95,3.32,4.11,3.29,5.46,3.75,4.15,1.85,1.88,2.02,1.72,1.61,1.69,1.74,1.51,1.59,1.61,1.58,1.53,1.35,1.57,2.23,5.85,4.38,4.59,2.56,2.06,1.89,1.57,1.34,1.4,1.44,1.61,1.51,1.44,1.55,1.53,1.62,1.68,2.15,2.95,2.14,2.33,2.23,1.99,1.95,2.41,2.57,2.89,103826.978824845,748180.928832759,671207.247479241,599711.535218167,660077.059519254,1012078.93067103,1432675.96851645,873464.648590535,1386150.24953682,1614257.64300884,879444.535983413,450741.778010545,412043.030560924,1334452.32604738,1732262.79835057,1873179.37983172,1997032.60390026,2038233.41974931,469699.008070593,1084096.01449055,1263344.91948841,1238832.09898919,1133339.84269665,850111.700630669,997590.287419635,1050938.46522282,1239384.35165241,2141396.75353155,1084861.01624463,534328.455837775,507371.736167584,1223810.07932825,1755464.74347364,1351124.22757277,1990377.7577792,2075239.53980054,1998780.40345269,2049592.35609516,148725.633064274,138094.269523628,291169.237795177,503535.023274206,718702.020274759,912702.549541468,642983.605454987,481624.143429505,417314.592240546,267664.474585038,354872.547533644,595545.007263525,628477.722567789,1001129.9958573,399699.779070744,549322.974956386,439475.594851362,370440.946723274,669096.340420993,955799.67807942,1293771.50897594,924749.614049403,TRUE,FALSE,FALSE,FALSE,FALSE,FALSE,FALSE,FALSE,FALSE,FALSE,FALSE,FALSE,FALSE,FALSE,FALSE,FALSE,FALSE,FALSE,FALSE,FALSE,FALSE,FALSE,FALSE,FALSE,FALSE,FALSE,FALSE,FALSE,FALSE,FALSE,FALSE,FALSE,FALSE,FALSE,FALSE,FALSE,FALSE,FALSE,FALSE,FALSE,FALSE,FALSE,FALSE,FALSE,FALSE,FALSE,FALSE,FALSE,FALSE,FALSE,FALSE,FALSE,FALSE,FALSE,FALSE,FALSE,FALSE,FALSE,FALSE,FALSE,FALSE,FALSE,FALSE,FALSE,FALSE,FALSE,FALSE,FALSE,FALSE,FALSE,FALSE,FALSE,FALSE,FALSE,FALSE,FALSE,FALSE,FALSE,FALSE,FALSE,FALSE,FALSE,FALSE,FALSE,FALSE,FALSE,FALSE,FALSE,FALSE,FALSE,FALSE,FALSE,FALSE,FALSE,FALSE,FALSE,FALSE,FALSE,FALSE,FALSE,FALSE,FALSE,FALSE,FALSE,FALSE,FALSE,FALSE,FALSE,FALSE,FALSE,FALSE,FALSE,FALSE,FALSE
"27 After",2023-09-27 09:15:32.09,"2023-09-27","9H 15M 32.09S","After","Aurora","V0333","Flow Core",1866,343,537,725,471,326,460,393,476,274,352,357,518,877,611,1079,182,182,279,341,254,187,218,195,259,391,265,299,244,213,213,284,536,324,558,558,157,157,996,445,465,447,451,289,535,434,682,511,316,402,665,637,195,314,372,302,235,341,591,264,-20.05,0,20.575,39.875,1.16,1.1,0.92,1.07,6.09,5.62,2.16,2.28,2.09,2.21,2.56,2.4,2.44,2.56,2.37,2.23,2.15,1.91,2,4.67,3.67,4.03,2.13,1.74,1.73,1.64,1.6,1.52,1.53,1.48,1.57,1.65,1.33,1.31,1.32,1.5,2.03,5.16,3.15,2.82,1.51,2.12,2.22,1.97,2.12,1.93,1.92,1.8,1.91,1.87,2.17,2.19,2.25,2.32,2.88,4.31,1.96,2.3,2.49,2.02,1.96,2.44,2.57,3.01,105325.351359588,730324.822405387,648814.85187004,581298.02508101,639652.959035477,981357.894223789,1391034.62466964,847278.796624677,1337513.3594554,1560259.27059317,845658.06860047,432446.997126153,400863.949219219,1335367.96188462,1752914.24418514,1965260.43459552,2005451.20222008,2012346.33521158,475772.624172809,1091153.56718007,1243042.86674108,1216262.61846762,1149870.51846259,844033.988138115,967957.034165338,1046371.34233689,1249823.86262446,2132517.89638412,1028628.12308484,511865.580695104,507621.350398018,1264055.42026143,1832098.9301239,1382195.33086122,1986340.6230695,2017283.02122987,2001221.81032819,2001478.44209804,146566.9578271,136062.336888378,283653.269256174,489437.179103156,696426.534486489,883764.005188279,622799.815996789,464521.852406418,402053.92150356,259001.494353528,348148.754161972,588655.106478682,627004.83873532,1011208.02199285,388730.926994268,529382.394994849,424039.688426644,361643.426165489,664255.421143374,955278.836257125,1307699.66309151,947787.30287294,TRUE,FALSE,FALSE,FALSE,FALSE,FALSE,FALSE,FALSE,FALSE,FALSE,FALSE,FALSE,FALSE,FALSE,FALSE,FALSE,FALSE,FALSE,FALSE,FALSE,FALSE,FALSE,FALSE,FALSE,FALSE,FALSE,FALSE,FALSE,FALSE,FALSE,FALSE,FALSE,FALSE,FALSE,FALSE,FALSE,FALSE,FALSE,FALSE,FALSE,FALSE,FALSE,FALSE,FALSE,FALSE,FALSE,FALSE,FALSE,FALSE,FALSE,FALSE,FALSE,FALSE,FALSE,FALSE,FALSE,FALSE,FALSE,FALSE,FALSE,FALSE,FALSE,FALSE,FALSE,FALSE,FALSE,FALSE,FALSE,FALSE,FALSE,FALSE,FALSE,FALSE,FALSE,FALSE,FALSE,FALSE,FALSE,FALSE,FALSE,FALSE,FALSE,FALSE,FALSE,FALSE,FALSE,FALSE,FALSE,FALSE,FALSE,FALSE,FALSE,FALSE,FALSE,FALSE,FALSE,FALSE,FALSE,FALSE,FALSE,FALSE,FALSE,FALSE,FALSE,FALSE,FALSE,FALSE,FALSE,FALSE,FALSE,FALSE,FALSE,FALSE,FALSE
"27 Before",2023-09-27 09:14:15.53,"2023-09-27","9H 14M 15.53S","Before","Aurora","V0333","Flow Core",1866,343,537,725,471,326,460,393,476,274,352,357,518,877,611,1079,182,182,279,341,254,187,218,195,259,391,265,299,244,213,213,284,536,324,558,558,157,157,996,445,465,447,451,289,535,434,682,511,316,402,665,637,195,314,372,302,235,341,591,264,-20.05,0,20.575,39.875,1.16,1.1,0.92,1.07,6.57,5.67,2.47,2.48,2.51,2.7,2.85,2.87,2.85,2.9,2.81,2.74,2.61,2.39,2.44,4.99,3.75,4.06,2.22,1.81,1.8,1.75,1.69,1.61,1.61,1.57,1.63,1.58,1.43,1.38,1.36,1.64,2.41,6.14,4.2,3.88,1.39,1.48,1.95,1.53,1.27,1.31,1.38,1.43,1.35,1.3,1.51,1.47,1.44,1.52,2.1,3.71,1.95,2.19,2.06,1.85,1.74,2.32,2.45,2.96,102232.658446239,731433.261802276,644980.623004713,583343.544700598,636197.160283309,979286.480195363,1400815.17605177,843280.976059801,1333088.09440636,1575685.09119014,843113.024930094,430479.833887893,395102.406742672,1298507.6610049,1722263.65114829,1922089.69331088,2007936.27046371,2027621.90200027,482911.894594314,1100275.58603946,1253553.41551996,1234320.36680189,1158236.05684039,848783.809251967,973565.321690191,1054894.36461087,1263190.16873833,2136186.96116201,1036633.36750762,515018.049071662,510957.406288546,1267480.10195398,1844401.03463255,1391944.40316103,1975381.63719758,2019366.06916425,1962645.76522177,1980132.97245639,147088.064808801,136473.801788697,281857.499954852,487782.910504154,694049.694191798,883326.455159108,618334.852740003,461515.947180889,397708.525395216,256566.937983101,344470.369567735,584459.350707099,623604.923005922,1014618.43888779,386337.830487787,523684.398208343,413941.470563946,357972.625150327,658945.555413499,951880.071024931,1307922.21505944,950290.784083597,TRUE,FALSE,FALSE,FALSE,FALSE,FALSE,FALSE,FALSE,FALSE,FALSE,FALSE,FALSE,FALSE,FALSE,FALSE,FALSE,FALSE,FALSE,FALSE,FALSE,FALSE,FALSE,FALSE,FALSE,FALSE,FALSE,FALSE,FALSE,FALSE,FALSE,FALSE,FALSE,TRUE,FALSE,FALSE,FALSE,FALSE,FALSE,FALSE,FALSE,FALSE,FALSE,FALSE,FALSE,FALSE,FALSE,FALSE,FALSE,FALSE,FALSE,FALSE,FALSE,FALSE,FALSE,FALSE,FALSE,FALSE,FALSE,FALSE,FALSE,FALSE,FALSE,FALSE,FALSE,FALSE,FALSE,FALSE,FALSE,FALSE,FALSE,FALSE,FALSE,FALSE,FALSE,FALSE,FALSE,FALSE,FALSE,FALSE,FALSE,FALSE,FALSE,FALSE,FALSE,FALSE,FALSE,FALSE,FALSE,FALSE,FALSE,FALSE,FALSE,FALSE,FALSE,FALSE,FALSE,FALSE,FALSE,FALSE,FALSE,FALSE,FALSE,FALSE,FALSE,FALSE,FALSE,FALSE,FALSE,FALSE,FALSE,FALSE,FALSE,FALSE,FALSE
"26 After",2023-09-26 10:15:54.11,"2023-09-26","10H 15M 54.11S","After","Aurora","V0333","Flow Core",1866,343,537,725,471,326,460,393,476,274,352,357,518,877,611,1079,182,182,279,341,254,187,218,195,259,391,265,299,244,213,213,284,536,324,558,558,157,157,996,445,465,447,451,289,535,434,682,511,316,402,665,637,195,314,372,302,235,341,591,264,-20.025,0,20.475,39.675,1.16,1.1,0.92,1.07,7.01,6.01,2.52,2.42,2.36,2.5,2.64,2.7,2.7,2.75,2.67,2.61,2.72,2.89,2.91,5.58,3.81,4.22,2.43,1.94,1.86,1.79,1.78,1.68,1.67,1.72,1.8,1.77,1.54,1.52,1.44,1.68,2.2,5.36,1.87,1.59,2.32,3.02,4.4,4.28,4.11,3.89,3.85,3.65,3.51,3.5,3.7,3.71,3.77,3.89,4.63,6.76,2.05,2.37,2.26,2.03,1.92,2.6,2.81,3.28,106315.008288269,727801.200230993,645959.001652823,587589.395727704,636462.858852204,976135.810143043,1397025.57094707,840253.166241347,1333300.09223177,1565060.22013892,845282.91805744,431865.111848505,401287.692609318,1339248.74161723,1754901.78710468,1982032.87740626,2001726.4469697,2004479.46634276,475401.109195601,1086807.70514048,1237524.32956783,1214850.93836203,1146813.57640514,843164.539032485,963888.73847066,1041217.4909557,1254220.42474309,2127794.18997453,1028531.29564304,509609.812581677,506559.19864243,1265682.18654863,1841945.36348982,1382449.58448664,1973675.45422308,2001134.1354875,1982274.30488395,1977550.12521983,145058.379017724,134782.724654641,279869.49972309,484172.513669218,690066.373700957,879274.468431073,615572.656919863,460419.952227763,396561.407019062,255948.062906394,343635.096107281,582038.577910154,618846.129062511,1000919.79539609,387234.510565753,528079.914713095,417242.321975556,358540.919881203,657907.709429789,947153.3662814,1295897.12915266,938946.993780463,TRUE,TRUE,FALSE,FALSE,FALSE,FALSE,FALSE,FALSE,FALSE,FALSE,FALSE,FALSE,FALSE,FALSE,FALSE,FALSE,FALSE,FALSE,FALSE,FALSE,FALSE,FALSE,FALSE,FALSE,FALSE,FALSE,FALSE,FALSE,FALSE,FALSE,FALSE,FALSE,FALSE,FALSE,FALSE,FALSE,FALSE,FALSE,FALSE,FALSE,FALSE,FALSE,FALSE,FALSE,FALSE,FALSE,FALSE,FALSE,TRUE,FALSE,FALSE,FALSE,FALSE,FALSE,FALSE,FALSE,FALSE,FALSE,FALSE,FALSE,FALSE,FALSE,FALSE,FALSE,FALSE,FALSE,FALSE,FALSE,FALSE,FALSE,FALSE,FALSE,FALSE,FALSE,FALSE,FALSE,FALSE,FALSE,FALSE,FALSE,FALSE,FALSE,FALSE,FALSE,FALSE,FALSE,FALSE,FALSE,FALSE,FALSE,FALSE,FALSE,FALSE,FALSE,FALSE,FALSE,FALSE,FALSE,FALSE,FALSE,FALSE,FALSE,FALSE,FALSE,FALSE,FALSE,FALSE,FALSE,FALSE,FALSE,FALSE,FALSE,FALSE,FALSE
"26 Before",2023-09-26 10:03:49.07,"2023-09-26","10H 3M 49.07S","Before","Aurora","V0333","Flow Core",2207,354,550,745,482,332,467,403,487,277,365,373,559,983,658,1227,182,182,283,340,252,188,219,193,260,393,264,295,246,221,219,282,523,314,548,548,157,157,993,449,474,458,458,294,551,447,693,520,323,410,670,640,208,336,396,317,242,348,600,265,-20.05,0,20.575,39.875,1.15,1.1,0.91,1.06,7.23,5.82,2.3,2.24,2.27,2.48,2.65,2.68,2.66,2.74,2.67,2.59,2.56,2.71,2.69,5.71,3.78,4.14,2.31,1.88,1.83,1.74,1.74,1.63,1.63,1.64,1.69,1.64,1.45,1.43,1.38,1.61,2.22,5.81,1.79,1.44,2.24,2.59,4.17,3.89,3.62,3.42,3.38,3.22,3.11,3.09,3.36,3.29,3.42,3.52,4.24,6.58,1.93,2.25,2.09,1.87,1.76,2.43,2.56,3.09,129058.329524317,759400.157610146,664650.780157141,608111.635146113,662321.901341968,1007778.03081977,1431210.06137211,870144.149475081,1365778.30162423,1589162.70233849,886711.446898316,454525.252791411,440475.723022887,1570674.10820693,1937247.04639466,2347505.9926208,2010916.28653478,2003233.14961463,480659.95889949,1083629.92578208,1235329.14989438,1215554.20482431,1144109.25150878,834277.672872783,972153.107724772,1039992.38951733,1233955.96085341,2090045.18742745,1039265.38866849,531847.321119606,523637.94533347,1254252.91714544,1783221.45791925,1336601.89748842,1937052.31126356,1936918.51830291,1994719.77281429,1994539.71603867,146841.831095231,136431.593272907,286602.769670103,502016.928187716,704944.955673289,893713.077177232,643169.330582271,479758.626886543,409028.37441359,263450.411437121,356307.713336203,602479.912950239,628447.524971614,1016328.80585585,412563.210510873,560392.704852979,446110.361887103,375283.924203078,673083.319962692,958023.498154564,1306270.60814131,937995.698522531,TRUE,FALSE,FALSE,FALSE,FALSE,FALSE,FALSE,FALSE,FALSE,FALSE,FALSE,FALSE,FALSE,FALSE,FALSE,FALSE,FALSE,FALSE,FALSE,FALSE,FALSE,FALSE,FALSE,FALSE,FALSE,FALSE,FALSE,FALSE,FALSE,FALSE,FALSE,FALSE,FALSE,FALSE,FALSE,FALSE,FALSE,FALSE,FALSE,FALSE,FALSE,FALSE,FALSE,FALSE,FALSE,FALSE,FALSE,FALSE,TRUE,FALSE,FALSE,FALSE,FALSE,FALSE,FALSE,FALSE,FALSE,TRUE,FALSE,FALSE,FALSE,FALSE,FALSE,FALSE,FALSE,FALSE,FALSE,FALSE,FALSE,FALSE,FALSE,FALSE,FALSE,FALSE,FALSE,FALSE,FALSE,FALSE,FALSE,FALSE,FALSE,FALSE,FALSE,FALSE,FALSE,FALSE,FALSE,FALSE,FALSE,FALSE,FALSE,FALSE,FALSE,FALSE,FALSE,FALSE,FALSE,FALSE,FALSE,FALSE,FALSE,FALSE,FALSE,FALSE,FALSE,FALSE,FALSE,FALSE,FALSE,FALSE,FALSE,FALSE,FALSE,FALSE
"25 After",2023-09-25 09:13:06.55,"2023-09-25","9H 13M 6.55S","After","Aurora","V0333","Flow Core",2207,354,550,745,482,332,467,403,487,277,365,373,559,983,658,1227,182,182,283,340,252,188,219,193,260,393,264,295,246,221,219,282,523,314,548,548,157,157,993,449,474,458,458,294,551,447,693,520,323,410,670,640,208,336,396,317,242,348,600,265,-20.05,0,20.575,39.875,1.15,1.1,0.91,1.06,6.65,6.1,2.34,2.29,2.36,2.59,2.75,2.76,2.76,2.82,2.71,2.66,2.42,1.91,2,4.76,3.86,4.29,2.51,2.22,2.01,1.77,1.95,1.83,1.77,1.71,1.91,1.87,1.61,1.53,1.53,1.74,2.26,5.09,2.02,1.78,3.41,3.91,4.51,4.29,4.24,4,3.94,3.69,3.66,3.65,3.87,3.83,3.94,4.17,4.63,6.7,2.11,2.32,2.26,2.11,2.02,2.58,2.74,3.08,115364.608014508,716903.965679244,639930.469569655,586358.329440391,637241.30642476,972306.46016468,1380521.5590199,836915.03977503,1316663.38368448,1544343.32756511,839760.078675558,428720.04077966,412945.578463259,1465300.19998845,1833381.38926118,2193427.28587532,1961049.55361446,1922476.94809112,456671.261341705,1050383.56079669,1204878.77873739,1170358.47542782,1102417.85456016,813814.81042743,944753.288456237,993488.581902986,1202521.76483671,2076485.82378532,992676.026884816,496971.41030625,491555.484456427,1227856.95592741,1776946.17868048,1355580.40896447,1942103.62439759,1912886.37236916,1948440.52319277,1915187.88387815,141246.217875008,130883.332382734,272359.656090326,480159.341010834,680315.085984315,864845.455186284,607252.847539308,454209.789678418,385007.079677118,248623.45781381,338967.849311914,575245.642564258,603650.52580697,991031.673304033,370726.414836908,513502.185868659,407868.355626335,346245.193406897,637829.47266765,914977.999851052,1260410.75374526,913388.294335249,TRUE,TRUE,FALSE,FALSE,FALSE,FALSE,FALSE,FALSE,FALSE,FALSE,FALSE,FALSE,FALSE,FALSE,FALSE,FALSE,FALSE,FALSE,FALSE,FALSE,FALSE,FALSE,FALSE,FALSE,FALSE,FALSE,FALSE,FALSE,FALSE,FALSE,FALSE,FALSE,FALSE,FALSE,FALSE,FALSE,FALSE,FALSE,FALSE,FALSE,FALSE,FALSE,FALSE,FALSE,FALSE,FALSE,FALSE,FALSE,TRUE,FALSE,FALSE,FALSE,FALSE,FALSE,FALSE,FALSE,FALSE,TRUE,FALSE,FALSE,FALSE,FALSE,FALSE,FALSE,FALSE,FALSE,FALSE,FALSE,FALSE,FALSE,FALSE,FALSE,FALSE,FALSE,FALSE,FALSE,FALSE,FALSE,FALSE,FALSE,FALSE,FALSE,FALSE,FALSE,FALSE,FALSE,FALSE,FALSE,FALSE,FALSE,FALSE,FALSE,FALSE,FALSE,FALSE,FALSE,FALSE,FALSE,FALSE,FALSE,FALSE,FALSE,FALSE,FALSE,FALSE,FALSE,FALSE,FALSE,FALSE,FALSE,FALSE,FALSE,FALSE,FALSE
"25 Before",2023-09-25 09:02:51.15,"2023-09-25","9H 2M 51.15S","Before","Aurora","V0333","Flow Core",2194,352,549,756,480,333,469,400,492,277,362,368,560,996,667,1268,184,184,281,347,255,186,223,197,261,391,268,305,242,212,214,293,550,326,558,558,158,158,998,448,471,453,457,294,553,444,686,517,321,408,670,638,206,335,392,315,245,353,613,271,-19.975,0,20.5,39.725,1.15,1.09,0.9,1.07,6.19,5.28,2.47,2.56,2.65,2.84,3.01,3,3.02,3.05,2.93,2.88,2.72,2.21,2.17,4.45,3.71,4.06,2.2,1.94,1.72,1.55,1.71,1.59,1.5,1.51,1.67,1.62,1.37,1.35,1.3,1.6,2.51,5.97,2.44,1.77,2.99,3.13,4.51,4.44,4.31,4.08,3.96,3.74,3.7,3.72,3.83,3.86,4,4.1,4.67,7.08,1.93,2.15,2.01,1.84,1.74,2.28,2.42,2.84,126625.746457803,762863.025425961,671107.569280197,621293.392473795,667493.412075264,1020335.23803922,1446410.61468794,868662.869622968,1413863.77254105,1654328.75279828,874892.53324301,446739.776327098,435298.16230253,1564020.26873012,1971565.83426217,2404997.51600423,2023322.6387468,2018952.73344286,474041.226533489,1118128.425746,1263092.41748859,1204048.23605531,1168450.71657056,866993.666435048,977991.850983507,1040912.29986912,1306204.30701311,2270962.89108631,1006358.01332581,493956.115183663,497857.98093461,1312274.6034721,1926218.19275127,1440624.6482681,2012825.49248721,2032568.66038103,2019720.43254476,2018719.92018833,146900.324356002,135931.614447944,282809.61464551,495543.155194126,717759.587371257,913621.028140427,630083.617911964,471484.890453514,389319.6279614,252457.037969545,347637.179683241,589954.383514611,626380.877068898,1018490.14944478,360524.823397293,507171.122824412,400709.163464145,342146.593796179,656488.29707286,947677.677909121,1313016.24431227,955461.918068779,TRUE,FALSE,FALSE,FALSE,FALSE,FALSE,FALSE,FALSE,FALSE,FALSE,FALSE,FALSE,FALSE,FALSE,FALSE,FALSE,FALSE,FALSE,FALSE,FALSE,FALSE,FALSE,FALSE,FALSE,FALSE,FALSE,FALSE,FALSE,FALSE,FALSE,FALSE,FALSE,FALSE,FALSE,FALSE,FALSE,FALSE,FALSE,FALSE,FALSE,FALSE,FALSE,FALSE,FALSE,FALSE,FALSE,FALSE,FALSE,TRUE,FALSE,FALSE,FALSE,FALSE,FALSE,FALSE,FALSE,FALSE,TRUE,FALSE,FALSE,FALSE,FALSE,FALSE,FALSE,FALSE,FALSE,FALSE,FALSE,FALSE,FALSE,FALSE,FALSE,FALSE,FALSE,FALSE,FALSE,FALSE,FALSE,FALSE,FALSE,FALSE,FALSE,FALSE,FALSE,FALSE,FALSE,FALSE,FALSE,FALSE,FALSE,FALSE,FALSE,FALSE,FALSE,FALSE,FALSE,FALSE,FALSE,FALSE,FALSE,FALSE,FALSE,FALSE,FALSE,FALSE,FALSE,FALSE,FALSE,FALSE,FALSE,FALSE,FALSE,FALSE,FALSE
"22 After",2023-09-22 09:33:09.72,"2023-09-22","9H 33M 9.72S","After","Aurora","V0333","Flow Core",2194,352,549,756,480,333,469,400,492,277,362,368,560,996,667,1268,184,184,281,347,255,186,223,197,261,391,268,305,242,212,214,293,550,326,558,558,158,158,998,448,471,453,457,294,553,444,686,517,321,408,670,638,206,335,392,315,245,353,613,271,-19.975,0,20.5,39.725,1.15,1.09,0.9,1.07,6.31,5.63,2.61,2.63,2.76,2.9,3.08,3.1,3.08,3.14,3,2.93,2.71,2.06,2.23,4.75,3.72,4.26,2.12,1.94,2,1.89,1.75,1.72,1.8,1.64,1.7,1.65,1.55,1.53,1.49,1.79,2.53,6.53,1.72,1.07,1.72,1.79,2.74,2.49,2.19,2.04,2.02,1.95,1.88,1.81,2.02,2.08,2.15,2.3,3.21,5.32,2.51,2.7,2.58,2.38,2.25,2.7,2.67,2.73,130430.785198369,775873.615463978,681404.950461809,630800.543315119,676723.685074431,1033174.22175865,1468025.54535328,881699.694139802,1422178.40072081,1642941.19019108,895799.865848202,460652.394592975,448814.582940299,1599285.04129119,2001948.86670803,2440269.35666433,2023430.52434457,2027495.17386849,480907.894453408,1107498.54067127,1259904.9790898,1227923.52270649,1162832.81936251,854559.909497965,984671.696755007,1054115.40476536,1264384.82022752,2159757.23337032,1038337.08236616,521290.37766921,514940.655678507,1283070.62976385,1850557.07779626,1395261.58919635,1990964.54073034,2014182.92211274,2011999.1343633,2018614.17986781,147779.782490061,137024.674076621,287024.987446103,497086.171726529,708063.140560436,899274.009592066,640940.640266177,478929.053072265,399138.536365405,258987.226737953,353352.931745897,595867.01316549,630102.334387994,1018784.80973085,397254.03943958,539526.228985491,429060.173302563,363528.464476479,673156.521394349,963910.921701708,1326373.36645004,960154.20399668,TRUE,FALSE,FALSE,FALSE,FALSE,FALSE,FALSE,FALSE,FALSE,FALSE,FALSE,FALSE,FALSE,FALSE,FALSE,FALSE,FALSE,FALSE,FALSE,FALSE,FALSE,FALSE,FALSE,FALSE,FALSE,FALSE,FALSE,FALSE,FALSE,FALSE,FALSE,FALSE,TRUE,FALSE,FALSE,FALSE,FALSE,FALSE,FALSE,FALSE,FALSE,FALSE,FALSE,FALSE,FALSE,FALSE,FALSE,FALSE,FALSE,FALSE,FALSE,FALSE,FALSE,FALSE,FALSE,FALSE,FALSE,TRUE,FALSE,FALSE,FALSE,FALSE,FALSE,FALSE,FALSE,FALSE,FALSE,FALSE,FALSE,FALSE,FALSE,FALSE,FALSE,FALSE,FALSE,FALSE,FALSE,FALSE,FALSE,FALSE,FALSE,FALSE,FALSE,FALSE,FALSE,FALSE,FALSE,FALSE,FALSE,FALSE,FALSE,FALSE,FALSE,FALSE,FALSE,FALSE,FALSE,FALSE,FALSE,FALSE,FALSE,FALSE,FALSE,FALSE,FALSE,FALSE,FALSE,FALSE,FALSE,FALSE,FALSE,FALSE,FALSE,FALSE
"22 Before",2023-09-22 09:24:12.65,"2023-09-22","9H 24M 12.65S","Before","Aurora","V0333","Flow Core",2223,355,559,762,486,335,473,404,492,280,364,372,562,989,661,1271,182,182,277,344,256,185,220,195,259,388,264,301,240,211,211,288,543,324,550,550,158,158,995,450,470,454,460,296,550,440,685,518,319,406,672,643,196,319,378,303,236,343,596,266,-20.15,0,20.475,39.825,1.16,1.1,0.92,1.07,6.75,5.41,2.81,2.9,2.96,3.19,3.33,3.34,3.34,3.37,3.24,3.18,3.09,3.13,2.8,5.23,3.84,4.21,2.07,1.9,2.02,1.89,1.72,1.72,1.78,1.63,1.67,1.69,1.55,1.5,1.46,1.91,2.67,6.71,1.88,1.29,1.83,1.34,2.06,1.75,1.47,1.46,1.51,1.52,1.44,1.39,1.57,1.58,1.58,1.69,2.34,4.22,2.76,2.82,2.7,2.54,2.38,2.7,2.66,2.63,133574.468237462,791836.099350076,705494.075068581,633576.385170499,688657.244952672,1049333.2479325,1494226.1391749,895486.064474266,1428456.44943025,1663654.3481149,910467.924610703,467664.313005648,454710.691182112,1602077.56359857,2000388.3647237,2486994.87547835,1993787.17316327,2028338.65675383,475260.338103705,1096520.3947924,1267724.79936579,1226568.71846651,1151459.31906017,842844.681469119,981234.943088905,1042645.69222791,1236372.67323983,2131559.23706892,1044702.34167726,523005.370686557,506436.815775172,1260970.32362953,1829588.00019566,1393218.78413514,1953612.44112245,2006508.84738202,1995207.01316327,2030787.77817055,148540.885071264,137560.175226376,287770.643960291,497959.475768039,720732.629576492,910826.759180975,642461.417559538,471530.563445726,399347.766035717,263486.317533832,351545.141583674,592996.693623235,631165.294820266,1031207.46419174,380473.020465392,524574.657577698,414573.25341877,352874.233727746,656853.824468024,947494.04920013,1305156.07336745,951568.985573891,TRUE,FALSE,FALSE,FALSE,FALSE,FALSE,FALSE,FALSE,FALSE,FALSE,FALSE,FALSE,FALSE,FALSE,FALSE,FALSE,FALSE,FALSE,FALSE,FALSE,FALSE,FALSE,FALSE,FALSE,FALSE,FALSE,FALSE,FALSE,FALSE,FALSE,FALSE,FALSE,TRUE,FALSE,FALSE,FALSE,FALSE,FALSE,FALSE,FALSE,FALSE,FALSE,FALSE,FALSE,FALSE,FALSE,FALSE,FALSE,FALSE,FALSE,FALSE,FALSE,FALSE,FALSE,FALSE,FALSE,FALSE,TRUE,FALSE,FALSE,FALSE,FALSE,FALSE,FALSE,FALSE,FALSE,FALSE,FALSE,FALSE,FALSE,FALSE,FALSE,FALSE,FALSE,FALSE,FALSE,FALSE,FALSE,FALSE,FALSE,FALSE,FALSE,FALSE,FALSE,FALSE,FALSE,FALSE,FALSE,FALSE,FALSE,FALSE,FALSE,FALSE,FALSE,FALSE,FALSE,FALSE,FALSE,FALSE,FALSE,FALSE,FALSE,FALSE,FALSE,FALSE,FALSE,FALSE,FALSE,FALSE,FALSE,FALSE,FALSE,FALSE,FALSE
"21 After",2023-09-21 10:24:29.22,"2023-09-21","10H 24M 29.22S","After","Aurora","V0333","Flow Core",2223,355,559,762,486,335,473,404,492,280,364,372,562,989,661,1271,182,182,277,344,256,185,220,195,259,388,264,301,240,211,211,288,543,324,550,550,158,158,995,450,470,454,460,296,550,440,685,518,319,406,672,643,196,319,378,303,236,343,596,266,-20.15,0,20.475,39.825,1.16,1.1,0.92,1.07,7.17,5.58,2.32,2.29,2.34,2.53,2.69,2.7,2.68,2.69,2.62,2.57,2.62,2.82,2.68,5.58,3.72,4.04,2.01,1.7,1.75,1.67,1.56,1.51,1.56,1.49,1.53,1.5,1.36,1.31,1.26,1.41,1.9,5.13,1.64,1.11,2.81,3.21,3.53,3.38,3.27,3.07,2.98,2.76,2.69,2.68,2.86,2.88,2.96,3.12,3.75,5.85,2.05,2.3,2.15,1.95,1.87,2.38,2.45,2.66,130163.76115235,768377.919539329,694668.23444966,625621.210287965,679773.976063474,1033322.29414219,1472765.43246606,884646.368379274,1407098.00508118,1633768.19016395,896941.756264631,460160.288944025,449238.464513554,1596129.39375763,1987036.04185279,2449930.94259487,2011389.78955696,2017376.21795589,475071.248891351,1096028.33941263,1254299.89251023,1214355.64057793,1158166.60792695,842362.456509254,973245.688218264,1041142.83680876,1241184.4376565,2137891.71374351,1033992.45185747,518571.809768566,507481.969660155,1274989.21301462,1848886.51739995,1383900.15691742,1982050.91785911,1997728.66618036,1986804.21690974,1986241.17450023,145605.380477732,134661.879114497,282769.343845318,489574.570888636,707644.710559102,895829.8237666,634987.882900277,467260.258818372,394496.125543136,259837.029410153,347922.928835085,586981.976458469,621885.917405105,1008515.20466174,387355.798037567,535427.739895832,423268.106598875,358493.028067844,665320.991540102,956000.558800108,1311366.50086909,950231.762380454,TRUE,FALSE,FALSE,FALSE,FALSE,FALSE,FALSE,FALSE,FALSE,FALSE,FALSE,FALSE,FALSE,FALSE,FALSE,FALSE,FALSE,FALSE,FALSE,FALSE,FALSE,FALSE,FALSE,FALSE,FALSE,FALSE,FALSE,FALSE,FALSE,FALSE,FALSE,FALSE,FALSE,FALSE,FALSE,FALSE,FALSE,FALSE,FALSE,FALSE,FALSE,FALSE,FALSE,FALSE,FALSE,FALSE,FALSE,FALSE,FALSE,FALSE,FALSE,FALSE,FALSE,FALSE,FALSE,FALSE,FALSE,TRUE,FALSE,FALSE,FALSE,FALSE,FALSE,FALSE,FALSE,FALSE,FALSE,FALSE,FALSE,FALSE,FALSE,FALSE,FALSE,FALSE,FALSE,FALSE,FALSE,FALSE,FALSE,FALSE,FALSE,FALSE,FALSE,FALSE,FALSE,FALSE,FALSE,FALSE,FALSE,FALSE,FALSE,FALSE,FALSE,FALSE,FALSE,FALSE,FALSE,FALSE,FALSE,FALSE,FALSE,FALSE,FALSE,FALSE,FALSE,FALSE,FALSE,FALSE,FALSE,FALSE,FALSE,FALSE,FALSE,FALSE
"21 Before",2023-09-21 10:14:14.84,"2023-09-21","10H 14M 14.84S","Before","Aurora","V0333","Flow Core",2238,344,548,747,473,330,461,399,476,265,362,368,565,998,664,1274,183,183,284,345,254,185,225,197,260,389,259,296,242,214,218,298,556,322,560,560,161,161,1014,454,471,451,445,286,559,447,716,526,322,409,668,636,223,353,418,334,247,352,602,266,-19.85,0,20.6,39.8,1.15,1.09,0.9,1.07,6.68,5.57,2.43,2.52,2.5,2.65,2.83,2.84,2.83,2.86,2.75,2.71,2.82,3.26,2.76,5.41,3.71,4.1,2.07,1.75,1.78,1.69,1.61,1.55,1.58,1.53,1.57,1.53,1.39,1.36,1.29,1.46,2.01,5.27,1.66,1.08,2.8,3.14,3.55,3.37,3.27,3.05,2.97,2.76,2.67,2.69,2.86,2.89,3,3.1,3.77,5.98,2.11,2.31,2.17,1.99,1.86,2.38,2.48,2.69,122383.980864772,732641.453689225,656843.441874751,594789.638267698,646514.419577621,992484.038517259,1404230.06296257,856468.099874196,1335428.2486224,1523039.98659655,869315.99697787,445718.086839177,435459.727500776,1507566.86016846,1905482.26350844,2277406.33277156,2013264.92385218,2002053.58812077,483573.192732101,1091972.78913106,1236897.69876499,1207865.75980505,1174249.76372029,853226.645268751,977046.937420487,1035179.00693105,1208063.93025369,2074747.99584061,1027435.17972407,521293.777293931,522741.853474763,1303130.29251418,1881868.99328314,1369441.50526293,2024596.887528,2007360.75976891,2024883.06662934,2000817.33700385,145318.302394235,136323.028786868,282039.956994291,487481.477929594,683082.973887179,860673.577418693,642882.630666378,472350.991906639,410903.791542776,259311.923976612,349510.464411238,590533.77636337,618771.504448143,999299.050605515,438916.356791099,574471.706266905,460431.040571456,390453.686984828,680294.351129126,964070.07573004,1304323.39333052,935664.811861447,TRUE,FALSE,FALSE,FALSE,FALSE,FALSE,FALSE,FALSE,FALSE,FALSE,FALSE,FALSE,FALSE,FALSE,FALSE,FALSE,FALSE,FALSE,FALSE,FALSE,FALSE,FALSE,FALSE,FALSE,FALSE,FALSE,FALSE,FALSE,FALSE,FALSE,FALSE,FALSE,FALSE,FALSE,FALSE,FALSE,FALSE,FALSE,FALSE,FALSE,FALSE,FALSE,FALSE,FALSE,FALSE,FALSE,FALSE,FALSE,FALSE,FALSE,FALSE,FALSE,FALSE,FALSE,FALSE,FALSE,FALSE,TRUE,FALSE,FALSE,FALSE,FALSE,FALSE,FALSE,FALSE,FALSE,FALSE,FALSE,FALSE,FALSE,FALSE,FALSE,FALSE,FALSE,FALSE,FALSE,FALSE,FALSE,FALSE,FALSE,FALSE,FALSE,FALSE,FALSE,FALSE,FALSE,FALSE,FALSE,FALSE,FALSE,FALSE,FALSE,FALSE,FALSE,FALSE,FALSE,FALSE,FALSE,FALSE,FALSE,FALSE,FALSE,FALSE,FALSE,FALSE,FALSE,FALSE,FALSE,FALSE,FALSE,FALSE,FALSE,FALSE,FALSE
"20 Before",2023-09-20 12:35:50.96,"2023-09-20","12H 35M 50.96S","Before","Aurora","V0333","Flow Core",2238,344,548,747,473,330,461,399,476,265,362,368,565,998,664,1274,183,183,284,345,254,185,225,197,260,389,259,296,242,214,218,298,556,322,560,560,161,161,1014,454,471,451,445,286,559,447,716,526,322,409,668,636,223,353,418,334,247,352,602,266,-19.85,0,20.6,39.8,1.15,1.09,0.9,1.07,7.4,5.05,2.65,2.83,2.91,3.09,3.26,3.26,3.24,3.2,3.2,3.13,3.36,4.4,3.26,6.13,3.4,3.8,1.73,1.65,1.81,1.61,1.45,1.48,1.55,1.41,1.45,1.47,1.37,1.31,1.21,1.34,1.91,5.26,1.52,0.85,2.62,3.05,3.7,3.57,3.45,3.26,3.17,2.97,2.91,2.89,3.02,3.02,3.06,3.12,3.85,5.94,1.44,1.79,1.68,1.45,1.48,2.21,2.6,3.58,130196.879742432,770732.684100492,696993.876649128,638622.640554227,685861.72164633,1044747.37801045,1480527.92693271,899557.501058681,1421023.29560276,1629443.81511534,903437.89684609,463147.211008562,461828.366414409,1636212.97266402,2012559.78655926,2488554.21844909,2012123.92245,2018920.58466303,482405.192657686,1093641.77755318,1252945.85807495,1225208.33879783,1160843.19826884,852516.437837926,989114.174680809,1042160.46003799,1229169.1905,2116725.28979924,1037258.98430237,521858.699050631,515467.826059836,1279685.234357,1856118.02529836,1392229.78339316,1999048.6127,2009398.46190586,2006574.1,2012610.10872983,145678.74241292,136712.543683156,282965.650960662,492650.701892461,701459.12977358,886238.542201467,638113.960526971,469901.275940514,407292.428377323,257918.234886905,350600.478626349,596498.1884988,631364.251898487,1027769.39458562,410552.165863818,554273.036256803,441719.075293213,377341.600457253,679124.488871532,976771.110760339,1333277.09328986,963286.937982518,TRUE,FALSE,FALSE,FALSE,FALSE,FALSE,FALSE,FALSE,FALSE,FALSE,FALSE,FALSE,FALSE,FALSE,FALSE,TRUE,FALSE,FALSE,FALSE,FALSE,FALSE,FALSE,FALSE,FALSE,FALSE,FALSE,FALSE,FALSE,FALSE,FALSE,FALSE,FALSE,FALSE,FALSE,FALSE,FALSE,FALSE,FALSE,FALSE,FALSE,FALSE,FALSE,FALSE,FALSE,FALSE,FALSE,FALSE,FALSE,FALSE,FALSE,FALSE,FALSE,FALSE,FALSE,FALSE,FALSE,FALSE,TRUE,FALSE,FALSE,FALSE,FALSE,FALSE,FALSE,FALSE,FALSE,FALSE,FALSE,FALSE,FALSE,FALSE,FALSE,FALSE,FALSE,FALSE,FALSE,FALSE,FALSE,FALSE,FALSE,FALSE,FALSE,FALSE,FALSE,FALSE,FALSE,FALSE,FALSE,FALSE,FALSE,FALSE,FALSE,FALSE,FALSE,FALSE,FALSE,FALSE,FALSE,FALSE,FALSE,FALSE,FALSE,FALSE,FALSE,FALSE,FALSE,FALSE,FALSE,FALSE,FALSE,FALSE,FALSE,FALSE,FALSE
"20 After",2023-09-20 12:34:34.42,"2023-09-20","12H 34M 34.42S","After","Aurora","V0333","Flow Core",2238,344,548,747,473,330,461,399,476,265,362,368,565,998,664,1274,183,183,284,345,254,185,225,197,260,389,259,296,242,214,218,298,556,322,560,560,161,161,1014,454,471,451,445,286,559,447,716,526,322,409,668,636,223,353,418,334,247,352,602,266,-19.85,0,20.6,39.8,1.15,1.09,0.9,1.07,6.04,4.87,2.7,2.82,2.93,3.11,3.29,3.25,3.22,3.19,3.15,3.09,2.97,2.73,2.43,4.5,3.35,3.73,1.71,1.65,1.81,1.62,1.47,1.49,1.54,1.41,1.44,1.48,1.37,1.31,1.22,1.35,1.89,5.25,1.51,0.92,2.68,3.05,3.67,3.59,3.47,3.3,3.2,3,2.97,2.93,3.05,3.06,3.15,3.17,3.92,6,1.49,1.78,1.68,1.49,1.5,2.22,2.62,3.57,129844.652548133,769487.46903847,684372.933981095,623982.753397865,674108.483924557,1032241.4526956,1460289.31593005,889040.996037137,1405416.58136314,1622140.6973892,895014.225380864,458305.382894851,453300.029715738,1597455.52177768,1989569.58065786,2446465.35270094,2011842.4227,2020962.41958529,481225.805390376,1093114.51327467,1252879.27324427,1224821.56566694,1159635.61564808,851773.237310262,988984.331697598,1042519.92297798,1233244.05839924,2124690.22485097,1036904.2094277,520265.527121003,513574.686699025,1278106.65804796,1853860.07256906,1391298.96490549,1997207.6345,2010513.1757668,2006487.3958,2015712.68142032,145664.387067726,136561.778903124,282381.513450294,492117.595940769,702947.10676252,888565.515008571,636587.643911381,468631.277394009,405714.791202363,257202.015842243,349602.88740722,595217.047447969,629957.433420253,1026148.66401373,405305.655090491,549137.014348962,437149.084899328,373929.680113995,675901.118752165,973479.14943479,1329448.95010003,959927.501863637,TRUE,FALSE,FALSE,FALSE,FALSE,FALSE,FALSE,FALSE,FALSE,FALSE,FALSE,FALSE,FALSE,FALSE,FALSE,FALSE,FALSE,FALSE,FALSE,FALSE,FALSE,FALSE,FALSE,FALSE,FALSE,FALSE,FALSE,FALSE,FALSE,FALSE,FALSE,FALSE,FALSE,FALSE,FALSE,FALSE,FALSE,FALSE,FALSE,FALSE,FALSE,FALSE,FALSE,FALSE,FALSE,FALSE,FALSE,FALSE,TRUE,FALSE,FALSE,FALSE,FALSE,FALSE,FALSE,FALSE,FALSE,TRUE,FALSE,FALSE,FALSE,FALSE,FALSE,FALSE,FALSE,FALSE,FALSE,FALSE,FALSE,FALSE,FALSE,FALSE,FALSE,FALSE,FALSE,FALSE,FALSE,FALSE,FALSE,FALSE,FALSE,FALSE,FALSE,FALSE,FALSE,FALSE,FALSE,FALSE,FALSE,FALSE,FALSE,FALSE,FALSE,FALSE,FALSE,FALSE,FALSE,FALSE,FALSE,FALSE,FALSE,FALSE,FALSE,FALSE,FALSE,FALSE,FALSE,FALSE,FALSE,FALSE,FALSE,FALSE,FALSE,FALSE
"19 After",2023-09-19 13:52:25.39,"2023-09-19","13H 52M 25.39S","After","Aurora","V0333","Flow Core",2072,350,557,750,482,333,462,393,478,271,345,352,529,930,649,1267,180,180,279,335,251,186,215,192,255,384,260,290,234,205,208,280,533,338,554,554,165,165,1011,453,470,453,456,294,536,428,666,510,318,407,692,694,179,286,341,285,229,336,601,278,-19.9,0,20.425,39.6,1.16,1.11,0.93,1.07,6.6,5.78,2.56,2.61,2.7,2.91,3.08,3.05,3,3.02,2.92,2.88,2.72,2.42,2.6,5.1,3.84,4.22,2.33,1.91,1.77,1.59,1.76,1.64,1.58,1.55,1.63,1.57,1.49,1.55,1.3,1.54,2.08,4.74,1.5,1.19,4.72,5.15,4.12,3.97,3.84,3.61,3.47,3.24,3.17,3.17,3.32,3.35,3.41,3.72,4.39,6.44,1.97,2.2,2.07,1.77,1.91,2.85,3.41,4.53,121625.819587459,755190.087356005,686145.156154374,619910.286909099,674958.37758112,1030821.53163118,1452544.86292886,877859.633064,1399656.83462079,1618294.51175898,885640.190846827,455991.433156047,435444.343889238,1494758.44001371,1902495.38665424,2252910.1338877,2006828.96721959,2004588.41649088,481570.338694472,1096563.23917608,1253192.38351697,1227911.62459338,1153056.96852418,854345.11386051,982358.606643113,1041062.7180765,1257605.76359274,2151000.0353887,1033229.00042561,518092.552103607,510966.277956848,1275191.03515874,1844020.46236075,1394524.09337318,1990564.98459716,2014424.78866524,2004782.25552923,2003931.73592405,145844.904945731,137358.933414321,287018.947732261,497934.354818509,708942.178709255,898680.032998039,631619.38428099,470789.507267063,402534.222992833,263642.257721564,351214.593486247,595412.214362101,632092.243938536,1029487.25329999,394915.444086513,534185.244291174,426680.481347929,361335.001815893,669756.758304675,957502.436655668,1320038.23106567,952844.343644155,TRUE,FALSE,FALSE,FALSE,FALSE,FALSE,FALSE,FALSE,FALSE,FALSE,FALSE,FALSE,FALSE,FALSE,FALSE,FALSE,FALSE,FALSE,FALSE,FALSE,FALSE,FALSE,FALSE,FALSE,FALSE,FALSE,FALSE,FALSE,FALSE,FALSE,FALSE,FALSE,FALSE,FALSE,FALSE,FALSE,FALSE,FALSE,FALSE,FALSE,FALSE,FALSE,FALSE,FALSE,FALSE,FALSE,FALSE,FALSE,TRUE,FALSE,FALSE,FALSE,FALSE,FALSE,FALSE,FALSE,FALSE,TRUE,FALSE,FALSE,FALSE,FALSE,FALSE,FALSE,FALSE,FALSE,FALSE,FALSE,FALSE,FALSE,FALSE,FALSE,FALSE,FALSE,FALSE,FALSE,FALSE,FALSE,FALSE,FALSE,FALSE,FALSE,FALSE,FALSE,FALSE,FALSE,FALSE,FALSE,FALSE,FALSE,FALSE,FALSE,FALSE,FALSE,FALSE,FALSE,FALSE,FALSE,FALSE,FALSE,FALSE,FALSE,FALSE,FALSE,FALSE,FALSE,FALSE,FALSE,FALSE,FALSE,FALSE,FALSE,FALSE,FALSE
"19 before",2023-09-19 13:43:27.07,"2023-09-19","13H 43M 27.07S","Before","Aurora","V0333","Flow Core",2026,344,541,736,471,325,452,388,469,268,345,350,521,911,632,1178,182,182,282,342,255,189,217,194,261,394,264,295,241,214,214,283,534,330,555,555,159,159,1026,452,470,454,458,296,548,439,680,517,322,409,682,666,196,315,371,305,241,349,611,274,-19.85,0,20.625,39.85,1.15,1.09,0.9,1.07,6.11,5.38,2.57,2.68,2.78,2.95,3.09,3.06,3.01,3.05,2.93,2.86,2.67,2.32,2.55,4.91,3.89,4.22,2.34,1.91,1.77,1.57,1.72,1.53,1.5,1.51,1.59,1.56,1.41,1.47,1.25,1.5,2,4.82,1.52,1.11,4.32,4.59,4.15,3.98,3.86,3.63,3.51,3.27,3.2,3.23,3.41,3.36,3.45,3.63,4.33,6.29,1.91,2.13,2.01,1.65,1.8,2.69,3.2,4.3,122125.72804131,747919.636536087,666749.509853025,609162.74001077,657693.182407734,1011719.54027787,1440669.3592158,871354.068535561,1378491.6220869,1638009.64894923,892044.463117704,453083.181378276,435003.167642478,1504634.50859977,1887846.6093859,2166244.61419532,2041371.95290799,2022899.56727596,480351.346275715,1108028.0704931,1262813.40070345,1234375.07940936,1151434.33654978,857102.699800567,988347.323721735,1061124.68968262,1287663.42067276,2207743.93116266,1051639.05447869,530733.548142303,518145.036126703,1275310.74098029,1832506.12270446,1344937.83790112,1997081.61176215,1972961.54711999,1959804.56184896,1929091.98450165,146540.342226453,134857.194979631,281870.910770635,492069.978751457,706680.078417624,907923.440633863,640310.847504567,476377.65327996,401943.261766913,257764.062417826,348925.189464464,588360.369770423,612282.473866051,969750.158517015,392949.750095725,550736.227744824,432319.783546627,368517.997475482,668368.537193105,948058.789559096,1278725.19643946,898495.228748464,TRUE,FALSE,FALSE,FALSE,FALSE,FALSE,FALSE,FALSE,FALSE,FALSE,FALSE,FALSE,FALSE,FALSE,FALSE,FALSE,FALSE,FALSE,FALSE,FALSE,FALSE,FALSE,FALSE,FALSE,FALSE,FALSE,FALSE,FALSE,FALSE,FALSE,FALSE,FALSE,FALSE,FALSE,FALSE,FALSE,FALSE,FALSE,FALSE,FALSE,FALSE,FALSE,FALSE,FALSE,FALSE,FALSE,FALSE,FALSE,TRUE,FALSE,FALSE,FALSE,FALSE,FALSE,FALSE,FALSE,FALSE,TRUE,FALSE,FALSE,FALSE,FALSE,FALSE,FALSE,FALSE,FALSE,FALSE,FALSE,FALSE,FALSE,FALSE,FALSE,FALSE,FALSE,FALSE,FALSE,FALSE,FALSE,FALSE,FALSE,FALSE,FALSE,FALSE,FALSE,FALSE,FALSE,FALSE,FALSE,FALSE,FALSE,FALSE,FALSE,FALSE,FALSE,FALSE,FALSE,FALSE,FALSE,FALSE,FALSE,FALSE,FALSE,FALSE,FALSE,FALSE,FALSE,FALSE,FALSE,FALSE,FALSE,FALSE,FALSE,FALSE,FALSE
"18 After",2023-09-18 13:10:08.84,"2023-09-18","13H 10M 8.84S","After","Aurora","V0333","Flow Core",2026,344,541,736,471,325,452,388,469,268,345,350,521,911,632,1178,182,182,282,342,255,189,217,194,261,394,264,295,241,214,214,283,534,330,555,555,159,159,1026,452,470,454,458,296,548,439,680,517,322,409,682,666,196,315,371,305,241,349,611,274,-19.85,0,20.625,39.85,1.15,1.09,0.9,1.07,6.43,5.19,2.72,2.84,2.99,3.15,3.3,3.28,3.22,3.17,3.16,3.12,2.96,2.36,2.32,4.51,3.83,4.14,2.15,1.84,1.68,1.5,1.63,1.49,1.44,1.48,1.6,1.57,1.4,1.38,1.25,1.41,2.05,5.03,2.27,1.61,3.69,4.09,4.41,4.26,4.17,3.99,3.9,3.66,3.62,3.62,3.73,3.71,3.81,3.93,4.61,6.66,1.92,2.2,2.11,1.8,1.55,2.27,2.68,3.67,121641.786695895,760117.629966047,679759.499237288,621948.698640508,670412.133634321,1028717.39055019,1465204.76023257,881522.664898576,1384304.13019755,1632137.36237581,893383.551707433,453513.164331381,437596.096113213,1511397.23949397,1915450.63432985,2268042.24726206,2022980.1669426,2023289.05675203,478188.013035923,1102415.04392486,1253382.67326395,1223617.16695996,1148688.22261653,853483.501388767,981358.369521892,1043362.28555748,1255216.2410547,2145237.03579815,1031251.65387688,518287.855301519,511155.720790691,1270564.24047167,1849920.7788713,1393689.92204863,1990937.00441501,2002878.21664058,1997108.27993929,1998726.32040575,148923.441400168,137147.72630387,284173.448249138,492177.779171545,700512.855798138,897420.630759543,639097.955622341,472809.531450855,400676.748557321,258009.220983063,350134.935805447,592812.50202305,629263.74634754,1023109.73365008,393985.538257696,541126.956713368,426463.542418832,367052.948987119,671490.053725146,965654.797375554,1328510.61162402,955011.733102627,TRUE,FALSE,FALSE,FALSE,FALSE,FALSE,FALSE,FALSE,FALSE,FALSE,FALSE,FALSE,FALSE,FALSE,FALSE,FALSE,FALSE,FALSE,FALSE,FALSE,FALSE,FALSE,FALSE,FALSE,FALSE,FALSE,FALSE,FALSE,FALSE,FALSE,FALSE,FALSE,FALSE,FALSE,FALSE,FALSE,FALSE,FALSE,FALSE,FALSE,FALSE,FALSE,FALSE,FALSE,FALSE,FALSE,FALSE,FALSE,TRUE,FALSE,FALSE,FALSE,FALSE,FALSE,FALSE,FALSE,FALSE,TRUE,FALSE,FALSE,FALSE,FALSE,FALSE,FALSE,FALSE,FALSE,FALSE,FALSE,FALSE,FALSE,FALSE,FALSE,FALSE,FALSE,FALSE,FALSE,FALSE,FALSE,FALSE,FALSE,FALSE,FALSE,FALSE,FALSE,FALSE,FALSE,FALSE,FALSE,FALSE,FALSE,FALSE,FALSE,FALSE,FALSE,FALSE,FALSE,FALSE,FALSE,FALSE,FALSE,FALSE,FALSE,FALSE,FALSE,FALSE,FALSE,FALSE,FALSE,FALSE,FALSE,FALSE,FALSE,FALSE,FALSE
"18 Before",2023-09-18 13:00:54.67,"2023-09-18","13H 0M 54.67S","Before","Aurora","V0333","Flow Core",1832,320,494,655,427,297,414,357,435,247,328,330,488,840,585,1050,182,182,279,338,254,188,218,194,260,389,265,299,248,219,216,289,537,320,560,560,159,159,1016,454,478,462,463,297,556,451,705,529,327,412,674,638,211,341,404,323,248,352,602,264,-19.9,0,20.625,39.9,1.15,1.09,0.9,1.08,11.16,9.28,5,5.56,6.22,6.68,7.04,6.82,6.83,6.44,6.17,5.69,4.76,3.75,4.02,7.43,5.41,6.14,3.86,3.21,3.22,3.13,3.12,2.98,2.92,2.83,2.83,2.61,2.52,2.82,3.58,5.74,7.6,13.39,3.97,3.52,5.18,4.78,5.73,5.54,5.44,5.14,4.9,4.53,4.64,4.71,5.06,5.46,6.08,7.54,9.28,12.89,3.8,4.04,3.86,3.99,3.96,6.13,6.41,9.18,116354.054434018,716096.858400186,632187.585711799,570836.384924791,626418.729256199,968190.889136986,1358311.4467924,832705.127703021,1338221.38847736,1573636.98532682,859963.400593165,438965.70052102,411852.129074547,1379444.18277672,1745790.11786825,1996891.14560872,1989501.9121696,2020893.13449978,484415.200051405,1110233.95080064,1263106.60226904,1241108.20032547,1181948.49773706,865969.493357439,998407.082965119,1064672.60490999,1328314.60986441,2251352.83813642,1065159.15852105,535793.546421363,516289.364828791,1258585.064099,1801042.64058581,1290365.50331217,1953989.83617841,1992737.85675613,1925404.25963656,1965509.2572768,144891.922412412,135874.899157631,286687.389922917,507949.733890507,722335.836316687,916546.247434136,647207.155596394,485542.720827522,405959.092811372,264098.546322476,351972.561934747,585984.128666326,601246.36421136,936037.616479685,395473.250232136,553593.186992618,437533.716113572,365465.069134964,665184.305498399,933314.411156422,1242244.47900261,856188.455301916,TRUE,TRUE,FALSE,FALSE,TRUE,TRUE,TRUE,TRUE,TRUE,TRUE,TRUE,FALSE,FALSE,FALSE,FALSE,TRUE,FALSE,FALSE,FALSE,FALSE,FALSE,FALSE,FALSE,FALSE,FALSE,FALSE,FALSE,FALSE,FALSE,FALSE,FALSE,TRUE,TRUE,FALSE,FALSE,FALSE,FALSE,FALSE,FALSE,FALSE,FALSE,FALSE,FALSE,FALSE,FALSE,TRUE,TRUE,TRUE,TRUE,FALSE,FALSE,FALSE,FALSE,FALSE,TRUE,TRUE,TRUE,FALSE,FALSE,FALSE,FALSE,FALSE,FALSE,FALSE,FALSE,FALSE,FALSE,FALSE,FALSE,FALSE,FALSE,FALSE,FALSE,FALSE,FALSE,FALSE,FALSE,FALSE,FALSE,FALSE,FALSE,FALSE,FALSE,FALSE,FALSE,FALSE,FALSE,FALSE,FALSE,FALSE,FALSE,FALSE,FALSE,FALSE,FALSE,FALSE,FALSE,FALSE,FALSE,FALSE,FALSE,FALSE,FALSE,FALSE,FALSE,FALSE,FALSE,FALSE,FALSE,FALSE,FALSE,FALSE,FALSE,FALSE
"15 After",2023-09-15 09:18:18.35,"2023-09-15","9H 18M 18.35S","After","Aurora","V0333","Flow Core",1832,320,494,655,427,297,414,357,435,247,328,330,488,840,585,1050,182,182,279,338,254,188,218,194,260,389,265,299,248,219,216,289,537,320,560,560,159,159,1016,454,478,462,463,297,556,451,705,529,327,412,674,638,211,341,404,323,248,352,602,264,-19.9,0,20.625,39.9,1.15,1.09,0.9,1.08,6.55,5.7,3.01,3.17,3.29,3.48,3.64,3.61,3.54,3.5,3.46,3.43,3.15,2.62,2.64,4.85,4.06,4.61,2.49,1.97,1.9,1.77,1.81,1.68,1.66,1.65,1.73,1.66,1.44,1.39,1.42,1.62,2.45,6.09,1.93,1.22,3.48,3.98,4.51,4.43,4.39,4.09,3.95,3.67,3.65,3.67,3.86,3.82,3.92,4,4.9,7.31,1.58,2,1.82,1.61,1.59,2.51,2.86,3.89,105471.717470701,717369.553327674,631054.465313634,559138.18664261,619202.457105736,961613.885091366,1339307.41264003,820510.172322282,1295882.02151573,1522653.96022659,831360.358431505,424914.038929427,392253.68272074,1300512.63178675,1733734.51106488,1951319.43043291,1992728.07527778,1999721.71292062,471417.681212829,1080140.63552621,1226736.59674579,1201670.63252041,1139267.23153067,834879.269740625,960036.050372923,1013714.3839806,1238770.06440537,2108835.25627175,1015247.98741147,510819.310883012,501085.199477051,1249997.24864885,1820623.69841839,1368798.55594504,1964133.31027778,1975954.23820421,1952837.88111111,1960474.83920334,141556.796741525,133078.366376833,277090.826816773,488415.576082834,688405.264393955,871655.04285128,620859.619990585,463391.899996703,387427.035584599,255001.134397362,343209.357314508,581253.046128356,616243.511121655,996730.604363896,388733.415065836,532361.626924932,422908.897101688,356145.399133528,662120.548734789,948118.986183183,1304023.97501806,937298.91056373,TRUE,FALSE,FALSE,FALSE,FALSE,FALSE,FALSE,FALSE,FALSE,FALSE,FALSE,FALSE,FALSE,FALSE,FALSE,FALSE,FALSE,FALSE,FALSE,FALSE,FALSE,FALSE,FALSE,FALSE,FALSE,FALSE,FALSE,FALSE,FALSE,FALSE,FALSE,FALSE,TRUE,FALSE,FALSE,FALSE,FALSE,FALSE,FALSE,FALSE,FALSE,FALSE,FALSE,FALSE,FALSE,FALSE,FALSE,FALSE,TRUE,FALSE,FALSE,FALSE,FALSE,FALSE,FALSE,FALSE,FALSE,FALSE,FALSE,FALSE,FALSE,FALSE,FALSE,FALSE,FALSE,FALSE,FALSE,FALSE,FALSE,FALSE,FALSE,FALSE,FALSE,FALSE,FALSE,FALSE,FALSE,FALSE,FALSE,FALSE,FALSE,FALSE,FALSE,FALSE,FALSE,FALSE,FALSE,FALSE,FALSE,FALSE,FALSE,FALSE,FALSE,FALSE,FALSE,FALSE,FALSE,FALSE,FALSE,FALSE,FALSE,FALSE,FALSE,FALSE,FALSE,FALSE,FALSE,FALSE,FALSE,FALSE,FALSE,FALSE,FALSE,FALSE
"15 Before",2023-09-15 09:09:40.53,"2023-09-15","9H 9M 40.53S","Before","Aurora","V0333","Flow Core",2066,345,532,710,458,319,444,379,460,261,333,338,506,900,634,1243,180,180,286,350,255,186,223,193,251,388,265,292,227,208,218,286,538,330,559,559,161,161,1000,454,463,450,452,290,537,431,669,506,318,407,687,689,189,301,356,297,237,348,620,289,-19.925,0,20.6,39.975,1.15,1.09,0.9,1.07,6.34,5.56,2.81,2.86,2.94,3.2,3.22,3.3,3.27,3.21,3.21,3.08,2.74,2.06,2.36,4.51,3.79,4.24,2.38,1.94,1.98,1.91,1.85,1.69,1.73,1.74,1.73,1.71,1.51,1.43,1.43,1.66,2.62,6.56,2.29,1.65,2.7,2.75,3.96,3.82,3.52,3.53,3.5,3.35,3.17,3.18,3.35,3.43,3.41,3.41,4.36,6.9,1.48,1.93,1.78,1.59,1.54,2.29,2.54,3.73,118156.37937598,789533.468959886,681972.227041282,601967.688295619,665652.861622784,1033959.60784674,1455244.39929803,875016.945710008,1387903.59725528,1638422.38424323,855891.005525203,436997.599761117,408372.315194766,1390525.07698643,1888936.97679918,2317766.86739958,1957762.62909836,1976522.49102869,485504.897231564,1120869.04174772,1245413.17798263,1207226.47131381,1164959.2135002,828831.362050697,929940.215310968,1031662.80222633,1275812.19698722,2111219.2234373,954058.228794402,494166.032562047,507912.690585465,1240952.74323219,1817725.05512051,1414112.61657858,1962661.01844262,2009179.68985869,1996289.81557377,2015875.00257498,144173.969933186,135084.680016893,273708.885228802,484613.112596968,700188.93804374,880836.646138946,606033.820454777,447005.297270903,373779.931134787,242887.479000244,336265.21196684,578678.11016819,633211.137445169,1092566.56311878,333666.626924483,462965.058946287,361573.880094666,317653.957617721,626795.822430512,931277.596278466,1340705.96404379,1023611.32014864,TRUE,FALSE,FALSE,FALSE,FALSE,FALSE,FALSE,FALSE,FALSE,FALSE,FALSE,FALSE,FALSE,FALSE,FALSE,FALSE,FALSE,FALSE,FALSE,FALSE,FALSE,FALSE,FALSE,FALSE,FALSE,FALSE,FALSE,FALSE,FALSE,FALSE,FALSE,FALSE,TRUE,FALSE,FALSE,FALSE,FALSE,FALSE,FALSE,FALSE,FALSE,FALSE,FALSE,FALSE,FALSE,FALSE,FALSE,FALSE,TRUE,FALSE,FALSE,FALSE,FALSE,FALSE,FALSE,FALSE,FALSE,TRUE,FALSE,FALSE,FALSE,FALSE,FALSE,FALSE,FALSE,FALSE,FALSE,FALSE,FALSE,FALSE,FALSE,FALSE,FALSE,FALSE,FALSE,FALSE,FALSE,FALSE,FALSE,FALSE,FALSE,FALSE,FALSE,FALSE,FALSE,FALSE,FALSE,FALSE,FALSE,FALSE,FALSE,FALSE,FALSE,FALSE,FALSE,FALSE,FALSE,FALSE,FALSE,FALSE,FALSE,FALSE,FALSE,FALSE,FALSE,FALSE,FALSE,FALSE,FALSE,FALSE,FALSE,FALSE,FALSE,FALSE
"13 After",2023-09-13 14:48:39.65,"2023-09-13","14H 48M 39.65S","After","Aurora","V0333","Flow Core",2066,345,532,710,458,319,444,379,460,261,333,338,506,900,634,1243,180,180,286,350,255,186,223,193,251,388,265,292,227,208,218,286,538,330,559,559,161,161,1000,454,463,450,452,290,537,431,669,506,318,407,687,689,189,301,356,297,237,348,620,289,-19.925,0,20.6,39.975,1.15,1.09,0.9,1.07,7.16,5.23,2.8,2.94,3.04,3.2,3.35,3.34,3.32,3.27,3.26,3.19,3.3,3.97,3.28,6.18,3.89,4.21,1.75,1.67,1.8,1.51,1.47,1.51,1.5,1.3,1.41,1.5,1.31,1.22,1.15,1.42,2.1,5.4,1.67,1.23,2.24,2.69,2.91,2.66,2.5,2.33,2.26,2.1,2.02,1.99,2.16,2.16,2.21,2.36,3.2,5.23,1.46,1.85,1.74,1.47,1.51,2.35,2.81,3.78,111087.153483136,740177.703053252,644322.924200795,569653.798394506,628778.660125014,979688.875561165,1381913.98554459,837308.69811048,1327640.01788774,1565093.44150713,850031.758617029,436865.314097307,401879.165324499,1338236.17288711,1773274.52015313,1999781.51638896,2007492.86845114,2010211.65669888,480580.770036053,1109003.84033646,1259765.69017506,1228254.59795781,1155913.55908302,845685.27317571,971148.728251318,1036906.83767944,1250556.73972201,2141655.25804697,1035845.98837635,523905.501994812,512111.513854301,1271645.4583347,1845538.81887742,1393888.49975805,1990252.41683992,2015665.78677052,2001307.51252599,2003077.09917522,145967.114767524,137272.527854197,283496.040923899,499887.033561861,714256.327231598,898384.81418992,643499.326638967,478845.429270422,402743.081091565,258944.840993935,351464.126099335,595819.072003788,627307.639764447,1024046.5057278,392683.576284601,541874.442381586,424366.057992832,363061.627518865,669723.888678654,959859.805986471,1317492.37527654,955040.505488699,TRUE,FALSE,FALSE,FALSE,FALSE,FALSE,FALSE,FALSE,FALSE,FALSE,FALSE,FALSE,FALSE,FALSE,FALSE,TRUE,FALSE,FALSE,FALSE,FALSE,FALSE,FALSE,FALSE,FALSE,FALSE,FALSE,FALSE,FALSE,FALSE,FALSE,FALSE,FALSE,FALSE,FALSE,FALSE,FALSE,FALSE,FALSE,FALSE,FALSE,FALSE,FALSE,FALSE,FALSE,FALSE,FALSE,FALSE,FALSE,FALSE,FALSE,FALSE,FALSE,FALSE,FALSE,FALSE,FALSE,FALSE,TRUE,FALSE,FALSE,FALSE,FALSE,FALSE,FALSE,FALSE,FALSE,FALSE,FALSE,FALSE,FALSE,FALSE,FALSE,FALSE,FALSE,FALSE,FALSE,FALSE,FALSE,FALSE,FALSE,FALSE,FALSE,FALSE,FALSE,FALSE,FALSE,FALSE,FALSE,FALSE,FALSE,FALSE,FALSE,FALSE,FALSE,FALSE,FALSE,FALSE,FALSE,FALSE,FALSE,FALSE,FALSE,FALSE,FALSE,FALSE,FALSE,FALSE,FALSE,FALSE,FALSE,FALSE,FALSE,FALSE,FALSE
"13 Before",2023-09-13 14:39:31.14,"2023-09-13","14H 39M 31.14S","Before","Aurora","V0333","Flow Core",2057,342,539,728,465,319,449,380,463,263,336,342,520,937,640,1267,182,182,288,350,255,186,223,193,253,395,270,294,231,210,219,285,533,325,563,563,160,160,1009,454,467,451,458,293,540,435,681,511,320,408,684,675,191,308,364,303,239,349,619,283,-19.875,0,20.6,39.925,1.15,1.08,0.89,1.07,6.64,5.08,2.91,3.1,3.2,3.38,3.53,3.48,3.44,3.37,3.34,3.29,3.12,2.94,2.74,5.17,3.84,4.13,1.74,1.71,1.85,1.53,1.5,1.55,1.51,1.32,1.42,1.49,1.28,1.21,1.16,1.52,2.31,5.67,1.86,1.49,1.6,1.97,2.43,2.08,1.88,1.77,1.75,1.63,1.53,1.49,1.7,1.65,1.7,1.86,2.72,4.75,1.45,1.81,1.67,1.45,1.5,2.29,2.76,3.78,109331.521264161,735577.325233328,658171.680157131,593134.543074214,649156.247538327,987149.07447301,1409736.35229615,843052.991716144,1344097.09494204,1615540.67402459,853776.686796165,438538.23520271,411919.730882229,1380178.39385073,1774925.67463451,1984989.60927838,2036576.88680667,2046622.83005346,484616.126674623,1109873.71080232,1263353.30068225,1228759.01058892,1157834.69144974,848026.093659987,981062.595170227,1069261.82133792,1300196.90779511,2232788.98993085,1045099.58050045,521324.469524794,515102.812362656,1279812.21891733,1844086.99503755,1374386.48788425,1996544.85304461,2014701.50671838,2007065.80672227,2001739.78673468,145731.779488344,136915.810226408,283404.252270067,502663.472276713,725901.620157367,925113.378653267,641453.210927383,477669.213561438,409000.264465874,262283.286681505,352264.354156836,595440.625436453,626803.357579369,999050.321780291,374608.94437281,528926.830888985,418536.170580897,358347.230903347,660348.845080782,946897.761621145,1293601.51214156,917891.058691748,TRUE,FALSE,FALSE,FALSE,FALSE,FALSE,FALSE,FALSE,FALSE,FALSE,FALSE,FALSE,FALSE,FALSE,FALSE,FALSE,FALSE,FALSE,FALSE,FALSE,FALSE,FALSE,FALSE,FALSE,FALSE,FALSE,FALSE,FALSE,FALSE,FALSE,FALSE,FALSE,FALSE,FALSE,FALSE,FALSE,FALSE,FALSE,FALSE,FALSE,FALSE,FALSE,FALSE,FALSE,FALSE,FALSE,FALSE,FALSE,FALSE,FALSE,FALSE,FALSE,FALSE,FALSE,FALSE,FALSE,FALSE,TRUE,FALSE,FALSE,FALSE,FALSE,FALSE,FALSE,FALSE,FALSE,FALSE,FALSE,FALSE,FALSE,FALSE,FALSE,FALSE,FALSE,FALSE,FALSE,FALSE,FALSE,FALSE,FALSE,FALSE,FALSE,FALSE,FALSE,FALSE,FALSE,FALSE,FALSE,FALSE,FALSE,FALSE,FALSE,FALSE,FALSE,FALSE,FALSE,FALSE,FALSE,FALSE,FALSE,FALSE,FALSE,FALSE,FALSE,FALSE,FALSE,FALSE,FALSE,FALSE,FALSE,FALSE,FALSE,FALSE,FALSE
"12 After",2023-09-12 15:41:14.33,"2023-09-12","15H 41M 14.33S","After","Aurora","V0333","Flow Core",2057,342,539,728,465,319,449,380,463,263,336,342,520,937,640,1267,182,182,288,350,255,186,223,193,253,395,270,294,231,210,219,285,533,325,563,563,160,160,1009,454,467,451,458,293,540,435,681,511,320,408,684,675,191,308,364,303,239,349,619,283,-19.875,0,20.6,39.925,1.15,1.08,0.89,1.07,5.8,4.96,2.89,3.03,3.18,3.34,3.51,3.45,3.41,3.38,3.33,3.26,3.05,2.21,2.26,3.97,3.78,4.1,1.83,1.81,1.93,1.6,1.68,1.68,1.6,1.43,1.54,1.61,1.42,1.32,1.25,1.57,2.23,5.62,1.49,0.91,2.28,2.53,3.11,2.93,2.73,2.64,2.58,2.4,2.32,2.28,2.41,2.42,2.46,2.56,3.44,5.64,1.4,1.84,1.67,1.45,1.51,2.22,2.66,3.8,124053.961662611,755601.597016084,670447.946894844,610305.18659405,660771.121074499,999032.88715602,1433226.01067447,854374.546880757,1355133.19765954,1600292.93514793,864568.413821964,444276.120210483,433387.152304351,1517500.35739292,1903598.29931177,2310085.57990101,2023494.99887892,2035847.84045156,482398.804407278,1104599.44278356,1260250.09686716,1222095.93258671,1156552.65296416,847472.31785951,976017.857233751,1049046.63327043,1254725.16210718,2150195.17284688,1032336.72780125,515081.455137839,513542.139257837,1277985.78027939,1854089.42748572,1395545.46056432,1983973.81474215,2010361.44712002,1999828.84669283,1998805.41163288,143492.165948473,135329.930201079,280164.736407479,492342.776109748,701948.254373822,891591.549435819,633571.971789572,470321.560148757,403334.078419299,259570.208683817,348709.837211134,590390.348098898,627771.241008944,1012693.44493659,390440.544487901,536099.492305075,426553.433069539,365671.01699566,666734.715943832,958635.332879332,1323281.93990213,950338.031589834,FALSE,FALSE,FALSE,FALSE,FALSE,FALSE,FALSE,FALSE,FALSE,FALSE,FALSE,FALSE,FALSE,FALSE,FALSE,FALSE,FALSE,FALSE,FALSE,FALSE,FALSE,FALSE,FALSE,FALSE,FALSE,FALSE,FALSE,FALSE,FALSE,FALSE,FALSE,FALSE,FALSE,FALSE,FALSE,FALSE,FALSE,FALSE,FALSE,FALSE,FALSE,FALSE,FALSE,FALSE,FALSE,FALSE,FALSE,FALSE,FALSE,FALSE,FALSE,FALSE,FALSE,FALSE,FALSE,FALSE,FALSE,TRUE,FALSE,FALSE,FALSE,FALSE,FALSE,FALSE,FALSE,FALSE,FALSE,FALSE,FALSE,FALSE,FALSE,FALSE,FALSE,FALSE,FALSE,FALSE,FALSE,FALSE,FALSE,FALSE,FALSE,FALSE,FALSE,FALSE,FALSE,FALSE,FALSE,FALSE,FALSE,FALSE,FALSE,FALSE,FALSE,FALSE,FALSE,FALSE,FALSE,FALSE,FALSE,FALSE,FALSE,FALSE,FALSE,FALSE,FALSE,FALSE,FALSE,FALSE,FALSE,FALSE,FALSE,FALSE,FALSE,FALSE
"12 Before",2023-09-12 15:23:07.02,"2023-09-12","15H 23M 7.02S","Before","Aurora","V0333","Flow Core",2159,354,544,727,470,327,454,391,480,272,352,358,536,941,640,1184,180,180,282,344,254,185,222,194,253,395,274,300,235,214,222,290,528,306,551,551,164,164,1034,459,482,468,470,301,560,450,694,521,325,413,675,651,194,314,371,303,235,338,582,258,-20,0,20.6,39.975,1.16,1.1,0.92,1.07,4.47,2.97,1.9,2.08,2.11,2.25,2.31,2.31,2.26,2.34,2.26,2.2,2.03,1.5,1.84,3.1,3.6,3.68,1.51,1.55,1.48,1.26,1.34,1.26,1.23,1.15,1.27,1.34,1.13,1.07,0.99,1.14,1.68,3.66,1.13,0.92,1.29,1.13,1.81,1.35,1.13,1.08,1.13,1.17,1.04,1.02,1.22,1.16,1.08,1.29,1.92,3.23,1.17,1.27,1.29,1.09,1.21,1.71,2.17,2.97,133965.317292942,826352.760947333,716260.182970139,640949.583340533,697577.353396243,1091958.28547603,1533788.11979996,937821.883160325,1495635.81905053,1756105.69787793,959786.13317494,495752.090854608,467973.711862318,1577613.88005487,1984002.67590666,2234871.01349596,1983305.65738449,2051920.27309862,480731.164132718,1112661.37244248,1273265.38302101,1219832.28423125,1191881.3458395,875317.052758941,983214.477069454,1069489.9222925,1334690.17996856,2279914.86731694,1052011.59538566,529778.088682416,537805.352385212,1335504.35833087,1871130.14840979,1298176.14928101,1927947.37211221,2036628.39094246,2041059.42161716,2128130.75548115,154389.342616491,143456.38397006,301305.845335239,537189.502534604,761736.466260629,961577.803183774,684746.930179771,515117.465795549,430913.208530211,275764.409724668,372383.519663793,629897.511334118,648364.432991009,1024606.57909946,409295.302397598,570685.792540035,448164.911172221,380346.641367578,686502.565484962,976350.819613269,1304968.00870118,910236.986692057,FALSE,FALSE,FALSE,FALSE,FALSE,FALSE,FALSE,FALSE,FALSE,FALSE,FALSE,FALSE,FALSE,FALSE,FALSE,FALSE,FALSE,FALSE,FALSE,FALSE,FALSE,FALSE,FALSE,FALSE,FALSE,FALSE,FALSE,FALSE,FALSE,FALSE,FALSE,FALSE,FALSE,FALSE,FALSE,FALSE,FALSE,FALSE,FALSE,FALSE,FALSE,FALSE,FALSE,FALSE,FALSE,FALSE,FALSE,FALSE,FALSE,FALSE,FALSE,FALSE,FALSE,FALSE,FALSE,FALSE,FALSE,TRUE,FALSE,FALSE,FALSE,FALSE,FALSE,FALSE,FALSE,FALSE,FALSE,FALSE,FALSE,FALSE,FALSE,FALSE,FALSE,FALSE,FALSE,FALSE,FALSE,FALSE,FALSE,FALSE,FALSE,FALSE,FALSE,FALSE,FALSE,FALSE,FALSE,FALSE,FALSE,FALSE,FALSE,FALSE,FALSE,FALSE,FALSE,FALSE,FALSE,FALSE,FALSE,FALSE,FALSE,FALSE,FALSE,FALSE,FALSE,FALSE,FALSE,FALSE,FALSE,FALSE,FALSE,FALSE,FALSE,FALSE
"11 After",2023-09-11 10:35:41.65,"2023-09-11","10H 35M 41.65S","After","Aurora","V0333","Flow Core",2159,354,544,727,470,327,454,391,480,272,352,358,536,941,640,1184,180,180,282,344,254,185,222,194,253,395,274,300,235,214,222,290,528,306,551,551,164,164,1034,459,482,468,470,301,560,450,694,521,325,413,675,651,194,314,371,303,235,338,582,258,-20,0,20.6,39.975,1.16,1.1,0.92,1.07,6.52,5.07,2.72,2.91,2.92,3.09,3.28,3.25,3.2,3.18,3.15,3.12,3.25,3.64,2.87,5.26,3.93,4.21,1.78,1.77,1.86,1.56,1.55,1.58,1.52,1.36,1.49,1.61,1.36,1.26,1.16,1.26,1.67,4.52,2.21,2.25,3.06,3.68,2.9,2.61,2.5,2.34,2.25,2.06,1.99,1.99,2.18,2.18,2.19,2.41,3.09,5.05,1.44,1.87,1.73,1.54,1.57,2.42,2.91,3.82,120452.567145569,749360.011579213,659005.464223873,591063.155328453,641007.289600469,1001180.9561361,1401796.13179875,854079.350606782,1345910.20979304,1570742.3464069,856613.625888396,439584.379823448,416012.417847498,1413570.96122477,1844850.96254219,2142337.55112993,2007948.00196048,2015907.34232481,480551.349758112,1096544.530672,1262124.31273914,1228311.07151838,1164272.0639057,860039.780937965,983614.235021131,1051312.19106273,1271741.55532164,2172965.73363442,1035598.32949648,516967.535569906,514510.544286558,1287807.0396686,1857456.12278327,1395739.395335,1979914.9613394,1997856.5943749,1994631.32551757,1992675.8657243,146815.207910049,137000.204066714,283829.687523717,504573.248937206,710385.407986758,895046.615796505,638506.701374872,479550.791756389,403106.250810205,258488.646236669,351603.735363794,597448.043023643,628742.446282371,1025623.57257132,391748.729326134,535483.75577477,422248.481123195,362246.806654151,665525.811204806,958603.419888075,1316273.80977494,949165.432563895,TRUE,FALSE,FALSE,FALSE,FALSE,FALSE,FALSE,FALSE,FALSE,FALSE,FALSE,FALSE,FALSE,FALSE,FALSE,FALSE,FALSE,FALSE,FALSE,FALSE,FALSE,FALSE,FALSE,FALSE,FALSE,FALSE,FALSE,FALSE,FALSE,FALSE,FALSE,FALSE,FALSE,FALSE,FALSE,FALSE,FALSE,FALSE,FALSE,FALSE,FALSE,FALSE,FALSE,FALSE,FALSE,FALSE,FALSE,FALSE,FALSE,FALSE,FALSE,FALSE,FALSE,FALSE,FALSE,FALSE,FALSE,TRUE,FALSE,FALSE,FALSE,FALSE,FALSE,FALSE,FALSE,FALSE,FALSE,FALSE,FALSE,FALSE,FALSE,FALSE,FALSE,FALSE,FALSE,FALSE,FALSE,FALSE,FALSE,FALSE,FALSE,FALSE,FALSE,FALSE,FALSE,FALSE,FALSE,FALSE,FALSE,FALSE,FALSE,FALSE,FALSE,FALSE,FALSE,FALSE,FALSE,FALSE,FALSE,FALSE,FALSE,FALSE,FALSE,FALSE,FALSE,FALSE,FALSE,FALSE,FALSE,FALSE,FALSE,FALSE,FALSE,FALSE
"11 Before",2023-09-11 10:18:15.79,"2023-09-11","10H 18M 15.79S","Before","Aurora","V0333","Flow Core",2160,352,546,729,470,327,455,392,480,272,356,361,541,949,644,1182,179,179,280,342,256,186,221,195,256,391,272,302,237,213,223,297,539,306,557,557,159,159,1023,454,476,460,461,296,556,447,692,518,323,410,668,641,201,323,381,311,239,342,588,260,-19.975,0,20.575,39.9,1.16,1.1,0.93,1.07,7.29,6.01,3.43,3.62,3.57,3.71,3.91,3.89,3.88,3.8,3.8,3.73,3.95,4.18,3.6,6.03,4.15,4.66,2.39,2.17,2.35,2.1,1.97,2.03,2.06,1.82,1.99,2.1,1.82,1.65,1.58,1.95,2.45,5.59,1.73,1.72,4.28,4.84,4.32,4.14,4.03,3.75,3.68,3.43,3.35,3.32,3.49,3.54,3.6,3.9,4.63,6.86,1.79,2.25,2.11,1.99,2.1,2.99,3.34,4.3,121575.517670026,745808.167353813,662306.404341618,591800.168355822,644960.324891113,1005560.98794057,1408237.68038118,856544.956626517,1351875.10549699,1572771.20953187,870988.154922589,446909.781628159,420752.589248063,1436996.88607172,1865197.41777054,2165154.94320002,2011600.86025074,2013047.9371311,477263.728890111,1094922.26826426,1265602.51320887,1234289.56971783,1152297.52821498,852946.811009145,988192.01451405,1041159.06333714,1249342.3207751,2140697.66168457,1037146.36717916,514628.802508775,513855.199734725,1294617.53659699,1869847.09594742,1397272.91864406,1991524.78591445,2019107.99520591,1961956.34690265,1960241.23887817,146899.887270851,135124.526913044,282784.290043789,488316.123212161,695535.371935029,878217.20424576,635870.362338949,469745.43395111,400562.338053099,256780.340557309,347453.290297475,591572.766526503,621215.297002599,1008897.54401038,408987.808531227,551037.522247359,436262.959839166,372927.23636044,681051.796763192,976169.400954362,1331436.72173939,963747.338766067,TRUE,TRUE,FALSE,FALSE,FALSE,FALSE,FALSE,FALSE,FALSE,FALSE,FALSE,FALSE,FALSE,FALSE,FALSE,TRUE,FALSE,FALSE,FALSE,FALSE,FALSE,FALSE,FALSE,FALSE,FALSE,FALSE,FALSE,FALSE,FALSE,FALSE,FALSE,FALSE,FALSE,FALSE,FALSE,FALSE,FALSE,FALSE,FALSE,FALSE,FALSE,FALSE,FALSE,FALSE,FALSE,FALSE,FALSE,FALSE,TRUE,FALSE,FALSE,FALSE,FALSE,FALSE,FALSE,FALSE,FALSE,TRUE,FALSE,FALSE,FALSE,FALSE,FALSE,FALSE,FALSE,FALSE,FALSE,FALSE,FALSE,FALSE,FALSE,FALSE,FALSE,FALSE,FALSE,FALSE,FALSE,FALSE,FALSE,FALSE,FALSE,FALSE,FALSE,FALSE,FALSE,FALSE,FALSE,FALSE,FALSE,FALSE,FALSE,FALSE,FALSE,FALSE,FALSE,FALSE,FALSE,FALSE,FALSE,FALSE,FALSE,FALSE,FALSE,FALSE,FALSE,FALSE,FALSE,FALSE,FALSE,FALSE,FALSE,FALSE,FALSE,FALSE
"08 After",2023-09-08 09:40:00.53,"2023-09-08","9H 40M 0.53S","After","Aurora","V0333","Flow Core",2160,352,546,729,470,327,455,392,480,272,356,361,541,949,644,1182,179,179,280,342,256,186,221,195,256,391,272,302,237,213,223,297,539,306,557,557,159,159,1023,454,476,460,461,296,556,447,692,518,323,410,668,641,201,323,381,311,239,342,588,260,-19.975,0,20.575,39.9,1.16,1.1,0.93,1.07,6.53,5.45,2.74,2.9,2.99,3.16,3.37,3.35,3.32,3.28,3.26,3.21,3.16,3.16,2.68,5.16,4.08,4.4,2,1.67,1.76,1.6,1.5,1.51,1.57,1.4,1.47,1.55,1.45,1.32,1.19,1.4,1.98,5.22,1.46,0.75,3.31,4,4.42,4.37,4.23,4,3.86,3.61,3.54,3.51,3.67,3.7,3.66,3.76,4.53,6.64,1.58,2.06,1.89,1.59,1.6,2.56,3.03,4.06,122210.42739409,745185.957104125,660001.028207349,591346.367362544,643473.281044211,1002896.33300275,1404533.88157744,854729.153111434,1349611.78314517,1571356.50387255,863060.831851242,442949.927566656,419008.399800218,1436386.26918267,1863246.77539407,2178317.80151165,2016344.30178667,2017003.63723594,478415.29795624,1096936.68495762,1258425.35981574,1228058.96934638,1155807.44062276,848755.471162466,981129.272288558,1049269.90138432,1255264.6065299,2133049.95541244,1029654.79882399,515082.643248696,511891.471978663,1272153.31647971,1840065.12312407,1390783.47494438,1987285.78311392,2013919.17548398,1992700.62137292,1990639.11521382,147381.91147679,135554.245926138,285451.472999216,495138.255338391,705946.472872456,890417.71864566,640126.308960377,472299.304014841,401763.568889469,258725.739229705,349234.9539355,594665.812402145,625670.298716598,1018583.26961238,397425.568513826,542070.596598466,428821.448461741,367230.326763244,671413.169194191,962995.061977214,1315396.71947635,953621.83311941,TRUE,FALSE,FALSE,FALSE,FALSE,FALSE,FALSE,FALSE,FALSE,FALSE,FALSE,FALSE,FALSE,FALSE,FALSE,FALSE,FALSE,FALSE,FALSE,FALSE,FALSE,FALSE,FALSE,FALSE,FALSE,FALSE,FALSE,FALSE,FALSE,FALSE,FALSE,FALSE,FALSE,FALSE,FALSE,FALSE,FALSE,FALSE,FALSE,FALSE,FALSE,FALSE,FALSE,FALSE,FALSE,FALSE,FALSE,FALSE,TRUE,FALSE,FALSE,FALSE,FALSE,FALSE,FALSE,FALSE,FALSE,TRUE,FALSE,FALSE,FALSE,FALSE,FALSE,FALSE,FALSE,FALSE,FALSE,FALSE,FALSE,FALSE,FALSE,FALSE,FALSE,FALSE,FALSE,FALSE,FALSE,FALSE,FALSE,FALSE,FALSE,FALSE,FALSE,FALSE,FALSE,FALSE,FALSE,FALSE,FALSE,FALSE,FALSE,FALSE,FALSE,FALSE,FALSE,FALSE,FALSE,FALSE,FALSE,FALSE,FALSE,FALSE,FALSE,FALSE,FALSE,FALSE,FALSE,FALSE,FALSE,FALSE,FALSE,FALSE,FALSE,FALSE
"08 Before",2023-09-08 09:31:54.1,"2023-09-08","9H 31M 54.1S","Before","Aurora","V0333","Flow Core",2117,344,531,722,459,321,446,387,472,267,352,358,538,957,646,1200,182,182,287,346,255,188,224,194,256,404,273,298,241,222,225,290,525,307,557,557,158,158,1000,451,474,460,462,298,559,453,698,532,326,410,672,638,208,336,397,322,247,351,597,264,-19.9,0,20.725,40.05,1.15,1.09,0.9,1.07,6.91,5.69,3.09,3.28,3.32,3.51,3.69,3.67,3.65,3.58,3.54,3.52,3.54,3.5,3.08,5.52,4.14,4.56,2.34,1.98,2.13,1.96,1.78,1.81,1.88,1.69,1.79,1.86,1.69,1.53,1.48,1.82,2.4,5.62,1.65,1.29,2.77,3.63,3.96,3.78,3.71,3.48,3.38,3.16,3.09,3.07,3.19,3.21,3.24,3.38,4.09,6.15,1.63,2.05,1.9,1.74,1.82,2.65,3.04,4,123050.530850346,740304.974201866,651389.845194937,592043.904391908,644535.936556148,994662.773659969,1408123.45149094,855128.722986041,1351084.40004567,1556008.06380302,860659.568861714,441805.367246628,426462.670735806,1516299.76495232,1920226.63894835,2341937.90601889,2043627.8814834,2026549.25112043,483102.532706592,1097241.18627736,1247488.108011,1227992.85035129,1162444.11560887,840164.484905072,971802.075602248,1074616.93892226,1239309.34576786,2087960.75535057,1037862.89773621,527355.907683527,508765.973691483,1239719.00823391,1803407.29548264,1404219.0587802,1987079.5779305,1963804.13239386,1976711.01653268,1951967.7786534,142689.50952611,134246.441620054,278471.44266505,489397.969439472,697533.652416702,880422.520866025,631245.566521848,472290.556009101,395030.855725113,260309.127114481,348280.587428009,588575.655052493,621777.204268924,1013643.71532368,393022.201129,536214.698275885,425591.371102816,364022.104671318,667685.734514965,957007.832643411,1312852.38482735,952232.638418204,TRUE,FALSE,FALSE,FALSE,FALSE,FALSE,FALSE,FALSE,FALSE,FALSE,FALSE,FALSE,FALSE,FALSE,FALSE,FALSE,FALSE,FALSE,FALSE,FALSE,FALSE,FALSE,FALSE,FALSE,FALSE,FALSE,FALSE,FALSE,FALSE,FALSE,FALSE,FALSE,FALSE,FALSE,FALSE,FALSE,FALSE,FALSE,FALSE,FALSE,FALSE,FALSE,FALSE,FALSE,FALSE,FALSE,FALSE,FALSE,TRUE,FALSE,FALSE,FALSE,FALSE,FALSE,FALSE,FALSE,FALSE,TRUE,FALSE,FALSE,FALSE,FALSE,FALSE,FALSE,FALSE,FALSE,FALSE,FALSE,FALSE,FALSE,FALSE,FALSE,FALSE,FALSE,FALSE,FALSE,FALSE,FALSE,FALSE,FALSE,FALSE,FALSE,FALSE,FALSE,FALSE,FALSE,FALSE,FALSE,FALSE,FALSE,FALSE,FALSE,FALSE,FALSE,FALSE,FALSE,FALSE,FALSE,FALSE,FALSE,FALSE,FALSE,FALSE,FALSE,FALSE,FALSE,FALSE,FALSE,FALSE,FALSE,FALSE,FALSE,FALSE,FALSE
"06 After",2023-09-06 09:47:54.11,"2023-09-06","9H 47M 54.11S","After","Aurora","V0333","Flow Core",2117,344,531,722,459,321,446,387,472,267,352,358,538,957,646,1200,182,182,287,346,255,188,224,194,256,404,273,298,241,222,225,290,525,307,557,557,158,158,1000,451,474,460,462,298,559,453,698,532,326,410,672,638,208,336,397,322,247,351,597,264,-19.9,0,20.725,40.05,1.15,1.09,0.9,1.07,6.65,5.36,3.11,3.34,3.41,3.58,3.74,3.71,3.71,3.62,3.62,3.53,3.47,3.61,2.94,5.34,3.85,4.24,1.85,1.89,1.95,1.61,1.65,1.67,1.61,1.43,1.56,1.66,1.4,1.31,1.29,1.58,2.42,5.98,2.42,1.67,3.4,3.7,4.64,4.56,4.48,4.29,4.18,3.93,3.87,3.86,3.94,3.96,4.07,4.16,5,7.41,1.48,1.91,1.72,1.52,1.49,2.35,2.74,3.88,118961.418992931,751394.310404661,657202.907793467,593161.180611998,649577.023084815,1005824.30830208,1419832.5427755,863847.850116325,1367279.20672453,1587210.93829713,873821.700388983,447501.491453866,423670.417680201,1464660.2298628,1885042.65118929,2229768.1525259,2028943.1762,2036378.59941183,479143.428095807,1100882.7296929,1266435.18726238,1231868.77895715,1165089.49217675,854222.86974485,980658.653657645,1063254.73852423,1253433.27435002,2152148.57833046,1037825.49207775,520096.638051087,512382.770042131,1277460.7189087,1852779.18289091,1397785.83774727,1989649.06495,2007205.99890156,1990956.11105,1998846.51606242,145658.159252904,136548.844316122,281864.949215961,493950.241702882,705655.011875072,893329.756296107,636275.909045829,477223.613168137,399044.748496798,262189.972342516,351236.775650099,593359.370060753,626828.381688013,1020828.09327745,396080.622280569,541333.260850315,429606.161294859,367701.641667079,674213.125155465,967485.866405863,1326228.34156554,958908.901185388,TRUE,FALSE,FALSE,FALSE,FALSE,FALSE,FALSE,FALSE,FALSE,FALSE,FALSE,FALSE,FALSE,FALSE,FALSE,FALSE,FALSE,FALSE,FALSE,FALSE,FALSE,FALSE,FALSE,FALSE,FALSE,FALSE,FALSE,FALSE,FALSE,FALSE,FALSE,FALSE,FALSE,FALSE,FALSE,FALSE,FALSE,FALSE,FALSE,FALSE,FALSE,FALSE,FALSE,FALSE,FALSE,FALSE,FALSE,FALSE,TRUE,FALSE,FALSE,FALSE,FALSE,FALSE,FALSE,FALSE,FALSE,TRUE,FALSE,FALSE,FALSE,FALSE,FALSE,FALSE,FALSE,FALSE,FALSE,FALSE,FALSE,FALSE,FALSE,FALSE,FALSE,FALSE,FALSE,FALSE,FALSE,FALSE,FALSE,FALSE,FALSE,FALSE,FALSE,FALSE,FALSE,FALSE,FALSE,FALSE,FALSE,FALSE,FALSE,FALSE,FALSE,FALSE,FALSE,FALSE,FALSE,FALSE,FALSE,FALSE,FALSE,FALSE,FALSE,FALSE,FALSE,FALSE,FALSE,FALSE,FALSE,FALSE,FALSE,FALSE,FALSE,FALSE
"06 Before",2023-09-06 09:39:38.77,"2023-09-06","9H 39M 38.77S","Before","Aurora","V0333","Flow Core",2007,340,537,716,461,320,449,385,472,268,350,358,529,914,621,1128,180,180,277,341,254,187,219,195,261,386,264,300,244,215,215,293,545,323,563,563,159,159,1033,455,478,456,457,295,556,448,706,527,325,409,666,637,206,334,399,316,243,346,590,261,-19.975,0,20.575,39.85,1.15,1.09,0.91,1.08,6.65,5.44,3.17,3.42,3.54,3.73,3.89,3.86,3.81,3.75,3.7,3.6,3.49,3.26,2.8,5.04,3.89,4.31,1.95,1.99,2.03,1.66,1.72,1.73,1.65,1.49,1.63,1.7,1.45,1.34,1.33,1.64,2.61,6.29,2.76,1.86,3.19,3.36,4.64,4.52,4.44,4.22,4.1,3.85,3.81,3.81,3.89,3.93,4.01,4.07,5.01,7.56,1.51,1.93,1.73,1.55,1.53,2.38,2.78,4,121941.18429005,766852.513709852,688559.055702948,614284.97585702,670486.653386817,1034026.92305731,1461000.47977478,878383.749630344,1414229.05631084,1663067.48014667,896537.231833494,458960.3359476,434316.402034466,1468979.37819055,1892303.43356784,2234903.92497861,1987178.60555,2002869.06301821,463928.719870364,1077303.54652215,1252886.68815139,1226669.46662733,1134740.70912965,854857.31829967,996137.987783731,1013568.4436093,1236405.59712754,2210319.26748377,1042582.88636739,500188.376503012,487527.180161087,1288843.1951326,1912889.35411745,1462613.92607189,1997183.02195,2059696.64583574,2006078.9422,2027092.70665346,149614.705435336,136946.700099059,286412.312313466,497322.321651352,706155.428316088,896116.307965215,634327.040012948,469397.425407095,398423.928412673,256639.10636662,350027.366594076,591330.762139393,623465.434233745,1023128.61954449,381121.636825351,525427.3434536,420771.797797407,357499.638467448,662807.991794545,955390.668783594,1309660.2605536,951093.420324692,TRUE,FALSE,FALSE,FALSE,FALSE,FALSE,FALSE,FALSE,FALSE,FALSE,FALSE,FALSE,FALSE,FALSE,FALSE,FALSE,FALSE,FALSE,FALSE,FALSE,FALSE,FALSE,FALSE,FALSE,FALSE,FALSE,FALSE,FALSE,FALSE,FALSE,FALSE,FALSE,TRUE,FALSE,FALSE,FALSE,FALSE,FALSE,FALSE,FALSE,FALSE,FALSE,FALSE,FALSE,FALSE,FALSE,FALSE,FALSE,TRUE,FALSE,FALSE,FALSE,FALSE,FALSE,FALSE,FALSE,FALSE,TRUE,FALSE,FALSE,FALSE,FALSE,FALSE,FALSE,FALSE,FALSE,FALSE,FALSE,FALSE,FALSE,FALSE,FALSE,FALSE,FALSE,FALSE,FALSE,FALSE,FALSE,FALSE,FALSE,FALSE,FALSE,FALSE,FALSE,FALSE,FALSE,FALSE,FALSE,FALSE,FALSE,FALSE,FALSE,FALSE,FALSE,FALSE,FALSE,FALSE,FALSE,FALSE,FALSE,FALSE,FALSE,FALSE,FALSE,FALSE,FALSE,FALSE,FALSE,FALSE,FALSE,FALSE,FALSE,FALSE,FALSE
"01 After",2023-09-01 09:48:29.63,"2023-09-01","9H 48M 29.63S","After","Aurora","V0333","Flow Core",2007,340,537,716,461,320,449,385,472,268,350,358,529,914,621,1128,180,180,277,341,254,187,219,195,261,386,264,300,244,215,215,293,545,323,563,563,159,159,1033,455,478,456,457,295,556,448,706,527,325,409,666,637,206,334,399,316,243,346,590,261,-19.975,0,20.575,39.85,1.15,1.09,0.91,1.08,7.08,5.3,2.72,2.96,3.05,3.25,3.43,3.42,3.37,3.32,3.33,3.25,3.22,3.33,2.98,5.62,3.86,4.17,2.05,1.72,1.76,1.67,1.58,1.53,1.55,1.49,1.54,1.53,1.34,1.32,1.24,1.41,2.06,5.27,1.55,0.8,2.47,3.1,3.92,3.7,3.55,3.36,3.26,3.05,2.94,2.92,3.08,3.11,3.08,3.09,4,6.09,1.47,1.92,1.75,1.56,1.54,2.37,2.82,3.86,119892.403935029,753836.986420971,686346.044897404,615945.039801833,666297.307542836,1023508.20115897,1446747.3074295,869961.106761412,1394232.367934,1621303.94756925,885513.268893428,452605.877147773,433155.829410141,1475755.51050595,1887307.25713202,2242431.75702596,2011594.61653609,2011408.96300133,478031.684345295,1091488.57140538,1248942.77547983,1235667.43768771,1153378.74938121,843744.638631502,982373.421254152,1041461.89366429,1245565.95672052,2144971.53579742,1029985.94912923,517457.562825818,510879.031009883,1275570.85817433,1849765.81350731,1396682.18757889,1992685.7893117,2021593.93173025,1996166.3936066,1991225.93411199,146042.818138738,134524.390293108,283492.316857321,493012.841300264,694793.989609334,882075.814434698,636432.419865907,467179.620579978,398707.49789696,256485.235865179,349498.403337888,589431.437010649,622854.416688521,1021314.45702787,393864.254807338,536116.108507237,430586.11893132,364748.089686907,668850.522122421,959649.120491609,1313904.4061821,955345.967796872,TRUE,FALSE,FALSE,FALSE,FALSE,FALSE,FALSE,FALSE,FALSE,FALSE,FALSE,FALSE,FALSE,FALSE,FALSE,FALSE,FALSE,FALSE,FALSE,FALSE,FALSE,FALSE,FALSE,FALSE,FALSE,FALSE,FALSE,FALSE,FALSE,FALSE,FALSE,FALSE,FALSE,FALSE,FALSE,FALSE,FALSE,FALSE,FALSE,FALSE,FALSE,FALSE,FALSE,FALSE,FALSE,FALSE,FALSE,FALSE,TRUE,FALSE,FALSE,FALSE,FALSE,FALSE,FALSE,FALSE,FALSE,TRUE,FALSE,FALSE,FALSE,FALSE,FALSE,FALSE,FALSE,FALSE,FALSE,FALSE,FALSE,FALSE,FALSE,FALSE,FALSE,FALSE,FALSE,FALSE,FALSE,FALSE,FALSE,FALSE,FALSE,FALSE,FALSE,FALSE,FALSE,FALSE,FALSE,FALSE,FALSE,FALSE,FALSE,FALSE,FALSE,FALSE,FALSE,FALSE,FALSE,FALSE,FALSE,FALSE,FALSE,FALSE,FALSE,FALSE,FALSE,FALSE,FALSE,FALSE,FALSE,FALSE,FALSE,FALSE,FALSE,FALSE
"01 Before",2023-09-01 09:44:05.35,"2023-09-01","9H 44M 5.35S","Before","Aurora","V0333","Flow Core",1848,333,522,695,451,318,442,380,460,263,344,351,505,853,597,1036,179,179,282,339,251,187,219,192,256,399,266,297,245,221,219,285,522,311,560,560,160,160,1009,456,476,459,463,298,553,453,707,528,326,410,671,637,204,332,390,313,242,345,589,259,-19.95,0,20.575,39.85,1.15,1.09,0.91,1.08,7.22,5.38,2.9,3.09,3.25,3.46,3.63,3.61,3.57,3.53,3.49,3.42,3.37,3.24,3.03,5.51,3.95,4.34,2.03,1.75,1.8,1.72,1.61,1.57,1.61,1.54,1.59,1.57,1.41,1.37,1.31,1.5,2.18,5.74,1.62,0.8,2.19,2.79,3.74,3.44,3.23,3.04,2.99,2.78,2.71,2.65,2.88,2.86,2.88,2.88,3.74,6.05,1.49,1.91,1.76,1.54,1.53,2.4,2.81,3.88,111383.580357874,740931.913208975,669188.804683444,596904.586167328,652531.295173352,1016686.6748122,1434444.9838945,863386.088834984,1364247.39944554,1600096.87836674,866859.522684944,442834.562248719,414024.518252971,1392153.63454356,1808982.11877287,2046859.08532671,2006720.75538147,2010301.997851,488025.131938992,1089984.23476348,1238063.62182021,1239580.5592361,1150407.55543286,829263.056720207,965270.701303205,1069884.64667533,1262825.40962647,2126630.57848067,1032584.06956306,535164.440011393,522320.707684732,1244914.08607117,1772017.08309001,1341727.12291367,1980711.00790191,2013245.53383882,2018927.49175749,2015110.29598394,144028.286062612,135480.555267692,284967.77314051,495397.565803312,709127.779690701,898073.751596191,627862.249505232,476549.612445634,409430.339549154,257491.062610778,352350.702678514,594003.630055651,629534.282975688,1023346.18642955,387075.34639251,532761.152773198,421701.738883742,358178.463966565,664453.510738244,957337.228301018,1312138.01361537,944847.981006546,TRUE,FALSE,FALSE,FALSE,FALSE,FALSE,FALSE,FALSE,FALSE,FALSE,FALSE,FALSE,FALSE,FALSE,FALSE,FALSE,FALSE,FALSE,FALSE,FALSE,FALSE,FALSE,FALSE,FALSE,FALSE,FALSE,FALSE,FALSE,FALSE,FALSE,FALSE,FALSE,FALSE,FALSE,FALSE,FALSE,FALSE,FALSE,FALSE,FALSE,FALSE,FALSE,FALSE,FALSE,FALSE,FALSE,FALSE,FALSE,TRUE,FALSE,FALSE,FALSE,FALSE,FALSE,FALSE,FALSE,FALSE,FALSE,FALSE,FALSE,FALSE,FALSE,FALSE,FALSE,FALSE,FALSE,FALSE,FALSE,FALSE,FALSE,FALSE,FALSE,FALSE,FALSE,FALSE,FALSE,FALSE,FALSE,FALSE,FALSE,FALSE,FALSE,FALSE,FALSE,FALSE,FALSE,FALSE,FALSE,FALSE,FALSE,FALSE,FALSE,FALSE,FALSE,FALSE,FALSE,FALSE,FALSE,FALSE,FALSE,FALSE,FALSE,FALSE,FALSE,FALSE,FALSE,FALSE,FALSE,FALSE,FALSE,FALSE,FALSE,FALSE,FALSE
"31 After",2023-08-31 09:23:00.49,"2023-08-31","9H 23M 0.49S","After","Aurora","V0333","Flow Core",1848,333,522,695,451,318,442,380,460,263,344,351,505,853,597,1036,179,179,282,339,251,187,219,192,256,399,266,297,245,221,219,285,522,311,560,560,160,160,1009,456,476,459,463,298,553,453,707,528,326,410,671,637,204,332,390,313,242,345,589,259,-19.95,0,20.575,39.85,1.15,1.09,0.91,1.08,6.52,5.61,3.11,3.43,3.49,3.67,3.87,3.84,3.76,3.69,3.69,3.63,3.54,3.4,2.77,4.83,4.06,4.45,2.21,2.07,1.92,1.64,1.82,1.72,1.62,1.53,1.69,1.71,1.41,1.34,1.33,1.58,2.39,5.73,2.33,2.03,2.04,2.65,3.01,2.7,2.53,2.35,2.32,2.19,2.08,2.05,2.23,2.25,2.26,2.28,3.2,5.44,1.49,1.97,1.76,1.58,1.57,2.48,2.89,3.98,96986.5428822133,704215.86881818,638929.16013593,565397.888611768,625243.289310741,981179.899468123,1379681.13864981,829304.908491304,1299725.14902942,1539626.87322678,832668.527403495,425916.042156753,382665.105819134,1234460.40349739,1662449.65123267,1778816.03069647,2004961.70581395,1998718.16515081,474789.943322432,1089503.87360192,1241846.83960143,1219370.14883236,1146008.89101816,841936.491819091,966631.393144417,1037692.88408536,1245031.98712121,2155660.31588299,1026532.97625967,516896.13784177,507360.437689437,1267586.51705626,1836993.76270289,1380943.3463618,1985306.05249169,2012965.55305395,1993848.18903654,1986154.63294303,144210.15574657,135073.011695348,283697.550186517,490116.536368018,700218.289744489,885450.774695017,623328.779640796,472544.122854331,406480.764954712,255265.765826647,348762.609192086,588415.323849855,622563.968481986,1010925.73972591,392395.043066738,537170.0229173,425283.806980533,359957.190315861,663700.423457589,955980.170464449,1308859.43509305,941928.301430207,TRUE,FALSE,FALSE,FALSE,FALSE,FALSE,FALSE,FALSE,FALSE,FALSE,FALSE,FALSE,FALSE,FALSE,FALSE,FALSE,FALSE,FALSE,FALSE,FALSE,FALSE,FALSE,FALSE,FALSE,FALSE,FALSE,FALSE,FALSE,FALSE,FALSE,FALSE,FALSE,FALSE,FALSE,FALSE,FALSE,FALSE,FALSE,FALSE,FALSE,FALSE,FALSE,FALSE,FALSE,FALSE,FALSE,FALSE,FALSE,FALSE,FALSE,FALSE,FALSE,FALSE,FALSE,FALSE,FALSE,FALSE,FALSE,FALSE,FALSE,FALSE,FALSE,FALSE,FALSE,FALSE,FALSE,FALSE,FALSE,FALSE,FALSE,FALSE,FALSE,FALSE,FALSE,FALSE,FALSE,FALSE,FALSE,FALSE,FALSE,FALSE,FALSE,FALSE,FALSE,FALSE,FALSE,FALSE,FALSE,FALSE,FALSE,FALSE,FALSE,FALSE,FALSE,FALSE,FALSE,FALSE,FALSE,FALSE,FALSE,FALSE,FALSE,FALSE,FALSE,FALSE,FALSE,FALSE,FALSE,FALSE,FALSE,FALSE,FALSE,FALSE,FALSE
"31 Before",2023-08-31 09:16:09.89,"2023-08-31","9H 16M 9.89S","Before","Aurora","V0333","Flow Core",1916,331,511,689,445,310,431,371,452,257,336,344,505,871,606,1083,181,181,286,349,256,187,225,196,257,400,273,300,239,222,227,292,527,307,562,562,159,159,1002,451,476,458,462,296,559,449,695,527,326,411,672,638,211,342,404,327,248,354,605,266,-19.875,0,20.7,40,1.15,1.08,0.89,1.08,6.43,5.6,3.22,3.39,3.54,3.7,3.9,3.87,3.8,3.73,3.73,3.67,3.41,2.65,2.48,4.52,4.07,4.47,2.33,2.13,1.93,1.68,1.86,1.74,1.65,1.66,1.81,1.73,1.5,1.46,1.41,1.69,2.56,5.94,2.93,2.75,1.6,2.3,2.48,2.11,1.97,1.86,1.91,1.79,1.67,1.65,1.84,1.89,1.86,1.98,2.84,4.92,1.55,1.93,1.84,1.61,1.62,2.46,2.83,3.99,111125.984515196,723954.991137905,628620.716421823,574631.7093542,625199.072000181,972392.981468591,1367062.42738944,822712.647311518,1307912.90235124,1534498.10814812,829515.618497742,429636.800179461,399820.825370419,1349873.46774484,1772755.47536358,2026748.53103367,2007598.14348429,1999858.64280032,478132.047707476,1109651.01622477,1257163.56016411,1210978.65997257,1174953.97407298,857872.116772774,968194.319887056,1048053.98497275,1267962.89398502,2166007.94724092,998734.639609648,514586.22436497,524177.523236449,1285426.2242052,1839134.12703914,1353302.38411771,1988758.12707948,1981782.59730967,1972069.16497227,1951154.9726822,142927.248526789,133959.757730276,280849.321483855,484998.904624722,692519.84763888,877033.954625891,627002.165778215,467375.445007421,392920.537594574,253076.477687913,344543.036234338,580849.808804711,615097.259648425,1000026.36279878,392488.221821627,536205.788017743,426029.741696599,364223.716145738,663567.132196689,953193.611675422,1303732.03954046,943630.14014641,TRUE,FALSE,FALSE,FALSE,FALSE,FALSE,FALSE,FALSE,FALSE,FALSE,FALSE,FALSE,FALSE,FALSE,FALSE,FALSE,FALSE,FALSE,FALSE,FALSE,FALSE,FALSE,FALSE,FALSE,FALSE,FALSE,FALSE,FALSE,FALSE,FALSE,FALSE,FALSE,FALSE,FALSE,FALSE,FALSE,FALSE,FALSE,FALSE,FALSE,FALSE,FALSE,FALSE,FALSE,FALSE,FALSE,FALSE,FALSE,FALSE,FALSE,FALSE,FALSE,FALSE,FALSE,FALSE,FALSE,FALSE,FALSE,FALSE,FALSE,FALSE,FALSE,FALSE,FALSE,FALSE,FALSE,FALSE,FALSE,FALSE,FALSE,FALSE,FALSE,FALSE,FALSE,FALSE,FALSE,FALSE,FALSE,FALSE,FALSE,FALSE,FALSE,FALSE,FALSE,FALSE,FALSE,FALSE,FALSE,FALSE,FALSE,FALSE,FALSE,FALSE,FALSE,FALSE,FALSE,FALSE,FALSE,FALSE,FALSE,FALSE,FALSE,FALSE,FALSE,FALSE,FALSE,FALSE,FALSE,FALSE,FALSE,FALSE,FALSE,FALSE,FALSE
"30 After",2023-08-30 09:33:55.65,"2023-08-30","9H 33M 55.65S","After","Aurora","V0333","Flow Core",1916,331,511,689,445,310,431,371,452,257,336,344,505,871,606,1083,181,181,286,349,256,187,225,196,257,400,273,300,239,222,227,292,527,307,562,562,159,159,1002,451,476,458,462,296,559,449,695,527,326,411,672,638,211,342,404,327,248,354,605,266,-19.875,0,20.7,40,1.15,1.08,0.89,1.08,7.15,5.26,3.21,3.46,3.6,3.76,3.93,3.9,3.88,3.81,3.8,3.72,3.69,4.02,3.28,5.77,3.94,4.33,1.86,1.82,1.96,1.62,1.59,1.61,1.59,1.4,1.54,1.61,1.41,1.3,1.31,1.67,2.72,6.38,1.8,1.04,2.07,2.27,3.17,2.93,2.72,2.59,2.56,2.41,2.32,2.29,2.49,2.46,2.51,2.52,3.51,5.85,1.44,1.84,1.65,1.48,1.46,2.25,2.6,3.7,106763.840277834,730242.444715894,632983.884238267,574755.87143772,628049.868215002,980048.196174278,1374705.44443767,826393.939400585,1314295.46525768,1551055.94763597,833738.40956368,430769.920203958,394399.821113561,1305380.28674743,1743870.33303681,1945461.57739359,2016671.71303638,2024070.85085796,480733.44107138,1096240.78727436,1259059.38113222,1234409.00993557,1161714.46860989,857434.933257972,990122.108815841,1052780.05087917,1254285.89222306,2169483.43641754,1034134.84782277,521829.377220607,514002.311556818,1274519.82433866,1846121.22335052,1403958.6969477,2003073.2682486,2023602.65509352,2010572.41627799,2011329.17846011,145676.518790041,136365.671682744,285087.18282628,493975.882697346,707206.05165147,894671.142067607,637701.100939943,475134.771471354,399295.266028171,257049.973347117,350260.883011928,591379.015021655,625776.564890624,1020764.66529846,392398.735193579,539017.978346676,428547.572695246,366364.890960114,670347.244508853,963839.517820847,1318000.18341285,954587.033083605,TRUE,FALSE,FALSE,FALSE,FALSE,FALSE,FALSE,FALSE,FALSE,FALSE,FALSE,FALSE,FALSE,FALSE,FALSE,FALSE,FALSE,FALSE,FALSE,FALSE,FALSE,FALSE,FALSE,FALSE,FALSE,FALSE,FALSE,FALSE,FALSE,FALSE,FALSE,FALSE,TRUE,FALSE,FALSE,FALSE,FALSE,FALSE,FALSE,FALSE,FALSE,FALSE,FALSE,FALSE,FALSE,FALSE,FALSE,FALSE,FALSE,FALSE,FALSE,FALSE,FALSE,FALSE,FALSE,FALSE,FALSE,FALSE,FALSE,FALSE,FALSE,FALSE,FALSE,FALSE,FALSE,FALSE,FALSE,FALSE,FALSE,FALSE,FALSE,FALSE,FALSE,FALSE,FALSE,FALSE,FALSE,FALSE,FALSE,FALSE,FALSE,FALSE,FALSE,FALSE,FALSE,FALSE,FALSE,FALSE,FALSE,FALSE,FALSE,FALSE,FALSE,FALSE,FALSE,FALSE,FALSE,FALSE,FALSE,FALSE,FALSE,FALSE,FALSE,FALSE,FALSE,FALSE,FALSE,FALSE,FALSE,FALSE,FALSE,FALSE,FALSE,FALSE
"30 Before",2023-08-30 09:25:54.3,"2023-08-30","9H 25M 54.3S","Before","Aurora","V0333","Flow Core",2089,352,544,732,475,328,461,393,482,273,355,363,545,957,637,1189,179,179,280,345,253,184,221,193,253,390,270,299,236,214,224,294,533,305,558,558,159,159,1003,452,473,456,463,296,557,446,701,521,324,409,667,641,204,329,388,312,241,344,589,261,-20.1,0,20.75,40.175,1.16,1.1,0.92,1.08,7.75,5.73,4.24,4.58,4.46,4.54,4.77,4.69,4.69,4.57,4.53,4.51,4.9,5.27,4.3,6.44,4.15,4.8,2.7,2.67,2.74,2.38,2.4,2.4,2.34,2.19,2.33,2.39,2.19,2.01,2,2.52,3.4,6.56,2.25,2.26,2.1,2.51,3,2.79,2.71,2.65,2.62,2.57,2.51,2.52,2.61,2.57,2.64,2.91,3.5,5.23,2.12,2.39,2.27,2.15,2.22,2.87,3.12,3.95,126760.343219761,798090.394974733,700023.890711053,625875.604888707,688633.310922259,1060368.2911874,1502004.01199672,899561.063792091,1457813.41970843,1706356.49079198,910034.114959005,465922.302757183,445957.468966363,1537311.48735909,1928301.04896157,2324485.07941608,1972426.03313118,2009238.69213671,469212.715558419,1091934.44726332,1254723.11049737,1210127.47902855,1150579.29460102,849825.882201353,969890.487519534,1029240.08183025,1275368.50372174,2203470.85192922,1015769.66719049,501753.40614862,511701.014484706,1305006.11633969,1890365.93261782,1393042.93991974,1950625.84198113,2021021.31203782,1989207.97624663,2040380.81018372,148221.987715056,138699.944744192,286197.834057679,503913.009467264,728363.772521955,920622.728181598,646129.03365451,473594.9999944,404052.149588697,260103.543629218,352307.70354672,596972.107682723,629360.495476888,1042671.7501105,377312.484392736,518556.336663292,409119.227118872,353117.512575207,658953.484443975,954184.438073403,1315448.2912605,955044.000099806,TRUE,FALSE,FALSE,FALSE,FALSE,FALSE,FALSE,FALSE,FALSE,FALSE,FALSE,FALSE,FALSE,FALSE,FALSE,TRUE,FALSE,FALSE,FALSE,FALSE,FALSE,FALSE,FALSE,FALSE,FALSE,FALSE,FALSE,FALSE,FALSE,FALSE,FALSE,FALSE,TRUE,FALSE,FALSE,FALSE,FALSE,FALSE,FALSE,FALSE,FALSE,FALSE,FALSE,FALSE,FALSE,FALSE,FALSE,FALSE,FALSE,FALSE,FALSE,FALSE,FALSE,FALSE,FALSE,FALSE,FALSE,TRUE,FALSE,FALSE,FALSE,FALSE,FALSE,FALSE,FALSE,FALSE,FALSE,FALSE,FALSE,FALSE,FALSE,FALSE,FALSE,FALSE,FALSE,FALSE,FALSE,FALSE,FALSE,FALSE,FALSE,FALSE,FALSE,FALSE,FALSE,FALSE,FALSE,FALSE,FALSE,FALSE,FALSE,FALSE,FALSE,FALSE,FALSE,FALSE,FALSE,FALSE,FALSE,FALSE,FALSE,FALSE,FALSE,FALSE,FALSE,FALSE,FALSE,FALSE,FALSE,FALSE,FALSE,FALSE,FALSE,FALSE
"29 After",2023-08-29 10:21:17.01,"2023-08-29","10H 21M 17.01S","After","Aurora","V0333","Flow Core",2089,352,544,732,475,328,461,393,482,273,355,363,545,957,637,1189,179,179,280,345,253,184,221,193,253,390,270,299,236,214,224,294,533,305,558,558,159,159,1003,452,473,456,463,296,557,446,701,521,324,409,667,641,204,329,388,312,241,344,589,261,-20.1,0,20.75,40.175,1.16,1.1,0.92,1.08,6.1,5.29,2.87,3.08,3.21,3.38,3.56,3.56,3.5,3.46,3.46,3.36,3.24,2.71,2.3,4.32,3.95,4.22,1.93,1.73,1.86,1.65,1.54,1.58,1.61,1.37,1.46,1.54,1.41,1.25,1.2,1.37,1.96,5.21,1.64,1.12,3,3.61,3.84,3.69,3.6,3.36,3.26,2.99,2.95,2.96,3.06,3.08,3.12,3.18,3.97,6.04,1.54,1.99,1.82,1.6,1.59,2.48,2.88,3.92,126370.956074115,764961.970443627,683154.010604248,614433.698696645,671679.190713431,1027406.43166823,1461753.35204837,878079.915077485,1409866.3327334,1625781.62274697,886501.293473137,454355.550934988,441216.487832866,1549774.70328062,1920812.55261273,2348798.8586727,2006927.12712963,2014160.03402753,474261.665667793,1087680.22131587,1242698.38057526,1215593.40930843,1145345.90756898,839086.889058892,970832.137867104,1037195.12336882,1233732.1527996,2114329.43529638,1028425.53414237,513148.06475799,508690.65162446,1266879.11386554,1839153.38637282,1383556.76483201,1978083.49601852,1996794.69474284,1974451.12759259,1977610.69268226,143898.556870473,135029.267719045,279989.878122763,491380.205681059,701025.5507194,886562.078837744,636327.055097282,467572.425952497,399335.110922429,256494.268112131,346479.340919956,586588.481186165,617038.115034347,1012567.7624016,396167.793748084,538097.516589022,425949.32536884,364188.119336989,665634.914361845,955697.699716824,1309273.96983342,945975.89059666,TRUE,FALSE,FALSE,FALSE,FALSE,FALSE,FALSE,FALSE,FALSE,FALSE,FALSE,FALSE,FALSE,FALSE,FALSE,FALSE,FALSE,FALSE,FALSE,FALSE,FALSE,FALSE,FALSE,FALSE,FALSE,FALSE,FALSE,FALSE,FALSE,FALSE,FALSE,FALSE,FALSE,FALSE,FALSE,FALSE,FALSE,FALSE,FALSE,FALSE,FALSE,FALSE,FALSE,FALSE,FALSE,FALSE,FALSE,FALSE,TRUE,FALSE,FALSE,FALSE,FALSE,FALSE,FALSE,FALSE,FALSE,TRUE,FALSE,FALSE,FALSE,FALSE,FALSE,FALSE,FALSE,FALSE,FALSE,FALSE,FALSE,FALSE,FALSE,FALSE,FALSE,FALSE,FALSE,FALSE,FALSE,FALSE,FALSE,FALSE,FALSE,FALSE,FALSE,FALSE,FALSE,FALSE,FALSE,FALSE,FALSE,FALSE,FALSE,FALSE,FALSE,FALSE,FALSE,FALSE,FALSE,FALSE,FALSE,FALSE,FALSE,FALSE,FALSE,FALSE,FALSE,FALSE,FALSE,FALSE,FALSE,FALSE,FALSE,FALSE,FALSE,FALSE
"29 Before",2023-08-29 10:13:34.55,"2023-08-29","10H 13M 34.55S","Before","Aurora","V0333","Flow Core",1879,331,517,700,451,313,438,377,457,262,342,345,505,857,594,1042,180,180,286,344,253,187,221,193,257,399,268,295,244,221,222,285,521,309,558,558,159,159,1017,452,473,457,458,298,556,448,694,526,325,412,672,637,206,338,396,319,245,348,595,263,-19.975,0,20.7,40.1,1.15,1.09,0.9,1.08,6.81,5.35,3.14,3.51,3.45,3.62,3.83,3.83,3.77,3.66,3.71,3.65,3.95,4.34,3.25,5.58,4.12,4.47,1.99,1.81,1.95,1.73,1.61,1.66,1.67,1.47,1.56,1.66,1.5,1.32,1.26,1.43,2.07,5.41,1.55,0.91,2.89,3.53,4.09,3.92,3.81,3.57,3.49,3.25,3.16,3.14,3.3,3.31,3.35,3.44,4.16,6.42,1.47,1.91,1.78,1.58,1.59,2.47,2.95,3.94,98879.0592552048,693588.897313965,628654.718582047,576991.37469602,622243.181063512,962481.455900677,1356545.24418132,825908.446458118,1278400.81737391,1520385.17359128,828891.862267975,418263.773293974,386263.880183855,1264256.20322914,1671526.6567932,1841971.10226713,1986858.61010638,1974010.68648239,473923.382362483,1064927.67395251,1217269.13466609,1211096.9193885,1122028.07811583,822427.03563384,970028.797644156,1027695.61575579,1203442.84910549,2041448.90504832,1037226.71473462,519135.2142497,495478.223110813,1211636.93867231,1771111.61539477,1382198.92545669,1957737.76471631,1958764.30380721,1970001.50939716,1953429.14957575,144961.253879988,132816.175503097,275549.181247435,483109.685678412,677550.329861554,869581.974943044,625941.636314171,459879.999755029,393062.91328715,252207.353718152,341746.996444582,582139.034644797,611443.349972668,989017.832760963,388121.4017505,533885.371535806,424344.844345052,356879.235903997,652049.906233803,929399.173247073,1270725.75400341,918870.715951954,TRUE,FALSE,FALSE,FALSE,FALSE,FALSE,FALSE,FALSE,FALSE,FALSE,FALSE,FALSE,FALSE,FALSE,FALSE,FALSE,FALSE,FALSE,FALSE,FALSE,FALSE,FALSE,FALSE,FALSE,FALSE,FALSE,FALSE,FALSE,FALSE,FALSE,FALSE,FALSE,FALSE,FALSE,FALSE,FALSE,FALSE,FALSE,FALSE,FALSE,FALSE,FALSE,FALSE,FALSE,FALSE,FALSE,FALSE,FALSE,TRUE,FALSE,FALSE,FALSE,FALSE,FALSE,FALSE,FALSE,FALSE,FALSE,FALSE,FALSE,FALSE,FALSE,FALSE,FALSE,FALSE,FALSE,FALSE,FALSE,FALSE,FALSE,FALSE,FALSE,FALSE,FALSE,FALSE,FALSE,FALSE,FALSE,FALSE,FALSE,FALSE,FALSE,FALSE,FALSE,FALSE,FALSE,FALSE,FALSE,FALSE,FALSE,FALSE,FALSE,FALSE,FALSE,FALSE,FALSE,FALSE,FALSE,FALSE,FALSE,FALSE,FALSE,FALSE,FALSE,FALSE,FALSE,FALSE,FALSE,FALSE,FALSE,FALSE,FALSE,FALSE,FALSE
"25 After",2023-08-25 09:31:56.58,"2023-08-25","9H 31M 56.58S","After","Aurora","V0333","Flow Core",1879,331,517,700,451,313,438,377,457,262,342,345,505,857,594,1042,180,180,286,344,253,187,221,193,257,399,268,295,244,221,222,285,521,309,558,558,159,159,1017,452,473,457,458,298,556,448,694,526,325,412,672,637,206,338,396,319,245,348,595,263,-19.975,0,20.7,40.1,1.15,1.09,0.9,1.08,6.43,5.48,3.47,3.74,3.77,4,4.14,4.07,4.03,3.96,3.98,3.87,3.7,3.1,2.68,4.55,4.15,4.53,2.17,2.21,2.13,1.76,1.9,1.85,1.76,1.64,1.76,1.84,1.53,1.45,1.44,1.79,2.7,6.47,1.77,1.29,2.42,2.83,3.31,3.03,2.92,2.73,2.68,2.48,2.41,2.4,2.59,2.54,2.62,2.77,3.72,6.18,1.69,2.04,1.87,1.7,1.66,2.58,2.96,4.2,96726.630599247,708395.64914547,632270.181413507,575278.175735254,625970.867927521,971718.075251544,1363147.05123042,829941.454295439,1287522.35071503,1546588.42720531,834873.756850035,421505.184764013,382376.301962938,1229019.34106121,1646440.70102334,1783445.12497695,1987750.63910999,1990945.9958259,473931.840032587,1086860.14711331,1244242.0805417,1213952.41951493,1144267.03168197,843616.877343822,974942.38294766,1027012.70904099,1245265.39920559,2126910.34875309,1027041.51533018,512531.077189688,507527.86961985,1259172.66321948,1830060.68157126,1374255.01754253,1977389.33646889,2000018.6177521,1980626.95676556,1985819.03173028,147484.661419616,134828.729343968,279698.861522497,490384.374560198,690638.698414869,886980.523838629,635359.644539646,464904.073226409,397130.348815965,255276.251181914,346407.483180058,590834.484681581,621309.177046967,1008654.91389616,388052.838204205,534463.668989415,424147.451047245,358168.619426423,660659.257379848,947060.439997208,1297270.82348531,940510.174003346,TRUE,FALSE,FALSE,FALSE,FALSE,FALSE,FALSE,FALSE,FALSE,FALSE,FALSE,FALSE,FALSE,FALSE,FALSE,FALSE,FALSE,FALSE,FALSE,FALSE,FALSE,FALSE,FALSE,FALSE,FALSE,FALSE,FALSE,FALSE,FALSE,FALSE,FALSE,FALSE,TRUE,FALSE,FALSE,FALSE,FALSE,FALSE,FALSE,FALSE,FALSE,FALSE,FALSE,FALSE,FALSE,FALSE,FALSE,FALSE,TRUE,FALSE,FALSE,FALSE,FALSE,FALSE,FALSE,FALSE,FALSE,FALSE,FALSE,FALSE,FALSE,FALSE,FALSE,FALSE,FALSE,FALSE,FALSE,FALSE,FALSE,FALSE,FALSE,FALSE,FALSE,FALSE,FALSE,FALSE,FALSE,FALSE,FALSE,FALSE,FALSE,FALSE,FALSE,FALSE,FALSE,FALSE,FALSE,FALSE,FALSE,FALSE,FALSE,FALSE,FALSE,FALSE,FALSE,FALSE,FALSE,FALSE,FALSE,FALSE,FALSE,FALSE,FALSE,FALSE,FALSE,FALSE,FALSE,FALSE,FALSE,FALSE,FALSE,FALSE,FALSE,FALSE
"25 Before",2023-08-25 09:19:00.42,"2023-08-25","9H 19M 0.42S","Before","Aurora","V0333","Flow Core",1784,310,485,652,417,288,406,346,422,241,320,320,478,833,570,1031,182,182,286,346,257,190,220,196,262,401,267,298,248,221,219,288,530,319,563,563,159,159,1023,454,476,458,462,297,556,453,700,528,326,411,672,641,209,338,401,325,248,354,607,267,-19.875,0,20.7,40,1.14,1.08,0.89,1.09,8.21,6.45,3.32,3.57,3.91,4.16,4.39,4.44,4.43,4.3,4.15,4.06,4.08,4.14,3.3,3.89,4.88,5.92,4.58,4.22,3.89,3.48,3.63,3.43,3.3,3.2,3.32,3.19,2.83,2.72,3.17,4.3,5.69,8.22,2.55,2.01,2.58,2.84,2.43,2.09,1.96,1.92,1.95,2.04,2.06,2.05,2.19,2.15,2.13,2.37,2.95,3.61,3.11,3.5,3.26,3.14,2.95,3.7,3.48,4.01,95765.002197248,677985.771520519,584461.715972525,533883.368559717,577720.053837667,887317.958794598,1256551.02152906,751472.67021126,1207571.07789396,1437564.41305209,767596.588069546,385590.878904634,358483.587404832,1184095.03736878,1583451.05607481,1806105.10072439,1996202.22682679,1995230.36861358,475991.172820093,1105814.26289734,1265037.16297128,1228483.70140937,1152609.55835793,856828.737279252,986173.394064945,1055465.90700322,1283104.85744848,2213543.45301573,1024768.49686001,510075.782253411,503906.781701394,1278526.21178565,1871183.37539205,1438711.1565476,1978951.9494249,1991691.59864338,1938639.07053451,1953011.86423226,146709.919706956,133919.681943919,280825.421267149,489457.04814485,709198.758740845,898518.026967121,623537.330379802,463887.120951728,388476.959138023,250027.364040081,342663.884438613,578317.748475766,612156.907522386,1016531.85416068,353806.667183872,495343.987956237,391163.397648829,341606.838245706,638916.906638133,927110.176944632,1280610.59668365,932677.761015266,TRUE,TRUE,FALSE,FALSE,FALSE,FALSE,FALSE,FALSE,FALSE,FALSE,FALSE,FALSE,FALSE,FALSE,FALSE,FALSE,FALSE,FALSE,FALSE,FALSE,FALSE,FALSE,FALSE,FALSE,FALSE,FALSE,FALSE,FALSE,FALSE,FALSE,FALSE,FALSE,TRUE,FALSE,FALSE,FALSE,FALSE,FALSE,FALSE,FALSE,FALSE,FALSE,FALSE,FALSE,FALSE,FALSE,FALSE,FALSE,FALSE,FALSE,FALSE,FALSE,FALSE,FALSE,FALSE,FALSE,FALSE,FALSE,FALSE,FALSE,FALSE,FALSE,FALSE,FALSE,FALSE,FALSE,FALSE,FALSE,FALSE,FALSE,FALSE,FALSE,FALSE,FALSE,FALSE,FALSE,FALSE,FALSE,FALSE,FALSE,FALSE,FALSE,FALSE,FALSE,FALSE,FALSE,FALSE,FALSE,FALSE,FALSE,FALSE,FALSE,FALSE,FALSE,FALSE,FALSE,FALSE,FALSE,FALSE,FALSE,FALSE,FALSE,FALSE,FALSE,FALSE,FALSE,FALSE,FALSE,FALSE,FALSE,FALSE,FALSE,FALSE,FALSE
"24 After",2023-08-24 09:26:50.49,"2023-08-24","9H 26M 50.49S","After","Aurora","V0333","Flow Core",1784,310,485,652,417,288,406,346,422,241,320,320,478,833,570,1031,182,182,286,346,257,190,220,196,262,401,267,298,248,221,219,288,530,319,563,563,159,159,1023,454,476,458,462,297,556,453,700,528,326,411,672,641,209,338,401,325,248,354,607,267,-19.875,0,20.7,40,1.14,1.08,0.89,1.09,6.57,5.42,3.09,3.29,3.33,3.49,3.63,3.61,3.59,3.51,3.49,3.4,3.38,3.53,3.02,5.08,3.94,4.36,2.22,2,1.82,1.59,1.73,1.62,1.54,1.5,1.66,1.66,1.38,1.3,1.3,1.68,2.71,6.16,1.76,0.95,1.9,2.03,2.88,2.59,2.41,2.3,2.29,2.18,2.11,2.04,2.23,2.2,2.27,2.31,3.28,5.48,1.42,1.82,1.67,1.49,1.47,2.27,2.63,3.71,108715.131327214,744996.675222807,666857.505590664,611957.135339719,656318.337374929,1008582.84310666,1430433.28153768,854256.035839416,1359218.1786399,1583426.59211917,872153.491212368,439691.478370146,416551.714016082,1396173.81307656,1804880.28748586,2068773.33518656,2017786.29555,2013134.04674526,477590.258038559,1106450.30286972,1261650.57507051,1221839.58747923,1154456.77759077,853929.087107642,981322.626947123,1047775.71672391,1247835.32313993,2146122.98505345,1029462.68194867,515227.34718158,509058.670213184,1275772.34751864,1846107.87996728,1394067.66942171,1998950.10955,2006275.34181387,2009668.5643,2013379.70118422,149030.176941198,136537.899221388,286145.336633466,495588.02029971,705605.388868108,893764.197446866,639177.096220549,475821.095108566,399443.373418484,258014.635697367,350885.930942551,591825.129068764,626210.916230194,1025078.67137509,393539.047636299,536267.013264362,426345.014629813,369470.510203719,672021.485495195,965985.530819665,1327754.77479412,957542.740798453,TRUE,FALSE,FALSE,FALSE,FALSE,FALSE,FALSE,FALSE,FALSE,FALSE,FALSE,FALSE,FALSE,FALSE,FALSE,FALSE,FALSE,FALSE,FALSE,FALSE,FALSE,FALSE,FALSE,FALSE,FALSE,FALSE,FALSE,FALSE,FALSE,FALSE,FALSE,FALSE,TRUE,FALSE,FALSE,FALSE,FALSE,FALSE,FALSE,FALSE,FALSE,FALSE,FALSE,FALSE,FALSE,FALSE,FALSE,FALSE,FALSE,FALSE,FALSE,FALSE,FALSE,FALSE,FALSE,FALSE,FALSE,FALSE,FALSE,FALSE,FALSE,FALSE,FALSE,FALSE,FALSE,FALSE,FALSE,FALSE,FALSE,FALSE,FALSE,FALSE,FALSE,FALSE,FALSE,FALSE,FALSE,FALSE,FALSE,FALSE,FALSE,FALSE,FALSE,FALSE,FALSE,FALSE,FALSE,FALSE,FALSE,FALSE,FALSE,FALSE,FALSE,FALSE,FALSE,FALSE,FALSE,FALSE,FALSE,FALSE,FALSE,FALSE,FALSE,FALSE,FALSE,FALSE,FALSE,FALSE,FALSE,FALSE,FALSE,FALSE,FALSE,FALSE
"24 Before",2023-08-24 09:18:14.35,"2023-08-24","9H 18M 14.35S","Before","Aurora","V0333","Flow Core",1994,343,542,723,469,323,452,381,463,265,336,342,516,919,636,1237,179,179,282,339,249,186,217,189,252,388,262,289,232,206,212,279,529,334,557,557,162,162,1024,452,467,454,452,291,538,433,678,506,318,408,689,690,182,294,349,290,233,340,608,279,-20,0,20.575,39.875,1.16,1.1,0.92,1.08,6.39,5.42,2.84,3,3.13,3.32,3.42,3.41,3.34,3.34,3.25,3.16,2.98,2.97,2.92,5.49,4.03,4.49,2.52,2.07,1.95,1.82,1.85,1.73,1.7,1.71,1.83,1.8,1.48,1.45,1.45,1.87,2.94,6.26,2.04,1.35,1.94,1.79,2.26,1.88,1.63,1.64,1.69,1.7,1.62,1.59,1.75,1.72,1.75,1.83,2.53,4.01,1.55,1.88,1.75,1.56,1.52,2.3,2.59,3.44,120709.816327501,823160.223780175,754800.766605584,664337.275055884,732526.96537457,1117765.64631919,1592796.47144148,932115.514417997,1466372.13891745,1745234.11564807,911086.856765522,466223.119884947,447964.222861765,1520052.28232702,2004799.92818047,2431919.54571038,1965998.7202,2015639.75378939,486225.710274231,1102103.11670992,1230315.54798718,1218434.42952612,1160119.99729916,832037.440188583,960292.746306471,1042213.41553616,1258852.73743394,2111327.58388113,997814.826562941,496005.134291341,508669.988265034,1264675.80917374,1870925.53424107,1494448.46252595,1952761.17285,2038487.02441582,2030206.542,2086651.60948668,153677.698386982,140999.227432273,286747.120421876,502788.495942671,718426.065653032,899696.332675272,632582.59244519,465622.436492545,402246.111686633,254743.639741402,350646.531035197,600549.490542625,662168.172508171,1134874.81358736,355436.977435915,488968.65598364,388138.070962174,336808.460301568,651412.637246733,963074.938490717,1374042.43478914,1043602.97188211,TRUE,FALSE,FALSE,FALSE,FALSE,FALSE,FALSE,FALSE,FALSE,FALSE,FALSE,FALSE,FALSE,FALSE,FALSE,FALSE,FALSE,FALSE,FALSE,FALSE,FALSE,FALSE,FALSE,FALSE,FALSE,FALSE,FALSE,FALSE,FALSE,FALSE,FALSE,FALSE,TRUE,FALSE,FALSE,FALSE,FALSE,FALSE,FALSE,FALSE,FALSE,FALSE,FALSE,FALSE,FALSE,FALSE,FALSE,FALSE,FALSE,FALSE,FALSE,FALSE,FALSE,FALSE,FALSE,FALSE,FALSE,TRUE,FALSE,FALSE,FALSE,FALSE,FALSE,FALSE,FALSE,FALSE,FALSE,FALSE,FALSE,FALSE,FALSE,FALSE,FALSE,FALSE,FALSE,FALSE,FALSE,FALSE,FALSE,FALSE,FALSE,FALSE,FALSE,FALSE,FALSE,FALSE,FALSE,FALSE,FALSE,FALSE,FALSE,FALSE,FALSE,FALSE,FALSE,FALSE,FALSE,FALSE,FALSE,FALSE,FALSE,FALSE,FALSE,FALSE,FALSE,FALSE,FALSE,FALSE,FALSE,FALSE,FALSE,FALSE,FALSE,FALSE
"23 After",2023-08-23 13:34:16.08,"2023-08-23","13H 34M 16.08S","After","Aurora","V0333","Flow Core",1842,316,488,651,419,291,406,349,424,243,315,313,471,848,586,1142,180,180,285,345,253,186,222,193,252,393,268,296,230,210,219,290,537,330,568,568,162,162,997,449,463,450,450,291,533,432,673,502,321,409,685,686,186,299,354,295,240,349,619,284,-19.975,0,20.675,40.05,1.15,1.09,0.9,1.09,7.67,7.21,3.69,3.93,4.19,4.48,4.64,4.68,4.57,4.5,4.44,4.26,3.94,2.96,2.78,5.34,4.31,4.87,2.75,2.63,2.45,2.12,2.33,2.22,2.1,1.96,2.08,2.05,1.74,1.7,1.7,2.02,3.05,6.87,2.1,1.3,4.3,4.72,4.47,4.34,4.17,3.95,3.76,3.45,3.43,3.36,3.58,3.63,3.78,4.28,5.51,8.49,1.93,2.55,2.28,2.15,2.17,3.58,3.96,5.47,95929.9285087972,667421.786511139,602666.456556957,535695.456442557,587968.86500078,917334.903101535,1289439.97217326,785346.652913718,1235466.68379709,1460020.88181522,796307.500811219,402085.069864346,374760.120305447,1246788.36558957,1617302.60997864,1818088.17061759,2000755.02311391,1997692.88891728,481636.998656834,1105899.73628021,1264295.81999065,1223514.830265,1180704.16312059,861693.830923118,977015.570927275,1046757.22121589,1273848.61377008,2160344.95683251,1021902.98594984,518366.19240357,525943.201911116,1303154.84341006,1858506.65595396,1367549.32028253,2027185.7697855,2055860.97522478,1994226.01701183,1983840.3828274,143413.052579392,133865.449737465,279676.41425089,491126.913068105,687087.259728389,876138.400824154,626442.821255411,470738.771766807,396312.86856035,255376.603197989,349736.4000545,590505.774780123,619078.508932284,1001860.53500407,395069.982992929,535645.462060029,425027.674648061,364659.762228585,673876.97594729,959188.634605582,1314102.40970306,941919.224545002,TRUE,TRUE,FALSE,FALSE,FALSE,FALSE,FALSE,FALSE,FALSE,FALSE,FALSE,FALSE,FALSE,FALSE,FALSE,FALSE,FALSE,FALSE,FALSE,FALSE,FALSE,FALSE,FALSE,FALSE,FALSE,FALSE,FALSE,FALSE,FALSE,FALSE,FALSE,FALSE,TRUE,FALSE,FALSE,FALSE,FALSE,FALSE,FALSE,FALSE,FALSE,FALSE,FALSE,FALSE,FALSE,FALSE,FALSE,FALSE,TRUE,FALSE,FALSE,FALSE,FALSE,FALSE,FALSE,FALSE,FALSE,FALSE,FALSE,FALSE,FALSE,FALSE,FALSE,FALSE,FALSE,FALSE,FALSE,FALSE,FALSE,FALSE,FALSE,FALSE,FALSE,FALSE,FALSE,FALSE,FALSE,FALSE,FALSE,FALSE,FALSE,FALSE,FALSE,FALSE,FALSE,FALSE,FALSE,FALSE,FALSE,FALSE,FALSE,FALSE,FALSE,FALSE,FALSE,FALSE,FALSE,FALSE,FALSE,FALSE,FALSE,FALSE,FALSE,FALSE,FALSE,FALSE,FALSE,FALSE,FALSE,FALSE,FALSE,FALSE,FALSE,FALSE
"22 Before",2023-08-22 09:30:54.59,"2023-08-22","9H 30M 54.59S","Before","Aurora","V0333","Flow Core",1842,316,488,651,419,291,406,349,424,243,315,313,471,848,586,1142,180,180,285,345,253,186,222,193,252,393,268,296,230,210,219,290,537,330,568,568,162,162,997,449,463,450,450,291,533,432,673,502,321,409,685,686,186,299,354,295,240,349,619,284,-19.975,0,20.675,40.05,1.15,1.09,0.9,1.09,6.21,5.27,3.19,3.42,3.6,3.83,3.99,3.96,3.92,3.86,3.84,3.74,3.5,2.54,2.2,4.13,3.97,4.36,1.95,1.98,2.08,1.71,1.72,1.75,1.69,1.51,1.61,1.71,1.49,1.39,1.36,1.65,2.46,5.91,1.63,1.1,2.74,3.12,3.7,3.6,3.47,3.25,3.2,3,2.96,2.92,3.02,3.08,3.18,3.25,4.2,6.64,1.57,2.04,1.89,1.67,1.7,2.6,3.02,4.31,114075.457541958,699664.407573099,618334.103923058,552457.30805277,598701.863858089,924915.390420669,1307307.08447619,786994.619075899,1260932.26145785,1500816.22279619,781009.015940292,391182.748563793,384016.744303334,1385455.76038707,1781099.14014502,2318508.3498725,1984604.6818348,1991896.39887291,479263.597330398,1086651.45054948,1249951.6329214,1222202.02083373,1146753.74837776,842069.836471543,965812.802159752,1029009.74766535,1274259.7918158,2180289.55473165,987134.170536305,486946.685088408,491914.404807974,1265175.3690131,1877426.16658319,1497574.79972923,2016304.7997076,2065870.10546946,2021239.30902778,2028201.7043301,144958.061288742,134171.638094944,276639.051864118,490274.405733093,701846.135774226,894673.813033008,601133.945251248,451372.801587041,377842.403341677,245191.412454659,342942.814508535,588925.783697201,641480.824628974,1094273.84361369,325723.080270368,455530.864771324,359071.640099672,317361.897769954,637263.925254567,942081.271485298,1348653.16337103,1015704.59238316,TRUE,FALSE,FALSE,FALSE,FALSE,FALSE,FALSE,FALSE,FALSE,FALSE,FALSE,FALSE,FALSE,FALSE,FALSE,FALSE,FALSE,FALSE,FALSE,FALSE,FALSE,FALSE,FALSE,FALSE,FALSE,FALSE,FALSE,FALSE,FALSE,FALSE,FALSE,FALSE,FALSE,FALSE,FALSE,FALSE,FALSE,FALSE,FALSE,FALSE,FALSE,FALSE,FALSE,FALSE,FALSE,FALSE,FALSE,FALSE,TRUE,FALSE,FALSE,FALSE,FALSE,FALSE,FALSE,FALSE,FALSE,FALSE,FALSE,FALSE,FALSE,FALSE,FALSE,FALSE,FALSE,FALSE,FALSE,FALSE,FALSE,FALSE,FALSE,FALSE,FALSE,FALSE,FALSE,FALSE,FALSE,FALSE,FALSE,FALSE,FALSE,FALSE,FALSE,FALSE,FALSE,FALSE,FALSE,FALSE,FALSE,FALSE,FALSE,FALSE,FALSE,FALSE,FALSE,FALSE,FALSE,FALSE,FALSE,FALSE,FALSE,FALSE,FALSE,FALSE,FALSE,FALSE,FALSE,FALSE,FALSE,FALSE,FALSE,FALSE,FALSE,FALSE
"21 After",2023-08-21 12:37:55.94,"2023-08-21","12H 37M 55.94S","After","Aurora","V0333","Flow Core",1842,316,488,651,419,291,406,349,424,243,315,313,471,848,586,1142,180,180,285,345,253,186,222,193,252,393,268,296,230,210,219,290,537,330,568,568,162,162,997,449,463,450,450,291,533,432,673,502,321,409,685,686,186,299,354,295,240,349,619,284,-19.975,0,20.675,40.05,1.15,1.09,0.9,1.09,6.46,5.54,3.36,3.64,3.67,3.87,4.01,3.98,3.93,3.82,3.83,3.77,3.67,3.49,2.87,5.07,4.07,4.42,1.96,1.95,2.03,1.66,1.73,1.75,1.67,1.49,1.6,1.68,1.42,1.31,1.27,1.61,2.38,5.67,4.08,3.38,1.51,2.02,2.01,1.62,1.37,1.41,1.45,1.5,1.44,1.41,1.59,1.54,1.52,1.68,2.18,3.59,1.65,2.06,1.93,1.71,1.79,2.71,3.15,4.29,114283.756185735,729956.566540019,644790.656988108,574292.928816666,626321.99767966,976538.922802324,1376998.01293487,838856.409841251,1323750.06883582,1554202.13794732,852315.589226061,432141.215554665,409017.452161064,1395486.92751908,1799263.46924902,2125330.99826237,1980361.14735213,1983777.52431369,472094.817595159,1072162.88439221,1233754.33651737,1203914.91679754,1142527.66828198,839537.902146307,963918.670398547,1022033.99363357,1235840.5869087,2114328.09413841,1016821.30781816,508882.662674662,504311.788485117,1253069.21124339,1822852.62755663,1366639.04389303,1972008.79848693,2005808.10603964,1992138.00309491,1997698.84880517,145985.360037668,135237.299325377,281349.924725711,495462.718414553,693519.860348886,882356.13185036,629064.319405826,472090.223346345,398853.701699953,256617.500047295,345747.101870915,587383.984570632,623030.406480738,1009327.33535424,387295.31739083,529024.941974356,420606.233826745,359431.348665217,655937.769363475,940936.429401696,1300655.73511361,934936.707023563,TRUE,FALSE,FALSE,FALSE,FALSE,FALSE,FALSE,FALSE,FALSE,FALSE,FALSE,FALSE,FALSE,FALSE,FALSE,FALSE,FALSE,FALSE,FALSE,FALSE,FALSE,FALSE,FALSE,FALSE,FALSE,FALSE,FALSE,FALSE,FALSE,FALSE,FALSE,FALSE,FALSE,FALSE,FALSE,FALSE,FALSE,FALSE,FALSE,FALSE,FALSE,FALSE,FALSE,FALSE,FALSE,FALSE,FALSE,FALSE,FALSE,FALSE,FALSE,FALSE,FALSE,FALSE,FALSE,FALSE,FALSE,FALSE,FALSE,FALSE,FALSE,FALSE,FALSE,FALSE,FALSE,FALSE,FALSE,FALSE,FALSE,FALSE,FALSE,FALSE,FALSE,FALSE,FALSE,FALSE,FALSE,FALSE,FALSE,FALSE,FALSE,FALSE,FALSE,FALSE,FALSE,FALSE,FALSE,FALSE,FALSE,FALSE,FALSE,FALSE,FALSE,FALSE,FALSE,FALSE,FALSE,FALSE,FALSE,FALSE,FALSE,FALSE,FALSE,FALSE,FALSE,FALSE,FALSE,FALSE,FALSE,FALSE,FALSE,FALSE,FALSE,FALSE
"21 Before",2023-08-21 12:27:12.22,"2023-08-21","12H 27M 12.22S","Before","Aurora","V0333","Flow Core",1840,336,527,711,455,320,444,380,460,265,346,352,516,877,607,1080,181,181,286,347,254,188,223,194,255,400,271,296,241,223,226,290,528,308,563,563,162,162,1011,454,471,455,457,295,556,448,710,522,325,410,676,643,212,345,409,324,248,352,603,267,-20.1,0,20.85,40.425,1.15,1.08,0.89,1.08,8.35,5.22,6.15,6.72,7.39,7.97,8.22,8.24,8,8.13,7.76,7.64,6.63,4.89,4.05,4.96,6.84,7.37,4.52,4.46,4.54,4.03,4.11,4.11,4.04,3.8,3.61,3.56,3.38,3.46,3.63,5.3,6.9,11.51,9.29,9.96,3.36,3,3.47,3,2.65,2.9,3.13,3.43,3.17,3.22,3.28,3.21,3.24,3.48,3.61,5.05,3.48,3.97,3.76,3.42,3.53,4.56,4.95,6.15,109438.710668748,767696.287954759,651572.043893103,582129.581263772,636729.040869019,996688.209144504,1387851.87320364,838432.136733792,1323427.20419112,1574526.10854552,878476.823136858,453128.648880185,408698.542092012,1291407.29816066,1721933.25192064,1854207.64148184,1737589.975,1762294.63280198,433031.651529197,991857.415077081,1128946.36618407,1110215.44454561,1042446.7679085,770759.405890563,888419.510722643,957215.518274289,1136733.91059706,1931148.71346202,972164.648270333,490020.945253479,474012.518902581,1145111.17112992,1653047.83203051,1197318.79452681,1758302.83290043,1803061.64143288,1729522.2469697,1746326.05382976,128035.198527307,120421.262867474,251809.616383957,442837.041234408,619960.687295415,785683.017947713,584984.118066472,429738.189540691,376017.536464318,234810.336510006,309176.447582822,522516.726853363,544810.935224688,852800.275382127,398819.721634216,551932.244238684,439457.783456647,355692.203393995,613859.932729158,866309.166696601,1155178.03282323,810292.183304423,TRUE,FALSE,TRUE,TRUE,TRUE,TRUE,TRUE,TRUE,TRUE,TRUE,TRUE,TRUE,TRUE,FALSE,FALSE,FALSE,FALSE,FALSE,FALSE,FALSE,FALSE,FALSE,FALSE,FALSE,FALSE,FALSE,FALSE,FALSE,FALSE,FALSE,FALSE,TRUE,TRUE,TRUE,FALSE,FALSE,FALSE,FALSE,FALSE,FALSE,FALSE,FALSE,FALSE,FALSE,FALSE,FALSE,FALSE,FALSE,FALSE,FALSE,FALSE,FALSE,FALSE,FALSE,FALSE,FALSE,TRUE,FALSE,FALSE,FALSE,FALSE,FALSE,FALSE,FALSE,FALSE,FALSE,FALSE,FALSE,FALSE,FALSE,FALSE,FALSE,FALSE,FALSE,FALSE,FALSE,FALSE,FALSE,FALSE,FALSE,FALSE,FALSE,FALSE,FALSE,FALSE,FALSE,FALSE,FALSE,FALSE,FALSE,FALSE,FALSE,FALSE,FALSE,FALSE,FALSE,FALSE,FALSE,FALSE,FALSE,FALSE,FALSE,FALSE,FALSE,FALSE,FALSE,FALSE,FALSE,FALSE,FALSE,FALSE,FALSE,FALSE,FALSE
"18 After",2023-08-18 13:05:52.92,"2023-08-18","13H 5M 52.92S","After","Aurora","V0333","Flow Core",1840,336,527,711,455,320,444,380,460,265,346,352,516,877,607,1080,181,181,286,347,254,188,223,194,255,400,271,296,241,223,226,290,528,308,563,563,162,162,1011,454,471,455,457,295,556,448,710,522,325,410,676,643,212,345,409,324,248,352,603,267,-19.95,0,20.675,39.95,1.15,1.08,0.89,1.08,6.64,5.35,3.62,3.93,3.97,4.18,4.39,4.33,4.27,4.21,4.19,4.12,4.03,3.79,2.96,4.95,4.07,4.44,2.03,2.06,2.13,1.73,1.78,1.82,1.73,1.53,1.68,1.77,1.51,1.4,1.37,1.69,2.64,6.24,4.18,4.01,1.72,1.91,1.96,1.57,1.33,1.4,1.46,1.56,1.48,1.48,1.61,1.55,1.47,1.57,2.14,3.46,1.59,1.96,1.88,1.67,1.65,2.52,2.94,4.08,98324.9549127091,703839.989498612,632912.371956376,570081.983408898,624022.303860651,975335.514089818,1354628.7580799,815136.318362328,1282226.67780073,1529933.42299561,829501.444099522,424180.766036467,390482.986914884,1263778.00674871,1669556.25282739,1855646.68001436,1955437.08344595,1961669.28600679,463772.51798931,1062408.78486555,1212354.80771769,1191006.16097897,1116287.93187053,826699.995235718,949010.604744225,1015833.59686854,1217249.87321512,2064405.27703278,1004932.39747534,502757.294536064,497564.310832004,1234902.85552598,1790042.42266526,1350342.61421707,1934146.94712838,1965989.67374301,1963985.92314189,1964805.17636813,140407.29209943,131705.947210575,273882.478742252,480864.748893179,677733.836714314,859572.88490282,620250.740141816,454983.976948574,396471.74437513,249431.215827226,338968.173038264,575959.522798141,611200.175751707,987661.967919337,382599.945560361,528547.368980362,420878.483882248,350223.262930597,649198.32704097,929259.997453403,1272351.78560843,922486.917258585,TRUE,FALSE,FALSE,FALSE,FALSE,FALSE,FALSE,FALSE,FALSE,FALSE,FALSE,FALSE,FALSE,FALSE,FALSE,FALSE,FALSE,FALSE,FALSE,FALSE,FALSE,FALSE,FALSE,FALSE,FALSE,FALSE,FALSE,FALSE,FALSE,FALSE,FALSE,FALSE,TRUE,FALSE,FALSE,FALSE,FALSE,FALSE,FALSE,FALSE,FALSE,FALSE,FALSE,FALSE,FALSE,FALSE,FALSE,FALSE,FALSE,FALSE,FALSE,FALSE,FALSE,FALSE,FALSE,FALSE,FALSE,FALSE,FALSE,FALSE,FALSE,FALSE,FALSE,FALSE,FALSE,FALSE,FALSE,FALSE,FALSE,FALSE,FALSE,FALSE,FALSE,FALSE,FALSE,FALSE,FALSE,FALSE,FALSE,FALSE,FALSE,FALSE,FALSE,FALSE,FALSE,FALSE,FALSE,FALSE,FALSE,FALSE,FALSE,FALSE,FALSE,FALSE,FALSE,FALSE,FALSE,FALSE,FALSE,FALSE,FALSE,FALSE,FALSE,FALSE,FALSE,FALSE,FALSE,FALSE,FALSE,FALSE,FALSE,FALSE,FALSE,FALSE
"18 Before",2023-08-18 13:00:40.69,"2023-08-18","13H 0M 40.69S","Before","Aurora","V0333","Flow Core",1811,332,519,690,451,314,438,378,459,261,340,347,503,849,594,1043,180,180,282,348,252,186,223,193,254,397,270,296,237,219,225,291,528,306,564,564,159,159,1012,450,470,455,454,290,552,444,695,523,321,408,664,639,211,341,403,325,245,348,595,263,-20.125,0,20.725,40.2,1.15,1.09,0.91,1.08,7.23,5.31,3.54,3.8,3.94,4.09,4.3,4.26,4.23,4.11,4.14,4.04,4.08,4.57,3.5,6.06,4.07,4.45,1.98,2.01,2.07,1.7,1.76,1.78,1.69,1.52,1.65,1.76,1.5,1.42,1.39,1.69,2.61,6.16,4.56,4.24,1.97,2,1.97,1.6,1.4,1.46,1.5,1.59,1.56,1.5,1.67,1.59,1.48,1.63,2.01,3.18,1.55,1.95,1.81,1.62,1.68,2.55,2.98,4.09,105067.34342541,726476.127478317,650421.053750518,586546.52112468,641416.859018076,992478.58016699,1394439.82186699,847908.389173151,1345726.74772142,1578389.40354093,851643.449316878,434803.545032646,404070.491877743,1344201.57195236,1752832.85265222,1992666.92758097,1979958.40930629,1989785.30928585,467841.980487109,1084191.68703001,1237397.98401872,1205296.3085808,1139073.98069252,835295.149094226,957607.386539647,1029585.23894636,1257337.9802533,2158390.75375561,1000435.95203539,503971.851977443,502605.696765272,1264999.05450206,1825680.64583218,1364674.73735617,1975171.21294541,2007845.75358789,1968957.88305534,1988016.69231897,144433.792729526,133502.352945595,281031.052803936,496934.138126545,707547.895484697,889805.31029129,625635.06718603,467329.654815195,396646.861211945,255255.830050288,343731.145973234,585476.843006842,618370.950524368,1008863.18866744,376044.181423427,524460.18462999,417265.367557941,358457.084785674,657372.265581056,945164.575630217,1297495.89798839,938779.389476638,TRUE,FALSE,FALSE,FALSE,FALSE,FALSE,FALSE,FALSE,FALSE,FALSE,FALSE,FALSE,FALSE,FALSE,FALSE,TRUE,FALSE,FALSE,FALSE,FALSE,FALSE,FALSE,FALSE,FALSE,FALSE,FALSE,FALSE,FALSE,FALSE,FALSE,FALSE,FALSE,TRUE,FALSE,FALSE,FALSE,FALSE,FALSE,FALSE,FALSE,FALSE,FALSE,FALSE,FALSE,FALSE,FALSE,FALSE,FALSE,FALSE,FALSE,FALSE,FALSE,FALSE,FALSE,FALSE,FALSE,FALSE,FALSE,FALSE,FALSE,FALSE,FALSE,FALSE,FALSE,FALSE,FALSE,FALSE,FALSE,FALSE,FALSE,FALSE,FALSE,FALSE,FALSE,FALSE,FALSE,FALSE,FALSE,FALSE,FALSE,FALSE,FALSE,FALSE,FALSE,FALSE,FALSE,FALSE,FALSE,FALSE,FALSE,FALSE,FALSE,FALSE,FALSE,FALSE,FALSE,FALSE,FALSE,FALSE,FALSE,FALSE,FALSE,FALSE,FALSE,FALSE,FALSE,FALSE,FALSE,FALSE,FALSE,FALSE,FALSE,FALSE,FALSE
"17 After",2023-08-17 13:37:41.47,"2023-08-17","13H 37M 41.47S","After","Aurora","V0333","Flow Core",1811,332,519,690,451,314,438,378,459,261,340,347,503,849,594,1043,180,180,282,348,252,186,223,193,254,397,270,296,237,219,225,291,528,306,564,564,159,159,1012,450,470,455,454,290,552,444,695,523,321,408,664,639,211,341,403,325,245,348,595,263,-20.125,0,20.725,40.2,1.15,1.09,0.91,1.08,5.81,5.27,2.97,3.36,3.45,3.6,3.79,3.76,3.72,3.63,3.76,3.71,3.68,3.2,2.67,4.68,4,4.37,1.92,1.82,2,1.68,1.66,1.71,1.71,1.52,1.6,1.71,1.95,1.99,1.74,1.55,1.86,4.59,2.53,2.1,1.33,2.16,2.26,1.89,1.76,1.71,1.64,1.66,1.94,1.96,2.2,2.07,1.9,1.94,2.55,4.43,3.56,3.68,3.66,3.23,2.34,2.79,3.21,4.3,90811.6652458549,685117.111931474,621166.555285974,557526.766046919,617415.268451594,960280.283475349,1344856.30392942,818962.096019141,1284538.72386611,1510874.15519099,821505.868598297,419094.184588005,376042.967335153,1200994.75845759,1621332.47842839,1738502.51313712,1964259.67063849,1960431.34995552,468925.805828022,1078484.53341531,1224189.13264735,1203063.26063343,1132722.9763779,828526.835162019,956237.49343841,1028435.42715743,1220544.5186968,2084156.90439407,1006689.53559131,510818.468978432,502298.137618246,1251086.30431925,1808477.80101398,1374627.87043676,1972674.68592626,1984161.11023125,1974480.50843076,1970235.16395861,144243.606738036,133685.243835489,280993.0186258,495254.684841468,697185.39545031,876020.55943057,628094.558948406,469709.668615391,400315.80687831,257111.197033687,344613.502701163,585117.156534413,617217.004382726,1005532.64606551,392589.300534182,538033.518689626,429390.691638282,367159.786310084,662078.637478685,945125.171415544,1293604.97741877,936853.135928247,FALSE,FALSE,FALSE,FALSE,FALSE,FALSE,FALSE,FALSE,FALSE,FALSE,FALSE,FALSE,FALSE,FALSE,FALSE,FALSE,FALSE,FALSE,FALSE,FALSE,FALSE,FALSE,FALSE,FALSE,FALSE,FALSE,FALSE,FALSE,FALSE,FALSE,FALSE,FALSE,FALSE,FALSE,FALSE,FALSE,FALSE,FALSE,FALSE,FALSE,FALSE,FALSE,FALSE,FALSE,FALSE,FALSE,FALSE,FALSE,FALSE,FALSE,FALSE,FALSE,FALSE,FALSE,FALSE,FALSE,FALSE,FALSE,FALSE,FALSE,FALSE,FALSE,FALSE,FALSE,FALSE,FALSE,FALSE,FALSE,FALSE,FALSE,FALSE,FALSE,FALSE,FALSE,FALSE,FALSE,FALSE,FALSE,FALSE,FALSE,FALSE,FALSE,FALSE,FALSE,FALSE,FALSE,FALSE,FALSE,FALSE,FALSE,FALSE,FALSE,FALSE,FALSE,FALSE,FALSE,FALSE,FALSE,FALSE,FALSE,FALSE,FALSE,FALSE,FALSE,FALSE,FALSE,FALSE,FALSE,FALSE,FALSE,FALSE,FALSE,FALSE,FALSE
"17 Before",2023-08-17 13:29:38.15,"2023-08-17","13H 29M 38.15S","Before","Aurora","V0333","Flow Core",1805,320,497,666,426,296,413,353,438,247,320,327,483,831,570,1021,180,180,282,346,255,186,222,195,255,392,272,303,236,215,223,294,533,305,561,561,158,158,979,445,464,453,458,295,547,442,695,512,322,407,665,633,200,328,387,312,241,344,588,261,-20.1,0,20.85,40.425,1.15,1.08,0.9,1.09,7.89,6.04,2.97,3.38,3.53,3.77,3.95,3.89,3.87,3.77,3.77,3.68,3.74,4.27,3.7,6.72,4.02,4.37,1.95,1.86,2.01,1.68,1.62,1.69,1.67,1.47,1.59,1.73,1.64,1.62,1.42,1.35,1.87,4.65,2.31,1.69,1.37,2.22,2.29,1.82,1.63,1.62,1.64,1.63,1.71,1.78,1.94,1.87,1.8,1.93,2.74,4.61,2.89,3.07,3.07,2.6,2.15,3.03,3.66,4.73,94290.8701673121,657232.762557397,591624.566041193,536376.44638141,583926.425387098,908192.281464209,1259896.20621413,765144.816930664,1224812.46097001,1453600.00550794,771490.412397929,398247.791020387,367817.98778733,1203782.61276478,1567633.46189083,1713772.68658494,1942277.52917136,1938959.03697308,464750.994117157,1066110.91566796,1220987.13832405,1190652.69329505,1122506.45556091,828394.697648607,957851.993044944,1015661.97654324,1242405.56152843,2164899.19062814,1004251.31040963,501028.648169753,497743.485728305,1255981.37709893,1804001.19234881,1331941.16306007,1938755.94278467,1933306.01353315,1933223.64106539,1914085.19817832,139009.050494827,131856.019761365,273808.407437283,483398.267440872,693309.724403268,881270.945593182,619448.921062257,457345.579118386,394840.071023498,249322.494592826,341588.811671313,574490.956104552,601080.719257707,959330.443210403,360521.803807514,509687.381614115,403811.440180402,346404.299544555,637776.428137979,908586.490373541,1222193.6398841,880417.944344106,TRUE,TRUE,FALSE,FALSE,FALSE,FALSE,FALSE,FALSE,FALSE,FALSE,FALSE,FALSE,FALSE,FALSE,FALSE,TRUE,FALSE,FALSE,FALSE,FALSE,FALSE,FALSE,FALSE,FALSE,FALSE,FALSE,FALSE,FALSE,FALSE,FALSE,FALSE,FALSE,FALSE,FALSE,FALSE,FALSE,FALSE,FALSE,FALSE,FALSE,FALSE,FALSE,FALSE,FALSE,FALSE,FALSE,FALSE,FALSE,FALSE,FALSE,FALSE,FALSE,FALSE,FALSE,FALSE,FALSE,FALSE,FALSE,FALSE,FALSE,FALSE,FALSE,FALSE,FALSE,FALSE,FALSE,FALSE,FALSE,FALSE,FALSE,FALSE,FALSE,FALSE,FALSE,FALSE,FALSE,FALSE,FALSE,FALSE,FALSE,FALSE,FALSE,FALSE,FALSE,FALSE,FALSE,FALSE,FALSE,FALSE,FALSE,FALSE,FALSE,FALSE,FALSE,FALSE,FALSE,FALSE,FALSE,FALSE,FALSE,FALSE,FALSE,FALSE,FALSE,FALSE,FALSE,FALSE,FALSE,FALSE,FALSE,FALSE,FALSE,FALSE,FALSE
"15 After",2023-08-15 10:37:49.68,"2023-08-15","10H 37M 49.68S","After","Aurora","V0333","Flow Core",1805,320,497,666,426,296,413,353,438,247,320,327,483,831,570,1021,180,180,282,346,255,186,222,195,255,392,272,303,236,215,223,294,533,305,561,561,158,158,979,445,464,453,458,295,547,442,695,512,322,407,665,633,200,328,387,312,241,344,588,261,-20.1,0,20.85,40.425,1.15,1.08,0.9,1.09,6.28,5.62,3.07,3.5,3.72,3.92,4.11,4.07,3.99,3.95,3.92,3.8,3.5,2.76,2.73,5.25,3.98,4.43,2.2,1.99,2.13,1.92,1.79,1.84,1.87,1.65,1.72,1.81,1.69,1.58,1.47,1.52,2.05,5.01,1.66,1.16,2.21,2.79,3.44,3.08,2.96,2.78,2.76,2.61,2.63,2.6,2.78,2.8,2.78,2.99,3.84,5.94,2.29,2.42,2.39,2.17,2.1,3.05,3.57,4.62,95931.2026895583,691552.570442765,629351.231879004,571222.287283588,621843.6940352,967390.668571192,1343848.42691406,812205.795897911,1289590.43638931,1514777.52698111,812353.152375046,418666.759018271,384292.23463549,1247695.23181168,1651058.46659892,1813136.56895308,1956325.08631319,1954022.47502794,467925.268694694,1074061.5576185,1224214.25830346,1195543.97276882,1129547.07129914,827098.253607948,958021.547218423,1016505.02404299,1219989.5136442,2111997.86624089,1009457.17543093,504840.94247792,498656.303869277,1246583.59723758,1809726.68119174,1364851.23361489,1958777.94335697,1969993.42338831,1959482.3576603,1946005.13093735,140322.852805549,132429.369389337,273423.187090827,478469.339575883,680388.64308767,862726.459662544,618492.18655982,454083.073029523,393523.821162797,248349.769218583,339610.711720068,573564.790818809,606850.834132119,982655.297114788,377103.703236257,520660.612971664,413562.999227427,354230.844831525,645817.725711833,926073.713515684,1262793.94097591,919617.70659881,TRUE,FALSE,FALSE,FALSE,FALSE,FALSE,FALSE,FALSE,FALSE,FALSE,FALSE,FALSE,FALSE,FALSE,FALSE,FALSE,FALSE,FALSE,FALSE,FALSE,FALSE,FALSE,FALSE,FALSE,FALSE,FALSE,FALSE,FALSE,FALSE,FALSE,FALSE,FALSE,FALSE,FALSE,FALSE,FALSE,FALSE,FALSE,FALSE,FALSE,FALSE,FALSE,FALSE,FALSE,FALSE,FALSE,FALSE,FALSE,FALSE,FALSE,FALSE,FALSE,FALSE,FALSE,FALSE,FALSE,FALSE,FALSE,FALSE,FALSE,FALSE,FALSE,FALSE,FALSE,FALSE,FALSE,FALSE,FALSE,FALSE,FALSE,FALSE,FALSE,FALSE,FALSE,FALSE,FALSE,FALSE,FALSE,FALSE,FALSE,FALSE,FALSE,FALSE,FALSE,FALSE,FALSE,FALSE,FALSE,FALSE,FALSE,FALSE,FALSE,FALSE,FALSE,FALSE,FALSE,FALSE,FALSE,FALSE,FALSE,FALSE,FALSE,FALSE,FALSE,FALSE,FALSE,FALSE,FALSE,FALSE,FALSE,FALSE,FALSE,FALSE,FALSE
"15 Before",2023-08-15 10:21:50.09,"2023-08-15","10H 21M 50.09S","Before","Aurora","V0333","Flow Core",1832,313,482,648,417,287,405,348,425,244,322,324,484,844,577,1050,181,181,281,347,253,186,222,193,253,396,273,301,238,220,224,290,523,302,552,552,159,159,1027,461,478,464,466,303,559,458,711,532,327,413,675,642,203,330,393,315,242,344,590,259,-20.025,0,20.75,40.1,1.15,1.09,0.91,1.09,5.07,4.48,3.81,4.13,4.17,4.32,4.5,4.47,4.38,4.3,4.31,4.23,4.16,3.74,2.56,3.71,4.11,4.41,2.03,1.91,1.95,1.8,1.75,1.73,1.71,1.55,1.61,1.67,1.52,1.51,1.76,3.23,4.76,9.06,1.96,0.77,2.51,1.76,2.55,2.24,1.96,1.96,1.97,1.95,1.83,1.77,1.96,1.95,2.1,2.36,3.44,5.98,1.77,1.86,1.71,1.62,1.48,2.31,2.62,4.38,121713.749167085,755335.533586784,651924.910292102,583932.089211578,633515.082200137,976059.116916228,1389186.43033736,839653.355974271,1320077.23836237,1567296.37987372,849774.114684519,432715.000838006,415482.169362251,1419058.99507498,1842281.36667101,2175388.77668017,2024058.80114177,2046414.58393081,475297.152007092,1095614.22247957,1236885.8412202,1218395.32201216,1151390.20011601,833351.759341699,964603.263997216,1047185.29486835,1243279.43452742,2121478.65990748,1030692.79270086,520185.35021517,501592.67391896,1213211.35309017,1753288.49325081,1318910.60909013,1906052.94957184,1964115.73809216,1983287.6527117,2020625.40918292,150425.832912752,139151.477927484,288011.875695811,503190.04987277,717489.7155572,913330.263047,641687.210611252,485348.656260419,410164.313613183,262618.819873541,352249.214457989,595112.338371728,627035.455781298,1011830.73876981,388639.02736477,532134.608277878,426379.577015376,361294.460529793,663185.092296303,956137.726643798,1311398.12472174,936114.546405206,FALSE,FALSE,FALSE,FALSE,FALSE,FALSE,FALSE,FALSE,FALSE,FALSE,FALSE,FALSE,FALSE,FALSE,FALSE,FALSE,FALSE,FALSE,FALSE,FALSE,FALSE,FALSE,FALSE,FALSE,FALSE,FALSE,FALSE,FALSE,FALSE,FALSE,FALSE,FALSE,TRUE,FALSE,FALSE,FALSE,FALSE,FALSE,FALSE,FALSE,FALSE,FALSE,FALSE,FALSE,FALSE,FALSE,FALSE,FALSE,FALSE,FALSE,FALSE,FALSE,FALSE,FALSE,FALSE,FALSE,FALSE,FALSE,FALSE,FALSE,FALSE,FALSE,FALSE,FALSE,FALSE,FALSE,FALSE,FALSE,FALSE,FALSE,FALSE,FALSE,FALSE,FALSE,FALSE,FALSE,FALSE,FALSE,FALSE,FALSE,FALSE,FALSE,FALSE,FALSE,FALSE,FALSE,FALSE,FALSE,FALSE,FALSE,FALSE,FALSE,FALSE,FALSE,FALSE,FALSE,FALSE,FALSE,FALSE,FALSE,FALSE,FALSE,FALSE,FALSE,FALSE,FALSE,FALSE,FALSE,FALSE,FALSE,FALSE,FALSE,FALSE,FALSE
"09 After",2023-08-09 14:06:02.6,"2023-08-09","14H 6M 2.6S","After","Aurora","V0333","Flow Core",1832,313,482,648,417,287,405,348,425,244,322,324,484,844,577,1050,181,181,281,347,253,186,222,193,253,396,273,301,238,220,224,290,523,302,552,552,159,159,1027,461,478,464,466,303,559,458,711,532,327,413,675,642,203,330,393,315,242,344,590,259,-20.025,0,20.75,40.1,1.15,1.09,0.91,1.09,9.21,7.34,3.59,3.5,3.56,3.76,3.92,3.93,3.82,3.74,3.72,3.65,3.81,4.77,4.58,8.19,4.52,5.05,2.4,2.33,2.52,2.09,2.07,2.15,2.1,1.87,1.99,2.12,1.91,1.72,1.63,1.6,2.1,3.85,2.18,1.84,5.55,6.08,4.67,4.5,4.37,4.17,4.09,3.88,3.9,3.93,4.13,4.21,4.34,4.94,5.57,7.54,1.86,2.25,2.2,2.11,2.28,3.48,3.96,4.86,106919.60210059,698189.760930206,628031.70213451,569420.220093206,623773.070407092,965067.162368683,1368296.09243284,828155.153328904,1300088.90181629,1545904.91195194,837201.193396845,426474.405296124,402811.03215534,1338542.00500303,1751533.24866239,1986096.7586343,1953263.18277903,1941731.26764501,463371.18270123,1078706.70174317,1223652.5686623,1203833.96363595,1133601.01982617,829557.991899079,956652.291981583,1024128.20556808,1225279.73819247,2112239.50055222,1010736.28276539,509486.634665903,501613.578616515,1247907.38642845,1805733.16128124,1378207.00463344,1975665.91403608,1973613.74008629,1943269.54220688,1919116.36022595,145079.960406268,134496.982167301,278548.428966504,489449.263250527,697681.520708731,887758.621081147,622696.711878479,471896.169416621,398846.553103185,255599.597073924,344939.450591442,579367.099223631,610110.629978885,991810.905927902,383026.003865003,520977.72907172,419236.637821781,355163.607485668,653148.953125957,930170.022785545,1279539.39772407,923141.29801126,TRUE,TRUE,FALSE,FALSE,FALSE,FALSE,FALSE,FALSE,FALSE,FALSE,FALSE,FALSE,FALSE,FALSE,FALSE,TRUE,FALSE,FALSE,FALSE,FALSE,FALSE,FALSE,FALSE,FALSE,FALSE,FALSE,FALSE,FALSE,FALSE,FALSE,FALSE,FALSE,FALSE,FALSE,FALSE,FALSE,FALSE,FALSE,FALSE,FALSE,FALSE,FALSE,FALSE,FALSE,FALSE,FALSE,FALSE,FALSE,TRUE,FALSE,FALSE,FALSE,FALSE,FALSE,FALSE,FALSE,FALSE,FALSE,FALSE,FALSE,FALSE,FALSE,FALSE,FALSE,FALSE,FALSE,FALSE,FALSE,FALSE,FALSE,FALSE,FALSE,FALSE,FALSE,FALSE,FALSE,FALSE,FALSE,FALSE,FALSE,FALSE,FALSE,FALSE,FALSE,FALSE,FALSE,FALSE,FALSE,FALSE,FALSE,FALSE,FALSE,FALSE,FALSE,FALSE,FALSE,FALSE,FALSE,FALSE,FALSE,FALSE,FALSE,FALSE,FALSE,FALSE,FALSE,FALSE,FALSE,FALSE,FALSE,FALSE,FALSE,FALSE,FALSE
"09 Before",2023-08-09 13:54:12.69,"2023-08-09","13H 54M 12.69S","Before","Aurora","V0333","Flow Core",1967,336,538,726,462,321,445,373,456,257,323,321,490,898,661,1378,181,181,286,345,250,185,218,189,247,381,258,283,218,198,206,277,547,367,555,555,158,158,982,436,453,432,437,280,502,406,637,480,308,406,719,756,166,268,322,270,226,346,654,316,-19.95,0,20.725,40,1.15,1.09,0.91,1.08,6.34,5.68,3,3.3,3.45,3.63,3.8,3.73,3.69,3.62,3.59,3.47,3.22,2.85,2.96,5.5,3.9,4.21,2.36,2.36,2.46,2.12,2.16,2.17,2.1,1.87,1.95,2.03,1.84,1.73,1.56,1.3,1.78,4.73,2.17,1.8,5.7,5.98,4.71,4.48,4.31,4.07,3.97,3.71,3.75,3.77,3.93,4.04,4.17,4.77,5.52,7.9,1.8,2.27,2.15,1.99,2.11,3.14,3.75,5.06,126092.286318303,794061.428319978,734860.598774556,672643.164453922,715673.519281016,1105482.61208828,1544745.16683172,915407.447197539,1452217.27234118,1703592.29462754,867854.436554139,435539.847263955,429909.561685728,1580879.01326244,2174996.78573745,3022081.1652566,1986052.39357629,1985755.66875293,478208.283737351,1077845.80865989,1227907.45039595,1206383.68352344,1122165.10914705,816369.534137345,937868.724076879,1002648.1788704,1215551.75307437,2070341.08411696,932922.010868118,456791.178381211,457432.016521499,1199736.33849488,1902976.79646045,1662220.05875828,1978814.51829268,1997069.82155688,1932498.05622518,1929945.80759019,138035.720699242,126925.428013905,262850.538374594,459911.783384518,665998.136460274,845491.652804365,558839.428557293,414324.802378536,352565.302211,226549.242605019,321323.222005717,566719.617004721,653307.626037868,1175800.1188454,286522.325826924,401799.727577973,321796.343926405,287025.680133509,598723.530845504,924237.106303622,1405649.42938688,1113030.46379726,TRUE,FALSE,FALSE,FALSE,FALSE,FALSE,FALSE,FALSE,FALSE,FALSE,FALSE,FALSE,FALSE,FALSE,FALSE,FALSE,FALSE,FALSE,FALSE,FALSE,FALSE,FALSE,FALSE,FALSE,FALSE,FALSE,FALSE,FALSE,FALSE,FALSE,FALSE,FALSE,FALSE,FALSE,FALSE,FALSE,FALSE,FALSE,FALSE,FALSE,FALSE,FALSE,FALSE,FALSE,FALSE,FALSE,FALSE,FALSE,TRUE,FALSE,FALSE,FALSE,FALSE,FALSE,FALSE,FALSE,FALSE,FALSE,FALSE,FALSE,FALSE,FALSE,FALSE,FALSE,FALSE,FALSE,FALSE,FALSE,FALSE,FALSE,FALSE,FALSE,FALSE,FALSE,FALSE,FALSE,FALSE,FALSE,FALSE,FALSE,FALSE,FALSE,FALSE,FALSE,FALSE,FALSE,FALSE,FALSE,FALSE,FALSE,FALSE,FALSE,FALSE,FALSE,FALSE,FALSE,FALSE,FALSE,FALSE,FALSE,FALSE,FALSE,FALSE,FALSE,FALSE,FALSE,FALSE,FALSE,FALSE,FALSE,FALSE,FALSE,FALSE,FALSE
"04 After",2023-08-04 14:25:58.38,"2023-08-04","14H 25M 58.38S","After","Aurora","V0333","Flow Core",1967,336,538,726,462,321,445,373,456,257,323,321,490,898,661,1378,181,181,286,345,250,185,218,189,247,381,258,283,218,198,206,277,547,367,555,555,158,158,982,436,453,432,437,280,502,406,637,480,308,406,719,756,166,268,322,270,226,346,654,316,-19.95,0,20.725,40,1.15,1.09,0.91,1.08,7.83,6.04,3.26,3.62,3.72,3.91,4.11,4.09,4.06,3.91,3.96,3.9,4.07,4.69,3.84,7.28,4.23,4.64,2.23,2.25,2.24,1.78,1.91,1.88,1.77,1.61,1.75,1.81,1.51,1.45,1.36,1.68,2.57,5.85,3.13,2.33,4.78,5.28,5.8,5.63,5.5,5.27,5.16,4.86,4.83,4.82,4.93,4.95,5.09,5.38,6.22,8.64,1.84,2.36,2.18,1.91,1.97,3.07,3.68,4.86,103638.118044681,688169.249493889,632650.459641157,573877.649152486,612755.518705365,949940.664597253,1338706.01401903,804084.249711957,1277298.74340837,1496433.19033939,814278.016935155,414610.736356953,391256.645639792,1338445.82508678,1722747.98228572,2008460.4284267,1893587.49212414,1894078.63362921,444540.470569738,1013308.97879971,1154868.50880657,1132935.05176101,1074236.02419736,784969.411722908,898355.29228099,965009.427929248,1151250.1727949,1982311.26593617,958035.695350254,478163.378860771,470541.71659741,1171151.96640473,1701511.70411819,1287638.92864608,1876468.38155022,1895253.11889694,1867037.80076419,1862853.48996024,135643.179603419,125496.266946224,262374.347108196,456299.853301182,646795.649978976,821972.552696165,585253.499116067,438368.316016816,374058.628413903,237470.689710933,322152.861202995,544162.963659917,576153.271752494,940827.814958073,361738.493284886,498857.235488473,400458.069536117,339474.537435819,620895.126551268,887558.418921333,1225276.43336629,881853.261743414,TRUE,TRUE,FALSE,FALSE,FALSE,FALSE,FALSE,FALSE,FALSE,FALSE,FALSE,FALSE,FALSE,FALSE,FALSE,TRUE,FALSE,FALSE,FALSE,FALSE,FALSE,FALSE,FALSE,FALSE,FALSE,FALSE,FALSE,FALSE,FALSE,FALSE,FALSE,FALSE,FALSE,FALSE,FALSE,FALSE,FALSE,FALSE,FALSE,FALSE,FALSE,FALSE,FALSE,FALSE,FALSE,FALSE,FALSE,TRUE,TRUE,FALSE,FALSE,FALSE,FALSE,FALSE,FALSE,FALSE,FALSE,FALSE,FALSE,FALSE,FALSE,FALSE,FALSE,FALSE,FALSE,FALSE,FALSE,FALSE,FALSE,FALSE,FALSE,FALSE,FALSE,FALSE,FALSE,FALSE,FALSE,FALSE,FALSE,FALSE,FALSE,FALSE,FALSE,FALSE,FALSE,FALSE,FALSE,FALSE,FALSE,FALSE,FALSE,FALSE,FALSE,FALSE,FALSE,FALSE,FALSE,FALSE,FALSE,FALSE,FALSE,FALSE,FALSE,FALSE,FALSE,FALSE,FALSE,FALSE,FALSE,FALSE,FALSE,FALSE,FALSE,FALSE
"04 Before",2023-08-04 14:18:21.69,"2023-08-04","14H 18M 21.69S","Before","Aurora","V0333","Flow Core",1868,312,496,659,428,293,412,350,433,246,324,325,487,856,579,1055,180,180,283,346,252,186,221,192,254,397,271,299,240,219,223,289,520,307,558,558,161,161,1019,459,477,462,468,298,560,448,709,528,326,411,675,644,202,328,387,311,242,345,590,262,-20,0,20.7,40,1.15,1.1,0.91,1.09,6.56,5.56,3.26,3.53,3.71,3.94,4.15,4.18,4.09,3.92,3.92,3.84,3.56,2.61,2.62,4.65,3.92,4.4,2.24,2.28,2.2,1.79,1.96,1.9,1.78,1.69,1.78,1.87,1.56,1.53,1.38,1.64,2.68,6.15,3.18,2.41,4.04,4.17,5.48,5.3,5.3,5.17,5.04,4.73,4.69,4.56,4.66,4.73,4.8,5.05,6.04,8.68,1.72,2.16,2,1.78,1.94,3,3.51,4.96,94713.1419079458,643777.727284518,581989.655594531,515338.317645883,570431.39503867,881574.833558578,1248690.91225449,756682.768346326,1213544.62223724,1449165.96537795,821696.596649211,424412.575776122,382697.90792919,1212580.35603614,1450982.75951292,1432069.07515434,1888490.32967836,1899997.80008647,447263.935302629,1043329.0345719,1183489.07432606,1154396.9249323,1102628.66898286,810813.70323355,934513.331199469,1014284.21547622,1229807.22509758,2113947.74609571,1060651.52683986,537319.56754843,522259.017432937,1237056.55991922,1634054.30651806,1082892.57350211,1885757.83869396,1937209.40452341,1922318.96539961,1946834.67859079,146506.66839977,136438.082797058,286098.521047153,501650.084185637,710238.880473204,887642.785251784,666250.631968118,494994.310401329,430157.216000733,267818.537698358,351532.188807015,567527.930396613,554473.475298576,817131.340397733,452775.213678246,628014.101752731,496626.399970084,403559.906312874,676300.459025541,906651.266726539,1129428.16414266,747982.839678152,TRUE,FALSE,FALSE,FALSE,FALSE,FALSE,FALSE,FALSE,FALSE,FALSE,FALSE,FALSE,FALSE,FALSE,FALSE,FALSE,FALSE,FALSE,FALSE,FALSE,FALSE,FALSE,FALSE,FALSE,FALSE,FALSE,FALSE,FALSE,FALSE,FALSE,FALSE,FALSE,TRUE,FALSE,FALSE,FALSE,FALSE,FALSE,FALSE,FALSE,FALSE,FALSE,FALSE,FALSE,FALSE,FALSE,FALSE,TRUE,TRUE,FALSE,FALSE,FALSE,FALSE,FALSE,FALSE,FALSE,FALSE,FALSE,FALSE,FALSE,FALSE,FALSE,FALSE,FALSE,FALSE,FALSE,FALSE,FALSE,FALSE,FALSE,FALSE,FALSE,FALSE,FALSE,FALSE,FALSE,FALSE,FALSE,FALSE,FALSE,FALSE,FALSE,FALSE,FALSE,FALSE,FALSE,FALSE,FALSE,FALSE,FALSE,FALSE,FALSE,FALSE,FALSE,FALSE,FALSE,FALSE,FALSE,FALSE,FALSE,FALSE,FALSE,FALSE,FALSE,FALSE,FALSE,FALSE,FALSE,FALSE,FALSE,FALSE,FALSE,FALSE,FALSE
"26 After",2023-07-26 09:52:39.8,"2023-07-26","9H 52M 39.8S","After","Aurora","V0333","Flow Core",1868,312,496,659,428,293,412,350,433,246,324,325,487,856,579,1055,180,180,283,346,252,186,221,192,254,397,271,299,240,219,223,289,520,307,558,558,161,161,1019,459,477,462,468,298,560,448,709,528,326,411,675,644,202,328,387,311,242,345,590,262,-20,0,20.7,40,1.15,1.1,0.91,1.09,6.74,5.46,2.92,3.12,3.26,3.46,3.59,3.59,3.52,3.47,3.44,3.39,3.24,3,2.76,5.24,3.81,4.19,2.04,2.08,2.12,1.75,1.83,1.83,1.74,1.59,1.74,1.82,1.58,1.54,1.35,1.36,1.94,5.06,1.71,1.2,3.22,3.66,3.59,3.48,3.35,3.13,3.06,2.83,2.74,2.76,2.9,2.93,2.95,3.14,3.98,6.17,1.72,2.23,2.04,1.81,1.83,2.8,3.29,4.43,121495.487399452,746899.616397028,679580.57432527,608248.281267459,663556.772584663,1020829.40290361,1440598.09125857,859459.716823835,1371883.32191333,1608297.27144174,879643.76315092,449103.984311839,432253.370867321,1508485.45990507,1891812.53648612,2258191.98167034,1979557.27950055,1976833.26237802,471942.608207049,1093640.69448559,1245674.59785688,1212870.16612404,1137482.93205733,835615.112463023,964660.815961133,1029138.52020176,1246017.48996205,2130532.69789137,1030037.58068836,511111.291254495,505488.599626438,1260027.01321628,1817925.99884478,1376754.84756373,1973570.28231339,2002565.19780456,1974391.69079308,1981070.41213656,146622.077383859,136308.925096197,282581.829456575,495786.180021597,708235.444279539,882404.094945859,635424.118885554,464740.508714286,405949.067894804,255739.202213113,348420.106710263,588204.224470725,624785.379763317,1011155.35440842,385614.349526135,530708.306954694,421277.411627089,356418.680725533,659509.302874494,949032.848691156,1294787.84511022,940026.998952625,TRUE,FALSE,FALSE,FALSE,FALSE,FALSE,FALSE,FALSE,FALSE,FALSE,FALSE,FALSE,FALSE,FALSE,FALSE,FALSE,FALSE,FALSE,FALSE,FALSE,FALSE,FALSE,FALSE,FALSE,FALSE,FALSE,FALSE,FALSE,FALSE,FALSE,FALSE,FALSE,FALSE,FALSE,FALSE,FALSE,FALSE,FALSE,FALSE,FALSE,FALSE,FALSE,FALSE,FALSE,FALSE,FALSE,FALSE,FALSE,TRUE,FALSE,FALSE,FALSE,FALSE,FALSE,FALSE,FALSE,FALSE,FALSE,FALSE,FALSE,FALSE,FALSE,FALSE,FALSE,FALSE,FALSE,FALSE,FALSE,FALSE,FALSE,FALSE,FALSE,FALSE,FALSE,FALSE,FALSE,FALSE,FALSE,FALSE,FALSE,FALSE,FALSE,FALSE,FALSE,FALSE,FALSE,FALSE,FALSE,FALSE,FALSE,FALSE,FALSE,FALSE,FALSE,FALSE,FALSE,FALSE,FALSE,FALSE,FALSE,FALSE,FALSE,FALSE,FALSE,FALSE,FALSE,FALSE,FALSE,FALSE,FALSE,FALSE,FALSE,FALSE,FALSE
"26 Before",2023-07-26 09:43:11.97,"2023-07-26","9H 43M 11.97S","Before","Aurora","V0333","Flow Core",2180,348,541,735,467,324,452,389,476,268,354,359,550,992,664,1300,181,181,286,345,251,186,222,193,253,396,266,292,238,219,222,291,529,316,559,559,162,162,1037,457,473,460,458,294,550,444,702,523,328,417,687,668,205,328,387,315,245,352,609,272,-19.95,0,20.6,39.825,1.16,1.1,0.92,1.08,6.56,5.49,2.96,3.13,3.22,3.39,3.54,3.5,3.45,3.41,3.38,3.34,3.16,3.01,2.7,5.26,3.71,4.11,2.02,2.06,2.11,1.73,1.8,1.8,1.72,1.56,1.71,1.78,1.54,1.46,1.3,1.43,2.18,5.49,1.81,1.26,2.61,3.05,3.34,3.12,2.98,2.8,2.74,2.56,2.48,2.45,2.61,2.61,2.73,2.79,3.75,6.05,1.66,2.19,2.01,1.76,1.77,2.76,3.25,4.49,143292.872231559,832320.235498623,731891.603700531,664857.194452897,719938.930405638,1114174.9089421,1576118.31639211,945290.547034745,1516422.37012994,1739569.53284552,961714.456108976,486643.262168843,480598.535927529,1722711.14272166,2170553.62965345,2766815.27396009,1994080.07595465,2016968.23605968,480783.983675406,1091003.57703286,1244723.60415976,1222791.80808732,1157642.85366359,850164.138383284,972296.298500369,1039075.78152934,1238819.38258219,2117412.37410774,1021869.13166138,513075.90347818,506690.05909889,1279331.22593732,1868701.22233165,1430345.7574238,1978478.26963007,2013735.34221221,2000093.17917661,2015509.41302822,147779.9382998,137137.815266104,280293.071370447,492936.735080204,696372.557392739,882317.222431966,626842.817021252,466313.319715548,398268.805163878,256402.368576234,351543.936411128,600256.334430488,637265.805085346,1059843.37723946,390191.170043011,529508.733746171,419790.8865688,360718.650380361,670651.990848274,974371.084076576,1343169.4034904,989552.521670346,TRUE,FALSE,FALSE,FALSE,FALSE,FALSE,FALSE,FALSE,FALSE,FALSE,FALSE,FALSE,FALSE,FALSE,FALSE,FALSE,FALSE,FALSE,FALSE,FALSE,FALSE,FALSE,FALSE,FALSE,FALSE,FALSE,FALSE,FALSE,FALSE,FALSE,FALSE,FALSE,FALSE,FALSE,FALSE,FALSE,FALSE,FALSE,FALSE,FALSE,FALSE,FALSE,FALSE,FALSE,FALSE,FALSE,FALSE,FALSE,TRUE,FALSE,FALSE,FALSE,FALSE,FALSE,FALSE,FALSE,FALSE,TRUE,FALSE,FALSE,FALSE,FALSE,FALSE,FALSE,FALSE,FALSE,FALSE,FALSE,FALSE,FALSE,FALSE,FALSE,FALSE,FALSE,FALSE,FALSE,FALSE,FALSE,FALSE,FALSE,FALSE,FALSE,FALSE,FALSE,FALSE,FALSE,FALSE,FALSE,FALSE,FALSE,FALSE,FALSE,FALSE,FALSE,FALSE,FALSE,FALSE,FALSE,FALSE,FALSE,FALSE,FALSE,FALSE,FALSE,FALSE,FALSE,FALSE,FALSE,FALSE,FALSE,FALSE,FALSE,FALSE,FALSE
"25 After",2023-07-25 12:18:57.65,"2023-07-25","12H 18M 57.65S","After","Aurora","V0333","Flow Core",2180,348,541,735,467,324,452,389,476,268,354,359,550,992,664,1300,181,181,286,345,251,186,222,193,253,396,266,292,238,219,222,291,529,316,559,559,162,162,1037,457,473,460,458,294,550,444,702,523,328,417,687,668,205,328,387,315,245,352,609,272,-19.95,0,20.6,39.825,1.16,1.1,0.92,1.08,6.43,5.38,2.73,2.93,2.99,3.17,3.33,3.32,3.33,3.31,3.27,3.16,3.14,2.83,2.59,4.79,3.89,4.28,2.32,2.34,2.37,1.97,2.09,2.07,1.96,1.8,1.98,2.08,1.79,1.71,1.51,1.45,1.83,4.45,1.54,1.19,3.94,4.41,4.05,3.9,3.76,3.56,3.49,3.26,3.21,3.22,3.38,3.44,3.44,3.66,4.3,6.31,1.8,2.3,2.19,1.98,2.05,2.96,3.39,4.4,127410.196954929,742106.53199116,653730.669137331,593628.719725791,641398.535941858,988517.462122609,1399695.55866774,840185.741740864,1348290.91478087,1554846.59071309,855223.398243637,432691.007989501,427295.038068619,1536421.06920669,1940693.93486423,2470338.18521943,1947480.84863796,1953512.2730297,464793.102904729,1057739.08259078,1205423.22043708,1183792.25155064,1122378.44052335,823727.234522147,941466.199867573,1007061.29454207,1201307.94573115,2054255.84047118,982637.32239716,494725.812696996,491194.90748274,1243982.99952006,1816690.79335289,1396791.1064641,1940535.87565905,1964668.37786576,1928853.24505712,1926123.391198,140507.745842218,130956.048418692,268458.969378912,471718.12395696,667799.781805246,847065.867244689,598824.05521606,446152.723576755,380643.904763419,245217.629809176,337420.213668711,576247.960156313,612727.622573555,1023450.25614306,371390.8588577,506294.386596017,401441.02515778,345289.862287572,647527.977310767,941041.790500206,1298695.75348391,959878.368550227,TRUE,FALSE,FALSE,FALSE,FALSE,FALSE,FALSE,FALSE,FALSE,FALSE,FALSE,FALSE,FALSE,FALSE,FALSE,FALSE,FALSE,FALSE,FALSE,FALSE,FALSE,FALSE,FALSE,FALSE,FALSE,FALSE,FALSE,FALSE,FALSE,FALSE,FALSE,FALSE,FALSE,FALSE,FALSE,FALSE,FALSE,FALSE,FALSE,FALSE,FALSE,FALSE,FALSE,FALSE,FALSE,FALSE,FALSE,FALSE,TRUE,FALSE,FALSE,FALSE,FALSE,FALSE,FALSE,FALSE,FALSE,TRUE,FALSE,FALSE,FALSE,FALSE,FALSE,FALSE,FALSE,FALSE,FALSE,FALSE,FALSE,FALSE,FALSE,FALSE,FALSE,FALSE,FALSE,FALSE,FALSE,FALSE,FALSE,FALSE,FALSE,FALSE,FALSE,FALSE,FALSE,FALSE,FALSE,FALSE,FALSE,FALSE,FALSE,FALSE,FALSE,FALSE,FALSE,FALSE,FALSE,FALSE,FALSE,FALSE,FALSE,FALSE,FALSE,FALSE,FALSE,FALSE,FALSE,FALSE,FALSE,FALSE,FALSE,FALSE,FALSE,FALSE
"25 Before",2023-07-25 12:13:55.5,"2023-07-25","12H 13M 55.5S","Before","Aurora","V0333","Flow Core",1836,333,522,699,455,316,443,380,465,264,343,352,513,868,602,1053,180,180,281,345,252,185,221,192,253,394,271,297,239,219,224,290,520,302,565,565,163,163,1004,454,476,453,457,295,548,450,691,522,323,407,667,629,204,331,393,314,240,342,581,256,-19.975,0,20.6,39.875,1.16,1.1,0.92,1.08,6.21,5.57,2.64,2.85,2.93,3.13,3.3,3.3,3.2,3.17,3.14,3.09,3.01,2.4,2.14,4.05,3.91,4.27,2.08,2.15,2.15,1.77,1.84,1.82,1.72,1.61,1.76,1.82,1.61,1.57,1.31,1.42,1.95,4.6,1.58,0.97,3.91,4.36,4.23,4.09,4.01,3.83,3.68,3.48,3.43,3.45,3.58,3.52,3.42,3.52,4.21,6.18,1.98,2.47,2.38,2.03,1.91,2.83,3.36,4.46,105442.495425436,716925.706374248,637115.855189022,571838.503758386,627184.728309381,963866.419116855,1373010.47766379,827382.693481295,1332267.91825587,1566482.39804233,838839.959637654,434471.096766803,398803.406923954,1295480.50364111,1701346.19109174,1846060.09962187,1961256.17609725,1972434.96997746,461967.471978172,1072644.61500406,1235097.96239558,1192502.55012909,1129657.57202041,829705.3011651,958016.10487379,1021030.83100552,1275928.38251556,2188090.39611418,1011940.95711571,508187.274755036,502367.780289401,1244615.90771799,1773938.12337684,1302429.24163606,1981415.77420396,2022203.88920974,1978023.26151033,1979698.90378437,139678.106045103,131540.577311261,278748.450389022,479662.594357681,692909.419448935,882280.176662503,616469.716460605,467614.265003539,382987.556252159,251438.777120759,337202.965792167,565430.361452328,593485.000057708,943003.884555241,372072.024351294,516151.757210636,414165.675265647,348583.512117649,636311.825320168,908628.418384176,1223482.31968151,871166.199578115,TRUE,FALSE,FALSE,FALSE,FALSE,FALSE,FALSE,FALSE,FALSE,FALSE,FALSE,FALSE,FALSE,FALSE,FALSE,FALSE,FALSE,FALSE,FALSE,FALSE,FALSE,FALSE,FALSE,FALSE,FALSE,FALSE,FALSE,FALSE,FALSE,FALSE,FALSE,FALSE,FALSE,FALSE,FALSE,FALSE,FALSE,FALSE,FALSE,FALSE,FALSE,FALSE,FALSE,FALSE,FALSE,FALSE,FALSE,FALSE,TRUE,FALSE,FALSE,FALSE,FALSE,FALSE,FALSE,FALSE,FALSE,FALSE,FALSE,FALSE,FALSE,FALSE,FALSE,FALSE,FALSE,FALSE,FALSE,FALSE,FALSE,FALSE,FALSE,FALSE,FALSE,FALSE,FALSE,FALSE,FALSE,FALSE,FALSE,FALSE,FALSE,FALSE,FALSE,FALSE,FALSE,FALSE,FALSE,FALSE,FALSE,FALSE,FALSE,FALSE,FALSE,FALSE,FALSE,FALSE,FALSE,FALSE,FALSE,FALSE,FALSE,FALSE,FALSE,FALSE,FALSE,FALSE,FALSE,FALSE,FALSE,FALSE,FALSE,FALSE,FALSE,FALSE
"24 After",2023-07-24 10:33:55.76,"2023-07-24","10H 33M 55.76S","After","Aurora","V0333","Flow Core",1836,333,522,699,455,316,443,380,465,264,343,352,513,868,602,1053,180,180,281,345,252,185,221,192,253,394,271,297,239,219,224,290,520,302,565,565,163,163,1004,454,476,453,457,295,548,450,691,522,323,407,667,629,204,331,393,314,240,342,581,256,-19.975,0,20.6,39.875,1.16,1.1,0.92,1.08,7.07,5.61,2.71,2.91,2.9,3.13,3.32,3.33,3.3,3.31,3.28,3.25,3.42,3.89,3.23,5.76,3.93,4.28,2.07,2.08,2.2,1.8,1.83,1.87,1.82,1.61,1.78,1.87,1.69,1.59,1.44,1.4,1.8,4.67,2.22,1.58,1.78,2.8,3.01,2.68,2.46,2.33,2.29,2.18,2.07,2.08,2.29,2.26,2.26,2.29,3.04,4.9,2.08,2.47,2.35,2.07,1.97,2.77,3.19,4.22,101411.610273336,710809.417968097,633457.947835601,569804.049894552,627026.383046888,961022.772426892,1365273.15790989,822409.002439023,1304923.37489201,1520468.03693851,824887.05155607,428049.490569949,389447.445704037,1257442.15468293,1693708.84718576,1843416.85002143,1987881.23484848,1991281.72788471,475007.804921679,1092139.97880895,1254777.10371617,1218532.91205269,1146602.39862253,842121.252800239,977299.451394193,1029196.81757122,1255067.02928758,2130090.22693272,1025750.91569985,516279.338140673,509717.59973211,1269005.5424217,1828391.47749547,1389446.24921977,1977400.14209957,1996127.9611865,2004191.46439394,1992811.16316534,144564.524875762,135474.008209766,284739.313077885,485959.468409658,693037.865773997,877734.345506599,626231.740011242,473813.427842518,390053.480557869,256895.790559148,347856.367674979,586401.09626731,622155.946041957,1006728.70810435,391657.006058,529407.707222943,427002.575319004,361720.504517414,661108.158228768,950865.920454936,1297943.39664917,940709.073892555,TRUE,FALSE,FALSE,FALSE,FALSE,FALSE,FALSE,FALSE,FALSE,FALSE,FALSE,FALSE,FALSE,FALSE,FALSE,FALSE,FALSE,FALSE,FALSE,FALSE,FALSE,FALSE,FALSE,FALSE,FALSE,FALSE,FALSE,FALSE,FALSE,FALSE,FALSE,FALSE,FALSE,FALSE,FALSE,FALSE,FALSE,FALSE,FALSE,FALSE,FALSE,FALSE,FALSE,FALSE,FALSE,FALSE,FALSE,FALSE,FALSE,FALSE,FALSE,FALSE,FALSE,FALSE,FALSE,FALSE,FALSE,FALSE,FALSE,FALSE,FALSE,FALSE,FALSE,FALSE,FALSE,FALSE,FALSE,FALSE,FALSE,FALSE,FALSE,FALSE,FALSE,FALSE,FALSE,FALSE,FALSE,FALSE,FALSE,FALSE,FALSE,FALSE,FALSE,FALSE,FALSE,FALSE,FALSE,FALSE,FALSE,FALSE,FALSE,FALSE,FALSE,FALSE,FALSE,FALSE,FALSE,FALSE,FALSE,FALSE,FALSE,FALSE,FALSE,FALSE,FALSE,FALSE,FALSE,FALSE,FALSE,FALSE,FALSE,FALSE,FALSE,FALSE
"24 Before",2023-07-24 10:20:32.3,"2023-07-24","10H 20M 32.3S","Before","Aurora","V0333","Flow Core",2029,335,517,696,450,311,437,376,462,262,341,351,523,919,625,1149,181,181,283,347,253,186,222,193,254,397,273,299,240,219,224,290,520,303,542,542,165,165,1014,460,484,462,468,301,557,458,703,532,329,416,684,647,204,333,394,316,243,346,588,259,-19.975,0,20.625,39.825,1.16,1.1,0.91,1.09,7.12,5.45,2.77,3.04,3.13,3.35,3.56,3.54,3.47,3.53,3.48,3.45,3.38,3.45,2.92,5.48,4,4.4,2.08,2.08,2.17,1.81,1.84,1.87,1.8,1.63,2.04,2.15,1.71,1.77,1.55,1.43,1.98,5.09,2.62,1.97,1.57,2.58,2.66,2.3,2.08,1.98,2.33,2.25,1.92,1.83,2.15,2.09,1.99,1.95,2.74,4.62,2.08,2.61,2.46,2.22,2.16,2.91,3.23,4.26,107055.28979447,720926.072219565,629597.377420037,563292.841971337,623189.876585338,958138.116847317,1357592.65479751,816842.905314196,1306197.05613268,1564311.29392217,825903.537638176,421594.357583507,394879.395398651,1315553.27703831,1755454.93176725,1978072.39211653,2006455.01690051,2011612.84895943,478238.845286783,1103132.32657685,1254129.71922515,1225435.4331727,1154267.58960395,847138.338565125,973951.818872039,1049427.35500296,1296044.69011615,2204578.13601849,1031507.26320454,510621.018567537,505654.028654401,1268174.93944935,1831571.48050846,1393392.20511182,1905081.98671344,1911355.67890858,2030965.54719388,2017968.42823953,145023.412902513,137992.695334304,288135.289278674,504737.157012584,731503.874559752,922435.161697088,636389.109835535,480467.051740844,396351.714041846,260655.544756073,354358.32597678,602447.316175173,640923.564317169,1035102.30156725,359215.401885326,505413.715622436,400029.103491459,345352.572751826,645377.876271764,932392.765489451,1274196.61496809,927112.610915833,TRUE,FALSE,FALSE,FALSE,FALSE,FALSE,FALSE,FALSE,FALSE,FALSE,FALSE,FALSE,FALSE,FALSE,FALSE,FALSE,FALSE,FALSE,FALSE,FALSE,FALSE,FALSE,FALSE,FALSE,FALSE,FALSE,FALSE,FALSE,FALSE,FALSE,FALSE,FALSE,FALSE,FALSE,FALSE,FALSE,FALSE,FALSE,FALSE,FALSE,FALSE,FALSE,FALSE,FALSE,FALSE,FALSE,FALSE,FALSE,FALSE,FALSE,FALSE,FALSE,FALSE,FALSE,FALSE,FALSE,FALSE,TRUE,FALSE,FALSE,FALSE,FALSE,FALSE,FALSE,FALSE,FALSE,FALSE,FALSE,FALSE,FALSE,FALSE,FALSE,FALSE,FALSE,FALSE,FALSE,FALSE,FALSE,FALSE,FALSE,FALSE,FALSE,FALSE,FALSE,FALSE,FALSE,FALSE,FALSE,FALSE,FALSE,FALSE,FALSE,FALSE,FALSE,FALSE,FALSE,FALSE,FALSE,FALSE,FALSE,FALSE,FALSE,FALSE,FALSE,FALSE,FALSE,FALSE,FALSE,FALSE,FALSE,FALSE,FALSE,FALSE,FALSE
"21 After",2023-07-21 09:41:15.01,"2023-07-21","9H 41M 15.01S","After","Aurora","V0333","Flow Core",2029,335,517,696,450,311,437,376,462,262,341,351,523,919,625,1149,181,181,283,347,253,186,222,193,254,397,273,299,240,219,224,290,520,303,542,542,165,165,1014,460,484,462,468,301,557,458,703,532,329,416,684,647,204,333,394,316,243,346,588,259,-19.975,0,20.625,39.825,1.16,1.1,0.91,1.09,6.37,5.07,2.83,2.99,3.04,3.22,3.36,3.36,3.31,3.28,3.24,3.2,3.18,3.3,2.75,5,3.7,4,1.87,1.88,2,1.66,1.66,1.68,1.64,1.47,1.59,1.68,1.48,1.38,1.27,1.35,1.94,4.77,3.12,3.63,2.7,3.32,2.11,1.71,1.43,1.39,1.42,1.41,1.32,1.27,1.49,1.44,1.36,1.53,2.23,4.02,1.55,1.96,1.84,1.63,1.69,2.47,2.85,3.79,119069.811766948,758323.968245688,655418.589075787,588097.637080112,648310.548747186,999050.951808474,1417488.6188208,853138.141680673,1355368.60954703,1598196.32898767,868384.196110493,443797.068812234,425824.400572411,1451276.42555159,1889416.52224913,2200163.9472441,2011988.53495459,2020766.19275724,478057.732038011,1103235.55721709,1254069.92573405,1226761.73645131,1155192.02704999,847431.015413504,975896.418550506,1039920.4202275,1251270.03716809,2137936.38924852,1039124.61802268,516738.460158144,510009.112890092,1272935.94131725,1836512.24988563,1395481.65565159,1975193.92632648,1990428.84712316,2014280.90021511,2009663.06681944,143573.348558678,136064.044346096,285964.18035548,494087.115638752,704405.96015393,887989.389024107,630832.669773126,476147.687186394,394686.670234785,258584.205482576,350070.408572492,595081.602168374,632668.154349189,1021173.54732215,391817.154841905,535989.141868244,425801.308010484,364422.620136399,665755.812372087,957313.109668225,1302275.6674164,946624.424887217,TRUE,FALSE,FALSE,FALSE,FALSE,FALSE,FALSE,FALSE,FALSE,FALSE,FALSE,FALSE,FALSE,FALSE,FALSE,FALSE,FALSE,FALSE,FALSE,FALSE,FALSE,FALSE,FALSE,FALSE,FALSE,FALSE,FALSE,FALSE,FALSE,FALSE,FALSE,FALSE,FALSE,FALSE,FALSE,FALSE,FALSE,FALSE,FALSE,FALSE,FALSE,FALSE,FALSE,FALSE,FALSE,FALSE,FALSE,FALSE,FALSE,FALSE,FALSE,FALSE,FALSE,FALSE,FALSE,FALSE,FALSE,TRUE,FALSE,FALSE,FALSE,FALSE,FALSE,FALSE,FALSE,FALSE,FALSE,FALSE,FALSE,FALSE,FALSE,FALSE,FALSE,FALSE,FALSE,FALSE,FALSE,FALSE,FALSE,FALSE,FALSE,FALSE,FALSE,FALSE,FALSE,FALSE,FALSE,FALSE,FALSE,FALSE,FALSE,FALSE,FALSE,FALSE,FALSE,FALSE,FALSE,FALSE,FALSE,FALSE,FALSE,FALSE,FALSE,FALSE,FALSE,FALSE,FALSE,FALSE,FALSE,FALSE,FALSE,FALSE,FALSE,FALSE
"21 Before",2023-07-21 09:31:44.44,"2023-07-21","9H 31M 44.44S","Before","Aurora","V0333","Flow Core",2066,339,538,725,465,321,450,385,469,265,342,346,525,930,636,1229,181,181,285,346,253,185,221,193,252,394,270,298,233,212,220,286,526,313,561,561,161,161,1003,450,469,454,455,295,543,435,679,512,321,406,677,659,191,313,366,303,238,344,599,270,-19.975,0,20.675,39.925,1.15,1.1,0.91,1.08,7.83,5.41,2.99,3.13,3.23,3.42,3.61,3.58,3.56,3.51,3.51,3.45,3.53,4.33,3.65,6.53,3.79,4.15,1.97,2,2.08,1.7,1.74,1.77,1.71,1.53,1.66,1.77,1.54,1.43,1.34,1.54,2.29,5.29,2.59,2.64,3.21,3.63,2.41,2.04,1.79,1.72,1.73,1.68,1.6,1.54,1.74,1.74,1.71,1.97,2.76,4.86,1.59,2.02,1.85,1.69,1.73,2.54,2.91,3.96,115430.963625226,755541.661047241,675118.422305604,608986.563042749,664899.182600087,1022376.459674,1435931.35565386,861595.67148838,1358618.30538568,1611146.00324381,854111.085013291,430234.725196822,409934.330311942,1376547.82669364,1832663.10174824,2188080.5905538,2010123.6064978,2011232.99706804,479027.656366206,1100078.93215363,1250130.42884203,1208446.56935201,1142657.32503811,844739.928887216,969352.066212149,1022754.6724605,1248979.40811271,2159536.85296643,998187.095344332,494766.708067424,497364.422927928,1255063.24542896,1857433.36387346,1430638.67574587,2052554.92318282,2084075.53018611,1988478.42290749,2002830.46588538,145096.540532602,133755.09556808,280284.429734872,485794.384286791,695952.742368196,884210.754498827,614415.801095873,449583.368139156,387253.925385512,250349.566712035,341925.264195343,580149.089872128,628875.462983738,1055110.15041514,354822.80631654,494325.680332184,389090.92863657,340404.890981427,648490.038370566,949911.19713407,1327904.34587732,989619.043666743,TRUE,FALSE,FALSE,FALSE,FALSE,FALSE,FALSE,FALSE,FALSE,FALSE,FALSE,FALSE,FALSE,FALSE,FALSE,TRUE,FALSE,FALSE,FALSE,FALSE,FALSE,FALSE,FALSE,FALSE,FALSE,FALSE,FALSE,FALSE,FALSE,FALSE,FALSE,FALSE,FALSE,FALSE,FALSE,FALSE,FALSE,FALSE,FALSE,FALSE,FALSE,FALSE,FALSE,FALSE,FALSE,FALSE,FALSE,FALSE,FALSE,FALSE,FALSE,FALSE,FALSE,FALSE,FALSE,FALSE,FALSE,TRUE,FALSE,FALSE,FALSE,FALSE,FALSE,FALSE,FALSE,FALSE,FALSE,FALSE,FALSE,FALSE,FALSE,FALSE,FALSE,FALSE,FALSE,FALSE,FALSE,FALSE,FALSE,FALSE,FALSE,FALSE,FALSE,FALSE,FALSE,FALSE,FALSE,FALSE,FALSE,FALSE,FALSE,FALSE,FALSE,FALSE,FALSE,FALSE,FALSE,FALSE,FALSE,FALSE,FALSE,FALSE,FALSE,FALSE,FALSE,FALSE,FALSE,FALSE,FALSE,FALSE,FALSE,FALSE,FALSE,FALSE
"20 Before",2023-07-20 14:57:45.55,"2023-07-20","14H 57M 45.55S","Before","Aurora","V0333","Flow Core",2066,339,538,725,465,321,450,385,469,265,342,346,525,930,636,1229,181,181,285,346,253,185,221,193,252,394,270,298,233,212,220,286,526,313,561,561,161,161,1003,450,469,454,455,295,543,435,679,512,321,406,677,659,191,313,366,303,238,344,599,270,-19.975,0,20.675,39.925,1.15,1.1,0.91,1.08,5.94,5.17,2.76,3,3.12,3.3,3.44,3.46,3.41,3.37,3.4,3.34,3.05,2.65,2.49,4.91,3.99,4.37,2.12,2.08,2.21,1.84,1.84,1.9,1.84,1.72,1.84,1.9,1.77,1.74,1.47,1.65,2.18,5.25,1.9,1.69,1.95,2.72,2.68,2.46,2.32,2.22,2.22,2.07,2.07,2.05,2.22,2.15,2.19,2.43,3.15,5.19,1.94,2.44,2.32,2.04,2.11,3.04,3.59,4.68,107496.894799713,722843.117378707,655280.270539188,593629.237918284,646872.233785769,993430.189658572,1396375.01119727,841561.813969306,1323895.40473228,1562356.99233591,849013.645207285,430009.026289843,403515.215973202,1329366.57333057,1749749.25208879,1978852.99258466,1998635.93144242,1993614.15989062,475498.091043932,1085849.89847529,1235001.13201763,1204771.87072692,1135125.51657858,838887.55505951,969209.144645272,1025344.20660183,1232385.0682004,2122909.02212449,1023204.84352833,510051.124677308,504356.631490311,1250814.75527839,1822608.81948861,1367817.13293158,1978503.34378563,2002366.99706196,1981022.83110034,1984790.82434112,145802.745565162,134761.902604385,284047.971630161,491816.009644065,699060.086718602,886951.238706739,631943.598409488,464664.670354617,400570.04629771,257586.092810509,347663.604342734,585436.715177933,623217.505416559,1014467.03422308,386877.253489226,532263.864543875,419750.033969417,361280.449152238,659792.816620675,947699.796704765,1294049.72472832,938206.767421053,FALSE,FALSE,FALSE,FALSE,FALSE,FALSE,FALSE,FALSE,FALSE,FALSE,FALSE,FALSE,FALSE,FALSE,FALSE,FALSE,FALSE,FALSE,FALSE,FALSE,FALSE,FALSE,FALSE,FALSE,FALSE,FALSE,FALSE,FALSE,FALSE,FALSE,FALSE,FALSE,FALSE,FALSE,FALSE,FALSE,FALSE,FALSE,FALSE,FALSE,FALSE,FALSE,FALSE,FALSE,FALSE,FALSE,FALSE,FALSE,FALSE,FALSE,FALSE,FALSE,FALSE,FALSE,FALSE,FALSE,FALSE,TRUE,FALSE,FALSE,FALSE,FALSE,FALSE,FALSE,FALSE,FALSE,FALSE,FALSE,FALSE,FALSE,FALSE,FALSE,FALSE,FALSE,FALSE,FALSE,FALSE,FALSE,FALSE,FALSE,FALSE,FALSE,FALSE,FALSE,FALSE,FALSE,FALSE,FALSE,FALSE,FALSE,FALSE,FALSE,FALSE,FALSE,FALSE,FALSE,FALSE,FALSE,FALSE,FALSE,FALSE,FALSE,FALSE,FALSE,FALSE,FALSE,FALSE,FALSE,FALSE,FALSE,FALSE,FALSE,FALSE,FALSE
"20 After",2023-07-20 14:56:07.99,"2023-07-20","14H 56M 7.99S","After","Aurora","V0333","Flow Core",2066,339,538,725,465,321,450,385,469,265,342,346,525,930,636,1229,181,181,285,346,253,185,221,193,252,394,270,298,233,212,220,286,526,313,561,561,161,161,1003,450,469,454,455,295,543,435,679,512,321,406,677,659,191,313,366,303,238,344,599,270,-19.975,0,20.675,39.925,1.15,1.1,0.91,1.08,6.88,5.58,3.35,3.43,3.51,3.66,3.79,3.76,3.67,3.68,3.59,3.58,3.36,3.45,3.11,5.73,4.2,4.78,2.73,2.68,2.82,2.51,2.51,2.58,2.52,2.37,2.55,2.63,2.4,2.3,2.11,2.41,2.82,5.37,1.94,2.36,2.24,3.4,3.18,3,2.89,2.8,2.75,2.67,2.63,2.62,2.75,2.72,2.7,3.08,3.7,5.56,2.51,2.99,2.89,2.65,2.81,3.62,4.12,5.14,125474.554207618,744020.365897073,673624.674791394,617306.543042441,662875.599482306,1010967.49343305,1431781.66993399,860962.04052247,1364092.29883014,1591387.24535623,872297.903730489,442819.682818515,434181.34818709,1508340.78516883,1898580.07815449,2326610.28961637,1976550.53633721,1963447.41464713,469313.282342163,1070955.87816909,1217860.95963519,1188726.72440164,1119624.2230247,826988.122970553,956172.089050844,1012507.87305224,1216398.21177299,2097118.84643686,1011254.09456765,504384.942446987,498542.933208068,1235290.57684266,1798765.4173133,1352869.59742116,1965987.87112403,1981376.69675984,1962720.33527132,1956258.82470052,144518.963908529,133568.533155713,281087.115851988,486045.767238185,690850.201158884,876476.54540668,624784.519329525,459480.104025205,396253.008642489,255000.408191464,343956.377367917,578786.29047066,615642.376465299,1001987.75722117,382629.476259069,525663.08417332,414738.472731779,357022.672481685,651490.548022405,935026.452518121,1276652.86563011,925401.139253455,TRUE,FALSE,FALSE,FALSE,FALSE,FALSE,FALSE,FALSE,FALSE,FALSE,FALSE,FALSE,FALSE,FALSE,FALSE,FALSE,FALSE,FALSE,FALSE,FALSE,FALSE,FALSE,FALSE,FALSE,FALSE,FALSE,FALSE,FALSE,FALSE,FALSE,FALSE,FALSE,FALSE,FALSE,FALSE,FALSE,FALSE,FALSE,FALSE,FALSE,FALSE,FALSE,FALSE,FALSE,FALSE,FALSE,FALSE,FALSE,FALSE,FALSE,FALSE,FALSE,FALSE,FALSE,FALSE,FALSE,FALSE,TRUE,FALSE,FALSE,FALSE,FALSE,FALSE,FALSE,FALSE,FALSE,FALSE,FALSE,FALSE,FALSE,FALSE,FALSE,FALSE,FALSE,FALSE,FALSE,FALSE,FALSE,FALSE,FALSE,FALSE,FALSE,FALSE,FALSE,FALSE,FALSE,FALSE,FALSE,FALSE,FALSE,FALSE,FALSE,FALSE,FALSE,FALSE,FALSE,FALSE,FALSE,FALSE,FALSE,FALSE,FALSE,FALSE,FALSE,FALSE,FALSE,FALSE,FALSE,FALSE,FALSE,FALSE,FALSE,FALSE,FALSE
"14 After",2023-07-14 09:09:03.92,"2023-07-14","9H 9M 3.92S","After","Aurora","V0333","Flow Core",1861,307,482,642,411,284,401,344,425,239,317,319,480,848,569,1071,184,184,284,343,255,189,221,193,261,398,267,295,246,221,220,282,515,309,543,543,160,160,981,447,478,458,463,296,551,449,704,529,325,410,665,641,206,335,393,318,243,344,586,260,-19.9,0,20.65,39.8,1.15,1.09,0.9,1.09,6.33,5.24,2.65,2.79,2.83,3,3.16,3.12,3.08,3.07,2.99,2.92,2.87,2.94,2.71,5,3.12,3.58,2.17,2.07,1.9,1.65,1.79,1.69,1.58,1.58,1.75,1.8,1.47,1.39,1.25,1.33,2.15,5.23,2.68,2.37,3.85,4.09,2.68,2.28,2.01,1.97,1.95,1.87,1.75,1.73,1.99,1.95,1.97,2.35,3.16,5.41,1.53,1.96,1.83,1.58,1.61,2.47,2.87,3.96,120794.412488345,753596.719590007,660053.118405238,595251.291201898,640591.179410744,989965.779137401,1406564.37674797,849158.071598353,1354522.8405119,1571079.47395247,860477.559838727,438744.017339248,422515.349905332,1470458.62255239,1864946.32911589,2237159.34084098,2008259.12989691,2009902.73459122,472836.296924861,1094240.45251774,1254671.87929111,1215136.2656232,1145949.25635249,839787.788787157,974117.809897586,1031458.81878343,1244016.79215368,2133556.47344087,1035367.47395982,513628.310524864,506964.047023522,1264628.66716151,1839844.21143607,1377560.64812435,1982019.05966495,1988592.2717562,1999003.21804124,1994963.93717174,143243.472977421,135434.954108925,283008.31387913,491469.103873686,702684.968210398,891354.859548234,625065.526713585,472108.475726418,397080.04091914,259965.888086313,348450.294377118,593093.905117158,621364.310389336,1019431.59986334,389775.718482633,530913.208668018,421653.915037254,360312.26684154,661782.760642666,952377.848746224,1301448.45817631,942274.013972076,TRUE,FALSE,FALSE,FALSE,FALSE,FALSE,FALSE,FALSE,FALSE,FALSE,FALSE,FALSE,FALSE,FALSE,FALSE,FALSE,FALSE,FALSE,FALSE,FALSE,FALSE,FALSE,FALSE,FALSE,FALSE,FALSE,FALSE,FALSE,FALSE,FALSE,FALSE,FALSE,FALSE,FALSE,FALSE,FALSE,FALSE,FALSE,FALSE,FALSE,FALSE,FALSE,FALSE,FALSE,FALSE,FALSE,FALSE,FALSE,FALSE,FALSE,FALSE,FALSE,FALSE,FALSE,FALSE,FALSE,FALSE,FALSE,FALSE,FALSE,FALSE,FALSE,FALSE,FALSE,FALSE,FALSE,FALSE,FALSE,FALSE,FALSE,FALSE,FALSE,FALSE,FALSE,FALSE,FALSE,FALSE,FALSE,FALSE,FALSE,FALSE,FALSE,FALSE,FALSE,FALSE,FALSE,FALSE,FALSE,FALSE,FALSE,FALSE,FALSE,FALSE,FALSE,FALSE,FALSE,FALSE,FALSE,FALSE,FALSE,FALSE,FALSE,FALSE,FALSE,FALSE,FALSE,FALSE,FALSE,FALSE,FALSE,FALSE,FALSE,FALSE,FALSE
"14 Before",2023-07-14 09:00:19.33,"2023-07-14","9H 0M 19.33S","Before","Aurora","V0333","Flow Core",1938,311,486,652,420,290,406,351,430,245,325,328,494,873,583,1115,184,184,280,342,254,189,220,194,261,397,265,295,247,219,218,282,517,312,557,557,157,157,988,444,465,449,455,289,544,442,690,514,318,399,653,620,203,329,386,313,240,339,582,257,-20,0,20.6,39.9,1.15,1.09,0.91,1.09,6.63,5.35,2.48,2.64,2.64,2.84,2.96,2.9,2.94,2.92,2.86,2.79,2.7,3.05,2.92,5.45,3.04,3.48,2.23,1.99,1.86,1.68,1.77,1.68,1.63,1.57,1.74,1.74,1.45,1.4,1.3,1.4,2.32,5.59,2.67,2.29,4,4.22,2.82,2.55,2.36,2.24,2.22,2.11,2.04,2.01,2.25,2.18,2.24,2.72,3.63,6.11,1.49,1.92,1.77,1.58,1.58,2.43,2.83,4.04,126979.718226086,769578.688407943,674166.724879494,608985.480246361,660381.939801639,1016420.07503019,1432479.54572381,873105.616614198,1385068.24364483,1638915.21673763,884888.108853201,451996.550032809,436180.694850752,1522566.73699948,1909998.78189706,2359133.14200834,1988975.30086634,2003388.2968956,468866.915018741,1090954.4890787,1231630.66903187,1205500.93261317,1146393.50581451,840146.75931738,963385.465910095,1036075.5596431,1261556.94762267,2148563.2641137,1025390.10709403,507291.107572884,502987.761775599,1260436.59703504,1822423.31482825,1370266.01930232,2010727.09121287,2056101.40225528,1952770.37871287,1971737.849517,144541.945454245,136137.603575094,276686.082061256,487515.886142861,700548.733825201,882186.775202059,615383.396468768,457096.163598296,387688.213104935,250743.146354573,340520.067858372,576528.429013425,615084.054622513,991147.295378733,374864.592216462,518425.572826827,410350.392675883,352555.237651528,654156.861232462,941660.796667006,1296548.54829119,934828.794391182,TRUE,FALSE,FALSE,FALSE,FALSE,FALSE,FALSE,FALSE,FALSE,FALSE,FALSE,FALSE,FALSE,FALSE,FALSE,FALSE,FALSE,FALSE,FALSE,FALSE,FALSE,FALSE,FALSE,FALSE,FALSE,FALSE,FALSE,FALSE,FALSE,FALSE,FALSE,FALSE,FALSE,FALSE,FALSE,FALSE,FALSE,FALSE,FALSE,FALSE,FALSE,FALSE,FALSE,FALSE,FALSE,FALSE,FALSE,FALSE,TRUE,FALSE,FALSE,FALSE,FALSE,FALSE,FALSE,FALSE,FALSE,FALSE,FALSE,FALSE,FALSE,FALSE,FALSE,FALSE,FALSE,FALSE,FALSE,FALSE,FALSE,FALSE,FALSE,FALSE,FALSE,FALSE,FALSE,FALSE,FALSE,FALSE,FALSE,FALSE,FALSE,FALSE,FALSE,FALSE,FALSE,FALSE,FALSE,FALSE,FALSE,FALSE,FALSE,FALSE,FALSE,FALSE,FALSE,FALSE,FALSE,FALSE,FALSE,FALSE,FALSE,FALSE,FALSE,FALSE,FALSE,FALSE,FALSE,FALSE,FALSE,FALSE,FALSE,FALSE,FALSE,FALSE
"12 After",2023-07-12 09:44:12.61,"2023-07-12","9H 44M 12.61S","After","Aurora","V0333","Flow Core",1938,311,486,652,420,290,406,351,430,245,325,328,494,873,583,1115,184,184,280,342,254,189,220,194,261,397,265,295,247,219,218,282,517,312,557,557,157,157,988,444,465,449,455,289,544,442,690,514,318,399,653,620,203,329,386,313,240,339,582,257,-20,0,20.6,39.9,1.15,1.09,0.91,1.09,6.36,5.05,2.74,2.89,2.94,3.09,3.26,3.23,3.21,3.15,3.12,3.07,3.12,3.44,2.77,5.16,3,3.45,2.35,2.05,1.92,1.77,1.86,1.72,1.64,1.68,1.8,1.79,1.53,1.46,1.32,1.26,1.77,4.55,1.44,0.76,2.76,3.16,3.74,3.59,3.48,3.32,3.25,3.04,2.96,2.94,3.07,3.1,3.17,3.19,3.89,5.96,1.6,2.03,1.9,1.7,1.77,2.59,3.01,4.05,119719.341321392,743459.882453058,654102.58502003,590237.038031666,642683.824105913,990730.780033738,1389624.88661694,850012.281655689,1337610.15889095,1573343.69987102,862899.546232483,440449.749222687,420588.265699954,1453530.31773806,1848883.34215997,2234381.38575894,2014186.17445992,2008697.32848466,473844.814471261,1098345.19868276,1238593.5675114,1214967.46180188,1155509.69680907,844303.582980763,970169.481160795,1043576.91725144,1249929.62777678,2117419.02826074,1026672.69078046,514658.415819472,509895.500986155,1264673.03870903,1824427.57587175,1373210.9789083,1981805.11377203,1995182.55588197,1972308.76179648,1966293.37776476,142897.874706647,135094.932765594,278104.270478297,489353.516412976,698234.16831278,877493.04058903,622875.528784413,462647.37286866,393703.289877758,254311.119889156,344564.459508843,582603.530096408,621762.532866301,1000089.34501909,394683.975940656,538016.884398449,426899.511640527,365829.759567438,666579.729326541,954899.494853633,1311819.22598846,945888.880931776,TRUE,FALSE,FALSE,FALSE,FALSE,FALSE,FALSE,FALSE,FALSE,FALSE,FALSE,FALSE,FALSE,FALSE,FALSE,FALSE,FALSE,FALSE,FALSE,FALSE,FALSE,FALSE,FALSE,FALSE,FALSE,FALSE,FALSE,FALSE,FALSE,FALSE,FALSE,FALSE,FALSE,FALSE,FALSE,FALSE,FALSE,FALSE,FALSE,FALSE,FALSE,FALSE,FALSE,FALSE,FALSE,FALSE,FALSE,FALSE,FALSE,FALSE,FALSE,FALSE,FALSE,FALSE,FALSE,FALSE,FALSE,FALSE,FALSE,FALSE,FALSE,FALSE,FALSE,FALSE,FALSE,FALSE,FALSE,FALSE,FALSE,FALSE,FALSE,FALSE,FALSE,FALSE,FALSE,FALSE,FALSE,FALSE,FALSE,FALSE,FALSE,FALSE,FALSE,FALSE,FALSE,FALSE,FALSE,FALSE,FALSE,FALSE,FALSE,FALSE,FALSE,FALSE,FALSE,FALSE,FALSE,FALSE,FALSE,FALSE,FALSE,FALSE,FALSE,FALSE,FALSE,FALSE,FALSE,FALSE,FALSE,FALSE,FALSE,FALSE,FALSE,FALSE
"12 Before",2023-07-12 09:30:52.5,"2023-07-12","9H 30M 52.5S","Before","Aurora","V0333","Flow Core",1898,309,484,650,420,289,405,349,427,243,323,325,488,860,579,1106,184,184,278,343,255,189,220,195,262,394,263,296,245,217,215,283,523,318,543,543,162,162,1001,451,475,457,463,294,555,450,701,524,324,408,671,642,203,328,386,314,241,340,587,261,-19.975,0,20.675,39.9,1.15,1.09,0.9,1.09,6.78,5.35,2.63,2.69,2.74,2.91,3.07,3.01,3.02,2.98,2.92,2.89,3.02,3.57,3.15,5.71,3.06,3.55,2.3,1.93,1.83,1.69,1.76,1.62,1.57,1.63,1.73,1.69,1.44,1.38,1.27,1.34,2.16,5.23,1.57,0.71,1.69,1.86,2.89,2.56,2.34,2.27,2.29,2.19,2.06,2.04,2.26,2.18,2.21,2.19,3.13,5.2,1.46,1.89,1.74,1.53,1.52,2.35,2.76,3.86,117404.816960161,756846.463946451,661679.349870583,593468.889671108,659380.875351006,1005956.01231969,1423911.11451646,860772.265005371,1359631.54851113,1618410.60571164,880519.71851556,449375.220593239,422222.250211985,1440594.03309181,1862334.11154088,2232835.33278161,2013074.97442288,2021551.78977529,473340.731808607,1102974.28821769,1251781.81667411,1219721.73232381,1161262.51005434,845719.896075829,980984.436858141,1043909.21659478,1267570.85347722,2161545.21679659,1015630.07572429,510748.304761101,504989.721421779,1269552.99263278,1853542.54421753,1399452.60665514,1931855.63969045,1945327.74087534,2061943.6852702,2066427.60424246,149618.037309624,140145.070115972,288165.706326793,509421.835718051,732484.396612199,918288.80444202,643794.144792313,486203.272559292,408296.507270695,262929.587755472,358014.763088293,605461.921173363,647159.161286266,1053887.90129356,372642.926996075,517342.205645214,409165.665331472,351993.039696131,656694.68686721,947352.640851808,1307558.5754659,951917.444948248,TRUE,FALSE,FALSE,FALSE,FALSE,FALSE,FALSE,FALSE,FALSE,FALSE,FALSE,FALSE,FALSE,FALSE,FALSE,FALSE,FALSE,FALSE,FALSE,FALSE,FALSE,FALSE,FALSE,FALSE,FALSE,FALSE,FALSE,FALSE,FALSE,FALSE,FALSE,FALSE,FALSE,FALSE,FALSE,FALSE,FALSE,FALSE,FALSE,FALSE,FALSE,FALSE,FALSE,FALSE,FALSE,FALSE,FALSE,FALSE,FALSE,FALSE,FALSE,FALSE,FALSE,FALSE,FALSE,FALSE,FALSE,FALSE,FALSE,FALSE,FALSE,FALSE,FALSE,FALSE,FALSE,FALSE,FALSE,FALSE,FALSE,FALSE,FALSE,FALSE,FALSE,FALSE,FALSE,FALSE,FALSE,FALSE,FALSE,FALSE,FALSE,FALSE,FALSE,FALSE,FALSE,FALSE,FALSE,FALSE,FALSE,FALSE,FALSE,FALSE,FALSE,FALSE,FALSE,FALSE,FALSE,FALSE,FALSE,FALSE,FALSE,FALSE,FALSE,FALSE,FALSE,FALSE,FALSE,FALSE,FALSE,FALSE,FALSE,FALSE,FALSE,FALSE
"11 After",2023-07-11 12:47:20.43,"2023-07-11","12H 47M 20.43S","After","Aurora","V0333","Flow Core",1898,309,484,650,420,289,405,349,427,243,323,325,488,860,579,1106,184,184,278,343,255,189,220,195,262,394,263,296,245,217,215,283,523,318,543,543,162,162,1001,451,475,457,463,294,555,450,701,524,324,408,671,642,203,328,386,314,241,340,587,261,-19.975,0,20.675,39.9,1.15,1.09,0.9,1.09,6.24,5.08,2.6,2.7,2.84,2.94,3.1,3.07,2.95,2.91,2.9,2.84,2.56,2,2.33,4.13,3.29,3.83,2.38,1.95,1.86,1.8,1.77,1.63,1.58,1.65,1.76,1.71,1.45,1.35,1.36,1.26,1.88,4.43,2.91,2.94,3.03,3.64,2.34,1.76,1.62,1.62,1.55,1.59,1.56,1.37,1.57,1.67,1.56,1.8,2.67,4.52,1.56,2.07,1.87,1.7,1.73,2.66,3.11,3.79,122756.111930688,750763.237617253,659497.090134827,594801.583377544,655394.588090337,998952.28235448,1416833.35087798,856656.229795237,1351884.4890874,1591510.18507014,881800.266864965,450854.908148825,431873.634490164,1514065.92770185,1908558.90608516,2356219.17802594,2001497.25104167,1994880.49525166,467664.289564433,1090899.01014229,1239602.77468257,1211428.7737847,1148628.88112708,834874.48374842,972469.509560516,1031315.98661452,1236699.14685914,2100776.52414329,1015403.99902414,512119.014278547,504607.696318938,1257928.85311921,1826376.27027629,1376821.19845575,1972709.40833333,1965936.78896891,1991892.66770833,1977657.80842692,144547.914450751,135329.317676397,277086.826852517,488636.320824639,697478.713455996,873793.017701387,622559.606820024,470469.716305776,397001.837837563,254721.967216893,346295.612574387,585180.546190584,623508.757488563,1011795.2824082,386588.050008426,529967.615098789,418849.901356061,358919.927322778,658929.084922357,945197.546897016,1299645.56850179,941260.90820957,TRUE,FALSE,FALSE,FALSE,FALSE,FALSE,FALSE,FALSE,FALSE,FALSE,FALSE,FALSE,FALSE,FALSE,FALSE,FALSE,FALSE,FALSE,FALSE,FALSE,FALSE,FALSE,FALSE,FALSE,FALSE,FALSE,FALSE,FALSE,FALSE,FALSE,FALSE,FALSE,FALSE,FALSE,FALSE,FALSE,FALSE,FALSE,FALSE,FALSE,FALSE,FALSE,FALSE,FALSE,FALSE,FALSE,FALSE,FALSE,FALSE,FALSE,FALSE,FALSE,FALSE,FALSE,FALSE,FALSE,FALSE,FALSE,FALSE,FALSE,FALSE,FALSE,FALSE,FALSE,FALSE,FALSE,FALSE,FALSE,FALSE,FALSE,FALSE,FALSE,FALSE,FALSE,FALSE,FALSE,FALSE,FALSE,FALSE,FALSE,FALSE,FALSE,FALSE,FALSE,FALSE,FALSE,FALSE,FALSE,FALSE,FALSE,FALSE,FALSE,FALSE,FALSE,FALSE,FALSE,FALSE,FALSE,FALSE,FALSE,FALSE,FALSE,FALSE,FALSE,FALSE,FALSE,FALSE,FALSE,FALSE,FALSE,FALSE,FALSE,FALSE,FALSE
"11 Before",2023-07-11 12:42:28.8,"2023-07-11","12H 42M 28.8S","Before","Aurora","V0333","Flow Core",1980,335,532,721,460,318,445,380,463,259,340,344,530,951,646,1278,182,182,282,341,251,187,220,192,253,393,263,288,236,213,219,291,535,331,566,566,159,159,976,432,457,437,437,279,525,427,665,501,320,407,686,677,192,302,358,298,241,349,617,281,-20,0,20.65,39.925,1.16,1.1,0.93,1.09,6.01,5.06,2.67,2.86,3.1,3.23,3.32,3.38,3.36,3.21,3.16,3.15,2.83,2.06,2.14,4.24,3.36,3.82,2.32,1.88,1.83,1.74,1.74,1.61,1.67,1.62,1.77,1.67,1.5,1.47,1.33,1.29,1.8,4.69,2.87,2.89,3.02,3.53,2.29,1.84,1.58,1.47,1.51,1.45,1.39,1.37,1.68,1.56,1.48,1.76,2.63,4.73,1.45,2.02,1.96,1.76,1.72,2.56,3.15,4.16,126301.298729549,797706.64948627,707125.326475134,636890.585989701,695583.819841278,1069502.28653797,1501126.09490675,902784.57636454,1419193.02137475,1638632.41035208,907970.671482824,459275.886066771,449979.51500688,1606267.25425197,2055511.64265315,2584614.85284162,1950316.34375,1969324.80911435,471450.493268967,1066273.25726625,1202084.67011362,1189292.60694141,1136193.26075753,811824.977713829,925086.976764502,1017849.2897036,1218381.73403019,2029649.32037407,969888.720292558,493543.70948738,508279.771751954,1271123.39304432,1837485.33103058,1421231.26734052,2043289.45023148,2096212.71931062,1933982.78125,1955445.04030913,140674.023103572,127606.902337952,267616.563271458,459043.565294862,653751.778125551,828419.113179198,586806.385513824,437982.32030761,376727.570935031,243235.926909831,338423.703610376,581329.036392413,633337.760537557,1067721.93814851,371889.639022509,497194.812311987,395632.02281104,341460.424026451,666675.559577452,977371.074258446,1380093.29419373,1025373.69297681,TRUE,FALSE,FALSE,FALSE,FALSE,FALSE,FALSE,FALSE,FALSE,FALSE,FALSE,FALSE,FALSE,FALSE,FALSE,FALSE,FALSE,FALSE,FALSE,FALSE,FALSE,FALSE,FALSE,FALSE,FALSE,FALSE,FALSE,FALSE,FALSE,FALSE,FALSE,FALSE,FALSE,FALSE,FALSE,FALSE,FALSE,FALSE,FALSE,FALSE,FALSE,FALSE,FALSE,FALSE,FALSE,FALSE,FALSE,FALSE,FALSE,FALSE,FALSE,FALSE,FALSE,FALSE,FALSE,FALSE,FALSE,TRUE,FALSE,FALSE,FALSE,FALSE,FALSE,FALSE,FALSE,FALSE,FALSE,FALSE,FALSE,FALSE,FALSE,FALSE,FALSE,FALSE,FALSE,FALSE,FALSE,FALSE,FALSE,FALSE,FALSE,FALSE,FALSE,FALSE,FALSE,FALSE,FALSE,FALSE,FALSE,FALSE,FALSE,FALSE,FALSE,FALSE,FALSE,FALSE,FALSE,FALSE,FALSE,FALSE,FALSE,FALSE,FALSE,FALSE,FALSE,FALSE,FALSE,FALSE,FALSE,FALSE,FALSE,FALSE,FALSE,FALSE
"10 After",2023-07-10 09:40:07.75,"2023-07-10","9H 40M 7.75S","After","Aurora","V0333","Flow Core",1980,335,532,721,460,318,445,380,463,259,340,344,530,951,646,1278,182,182,282,341,251,187,220,192,253,393,263,288,236,213,219,291,535,331,566,566,159,159,976,432,457,437,437,279,525,427,665,501,320,407,686,677,192,302,358,298,241,349,617,281,-20,0,20.65,39.925,1.16,1.1,0.93,1.09,6.33,5.26,2.39,2.52,2.54,2.72,2.88,2.89,2.85,2.84,2.8,2.76,2.81,2.67,2.28,4.62,3.08,3.48,2.03,2.05,1.97,1.65,1.76,1.71,1.59,1.54,1.7,1.78,1.49,1.45,1.3,1.26,1.76,4.12,2.83,2.12,1.17,2.11,2.29,1.87,1.69,1.68,1.73,1.75,1.62,1.62,1.8,1.74,1.6,1.68,2.31,3.65,1.67,2.17,2.07,1.8,1.73,2.56,2.94,3.85,127461.552619377,766628.745207758,681070.839797501,620265.456001971,671358.039779877,1025040.86972103,1441392.2597766,866829.175106627,1364370.41849786,1576338.74664025,871182.522029596,440818.358233772,438550.00859387,1596461.22357396,2022222.92969807,2617370.29152273,2009797.56445055,2008630.11300654,477752.416295487,1088336.72208753,1245679.00489605,1225054.95939705,1149449.6053259,841966.60563278,964794.336238817,1024735.15359651,1229835.3880623,2093597.29663965,1001828.74979463,497216.574599207,505129.563663474,1299899.08736951,1915373.47063281,1508652.94306013,1990426.86549451,2009879.81384766,1997263.55082418,1992845.91286969,147093.074910542,133668.272021398,279222.157815196,478134.495270457,681600.411616377,864428.078524609,608793.011854393,456013.741342705,391215.459500202,252877.839280964,352468.086665602,605461.13966583,660521.527195769,1110314.95130963,373755.447145221,503643.337296677,401064.470674735,346901.546460602,678425.037091203,995452.209842603,1406877.56518898,1047867.2580267,TRUE,FALSE,FALSE,FALSE,FALSE,FALSE,FALSE,FALSE,FALSE,FALSE,FALSE,FALSE,FALSE,FALSE,FALSE,FALSE,FALSE,FALSE,FALSE,FALSE,FALSE,FALSE,FALSE,FALSE,FALSE,FALSE,FALSE,FALSE,FALSE,FALSE,FALSE,FALSE,FALSE,FALSE,FALSE,FALSE,FALSE,FALSE,FALSE,FALSE,FALSE,FALSE,FALSE,FALSE,FALSE,FALSE,FALSE,FALSE,FALSE,FALSE,FALSE,FALSE,FALSE,FALSE,FALSE,FALSE,FALSE,TRUE,FALSE,FALSE,FALSE,FALSE,FALSE,FALSE,FALSE,FALSE,FALSE,FALSE,FALSE,FALSE,FALSE,FALSE,FALSE,FALSE,FALSE,FALSE,FALSE,FALSE,FALSE,FALSE,FALSE,FALSE,FALSE,FALSE,FALSE,FALSE,FALSE,FALSE,FALSE,FALSE,FALSE,FALSE,FALSE,FALSE,FALSE,FALSE,FALSE,FALSE,FALSE,FALSE,FALSE,FALSE,FALSE,FALSE,FALSE,FALSE,FALSE,FALSE,FALSE,FALSE,FALSE,FALSE,FALSE,FALSE
"10 Before",2023-07-10 09:30:41.97,"2023-07-10","9H 30M 41.97S","Before","Aurora","V0333","Flow Core",1741,325,507,677,440,308,427,366,449,256,328,330,488,837,584,1080,182,182,279,338,252,188,217,192,256,386,261,294,237,210,213,283,522,326,548,548,161,161,981,439,462,451,451,291,537,432,670,506,320,406,676,669,185,294,350,291,232,336,586,268,-20.025,0,20.6,39.9,1.16,1.11,0.94,1.09,6.29,5.32,2.55,2.67,2.75,2.93,3.1,3.06,3.04,3.01,3.06,3.1,2.94,2.48,2.26,4.16,3.11,3.57,2.07,2.05,1.95,1.62,1.73,1.67,1.57,1.54,1.75,1.81,1.73,1.78,1.25,1.58,2.43,5.57,3.54,2.7,1.17,1.99,2.11,1.69,1.57,1.69,1.74,1.76,1.82,1.94,2.06,1.82,1.55,1.94,2.83,4.68,2.51,3.18,3.02,2.33,1.71,2.82,3.6,4.81,104542.248307959,737667.863398018,648648.178180153,581212.76589125,632426.618779466,987695.453896556,1379250.24628551,832692.371617113,1338615.57931849,1598349.25707177,829298.718833599,422640.025416706,394917.611394876,1335370.86315721,1762424.80834708,2047802.20670452,2008670.23634366,2015273.55845956,474085.047298752,1093402.99429075,1261768.22046261,1227676.15766454,1134970.13477846,845079.206034282,977071.800100032,1029942.23790389,1268672.63179875,2225928.01197492,1010283.51046257,494492.767922166,489204.275424466,1264435.83794206,1863276.65073165,1453510.35155121,1933206.81979908,1960339.9588039,2016765.35747175,2032762.25722694,148908.490706679,138973.552096452,283410.334014454,511232.99726797,732131.749128881,934699.680482507,640573.422449277,471955.250108694,396629.747914427,255830.23506679,354817.1816901,603986.149059596,649572.007155662,1082695.45478519,344362.203644034,482443.438084258,381062.731553385,331000.65434681,646850.319588927,949089.385534603,1318905.42533796,976721.449173797,TRUE,FALSE,FALSE,FALSE,FALSE,FALSE,FALSE,FALSE,FALSE,FALSE,FALSE,FALSE,FALSE,FALSE,FALSE,FALSE,FALSE,FALSE,FALSE,FALSE,FALSE,FALSE,FALSE,FALSE,FALSE,FALSE,FALSE,FALSE,FALSE,FALSE,FALSE,FALSE,FALSE,FALSE,FALSE,FALSE,FALSE,FALSE,FALSE,FALSE,FALSE,FALSE,FALSE,FALSE,FALSE,FALSE,FALSE,FALSE,FALSE,FALSE,FALSE,FALSE,FALSE,FALSE,FALSE,FALSE,FALSE,FALSE,FALSE,FALSE,FALSE,FALSE,FALSE,FALSE,FALSE,FALSE,FALSE,FALSE,FALSE,FALSE,FALSE,FALSE,FALSE,FALSE,FALSE,FALSE,FALSE,FALSE,FALSE,FALSE,FALSE,FALSE,FALSE,FALSE,FALSE,FALSE,FALSE,FALSE,FALSE,FALSE,FALSE,FALSE,FALSE,FALSE,FALSE,FALSE,FALSE,FALSE,FALSE,FALSE,FALSE,FALSE,FALSE,FALSE,FALSE,FALSE,FALSE,FALSE,FALSE,FALSE,FALSE,FALSE,FALSE,FALSE
"07 After",2023-07-07 10:01:09.4,"2023-07-07","10H 1M 9.4S","After","Aurora","V0333","Flow Core",1741,325,507,677,440,308,427,366,449,256,328,330,488,837,584,1080,182,182,279,338,252,188,217,192,256,386,261,294,237,210,213,283,522,326,548,548,161,161,981,439,462,451,451,291,537,432,670,506,320,406,676,669,185,294,350,291,232,336,586,268,-20.025,0,20.55,39.8,1.16,1.11,0.94,1.09,6.28,5.48,2.18,2.32,2.37,2.52,2.7,2.72,2.72,2.67,2.69,2.69,2.54,2.62,2.65,5.46,3.22,3.63,2.44,2.09,1.96,1.82,1.9,1.76,1.7,1.76,1.85,1.8,1.69,1.72,1.37,1.46,1.99,4.57,1.5,1.13,4.35,4.82,3.76,3.57,3.48,3.32,3.19,2.93,2.91,3,3.11,3.09,3.16,3.5,4.14,6.15,2,2.55,2.46,1.98,1.94,3.01,3.6,4.71,107141.017060853,728793.040772464,645305.953282885,579967.487714838,628735.849159941,978970.155895747,1376604.27223613,831485.155267335,1325291.37825364,1544769.19685542,839732.020989797,430830.157577787,403769.955222732,1367403.03874952,1770067.19434285,2040086.39866035,1976492.2028216,1968727.58769652,469006.258939141,1077484.09736466,1231126.25017428,1199380.0901425,1128133.57289577,830740.572438333,954061.605352552,1020871.6239761,1219978.3406924,2114538.70819517,1001966.97259891,504484.366704231,498601.148947917,1240602.88442113,1797213.38348166,1351953.9433731,1948481.20668993,1973358.72503158,1950683.57615291,1946840.83916034,142804.549466516,133420.497424574,274817.993084346,490020.736427193,687828.264592818,874922.674448377,628272.090084369,463877.537143755,391151.679864664,251712.979366093,342314.26963273,580035.398571669,616235.796210069,1002013.63046814,384878.119704366,525147.150761407,416941.030014419,354538.429541108,652482.4547886,939352.079497499,1283376.54383821,929325.959850524,TRUE,FALSE,FALSE,FALSE,FALSE,FALSE,FALSE,FALSE,FALSE,FALSE,FALSE,FALSE,FALSE,FALSE,FALSE,FALSE,FALSE,FALSE,FALSE,FALSE,FALSE,FALSE,FALSE,FALSE,FALSE,FALSE,FALSE,FALSE,FALSE,FALSE,FALSE,FALSE,FALSE,FALSE,FALSE,FALSE,FALSE,FALSE,FALSE,FALSE,FALSE,FALSE,FALSE,FALSE,FALSE,FALSE,FALSE,FALSE,TRUE,FALSE,FALSE,FALSE,FALSE,FALSE,FALSE,FALSE,FALSE,FALSE,FALSE,FALSE,FALSE,FALSE,FALSE,FALSE,FALSE,FALSE,FALSE,FALSE,FALSE,FALSE,FALSE,FALSE,FALSE,FALSE,FALSE,FALSE,FALSE,FALSE,FALSE,FALSE,FALSE,FALSE,FALSE,FALSE,FALSE,FALSE,FALSE,FALSE,FALSE,FALSE,FALSE,FALSE,FALSE,FALSE,FALSE,FALSE,FALSE,FALSE,FALSE,FALSE,FALSE,FALSE,FALSE,FALSE,FALSE,FALSE,FALSE,FALSE,FALSE,FALSE,FALSE,FALSE,FALSE,FALSE
"07 Before",2023-07-07 09:50:20.97,"2023-07-07","9H 50M 20.97S","Before","Aurora","V0333","Flow Core",1876,328,508,682,444,306,429,368,451,259,333,338,501,867,597,1117,182,182,282,341,252,188,219,191,254,396,266,293,238,215,217,279,511,309,547,547,159,159,975,444,466,452,457,295,547,438,673,508,317,402,660,641,191,308,367,297,232,332,574,258,-20.025,0,20.6,39.9,1.16,1.11,0.93,1.09,6.6,5.56,2.16,2.21,2.25,2.44,2.63,2.62,2.62,2.55,2.61,2.65,2.45,2.74,2.85,5.84,3.17,3.57,2.42,2.07,1.91,1.76,1.87,1.73,1.66,1.74,1.8,1.76,1.66,1.71,1.33,1.48,2.05,4.62,1.51,1.1,4.23,4.71,3.75,3.57,3.46,3.28,3.13,2.93,2.92,2.98,3.12,3.08,3.14,3.44,4.14,6.21,2.02,2.55,2.43,1.98,1.97,3.06,3.7,4.92,101361.117341712,718004.725080689,631226.800883378,562674.453453604,625114.01076012,966307.690911404,1349852.64452859,825107.923714011,1292351.01427041,1536594.46329766,841464.558828639,431560.09317488,389783.534992364,1266008.78630864,1687748.95509651,1853483.18458472,2014466.4275186,2006762.97849003,481535.910265743,1094478.45985036,1251221.66457304,1218199.95161903,1155877.66815994,837075.244218922,960012.768359444,1061254.63122102,1263656.6574735,2125397.74809338,1027575.33001749,522027.577773511,516795.076850006,1243389.33577651,1780935.13904535,1310440.77174469,1975856.2181597,1994431.30297223,1972084.84931311,1972551.39725698,145382.922742594,137549.906939191,283190.592902537,497797.485013884,707685.291268804,898462.860031952,649042.038109923,478296.877215635,397210.830133989,255844.278320684,344599.435493717,582813.51236249,612464.620041698,979825.633753599,397398.336338461,547729.816406268,441954.913437514,365009.361975199,656744.300293555,936667.267292066,1268478.34246494,905029.519590678,TRUE,FALSE,FALSE,FALSE,FALSE,FALSE,FALSE,FALSE,FALSE,FALSE,FALSE,FALSE,FALSE,FALSE,FALSE,FALSE,FALSE,FALSE,FALSE,FALSE,FALSE,FALSE,FALSE,FALSE,FALSE,FALSE,FALSE,FALSE,FALSE,FALSE,FALSE,FALSE,FALSE,FALSE,FALSE,FALSE,FALSE,FALSE,FALSE,FALSE,FALSE,FALSE,FALSE,FALSE,FALSE,FALSE,FALSE,FALSE,TRUE,FALSE,FALSE,FALSE,FALSE,FALSE,FALSE,FALSE,FALSE,FALSE,FALSE,FALSE,FALSE,FALSE,FALSE,FALSE,FALSE,FALSE,FALSE,FALSE,FALSE,FALSE,FALSE,FALSE,FALSE,FALSE,FALSE,FALSE,FALSE,FALSE,FALSE,FALSE,FALSE,FALSE,FALSE,FALSE,FALSE,FALSE,FALSE,FALSE,FALSE,FALSE,FALSE,FALSE,FALSE,FALSE,FALSE,FALSE,FALSE,FALSE,FALSE,FALSE,FALSE,FALSE,FALSE,FALSE,FALSE,FALSE,FALSE,FALSE,FALSE,FALSE,FALSE,FALSE,FALSE,FALSE
"06 After",2023-07-06 10:07:17.36,"2023-07-06","10H 7M 17.36S","After","Aurora","V0333","Flow Core",1876,328,508,682,444,306,429,368,451,259,333,338,501,867,597,1117,182,182,282,341,252,188,219,191,254,396,266,293,238,215,217,279,511,309,547,547,159,159,975,444,466,452,457,295,547,438,673,508,317,402,660,641,191,308,367,297,232,332,574,258,-20.025,0,20.6,39.9,1.16,1.11,0.93,1.09,6.9,5.27,2.28,2.36,2.48,2.65,2.82,2.84,2.8,2.78,2.75,2.7,2.79,3.11,2.76,5.57,3.2,3.59,2.15,2.1,1.97,1.69,1.82,1.73,1.62,1.6,1.79,1.85,1.51,1.44,1.34,1.27,1.76,3.92,1.59,1.33,4.37,4.74,3.8,3.63,3.54,3.35,3.24,3.03,3.02,3,3.15,3.16,3.23,3.49,4.04,5.98,1.57,2.04,1.9,1.69,1.82,2.67,3.09,3.99,116189.705079996,750073.470745301,662271.847443059,596137.077582172,653460.083781063,1002747.13735509,1405413.30446614,857222.940496741,1345231.58172216,1585019.93914094,870274.917754895,445366.968706063,422031.490863463,1451664.78269725,1865523.84890679,2216363.11753752,2008916.10223843,2003856.25976885,477802.953394725,1088982.20886454,1253923.81875063,1221211.82427679,1145760.76939961,838738.871308378,966185.471050014,1043821.93717115,1245281.70191333,2114682.33571999,1028338.36992097,512836.598273589,509449.992805983,1263036.58421934,1828094.44494876,1381988.54600554,1974030.10085513,1992741.43391354,1978533.52640845,1980941.62897155,146009.552436742,138072.969314856,281891.309236621,494947.769796287,704688.295226462,893861.884024425,643296.718360043,472933.401867402,394986.425849367,254572.858239234,349013.428701908,592638.39982005,625243.474093052,1016677.6090059,389712.937154261,532974.846676899,430588.733426109,359748.671592732,665417.638002358,955405.20110627,1303385.33263376,943533.142192943,TRUE,FALSE,FALSE,FALSE,FALSE,FALSE,FALSE,FALSE,FALSE,FALSE,FALSE,FALSE,FALSE,FALSE,FALSE,FALSE,FALSE,FALSE,FALSE,FALSE,FALSE,FALSE,FALSE,FALSE,FALSE,FALSE,FALSE,FALSE,FALSE,FALSE,FALSE,FALSE,FALSE,FALSE,FALSE,FALSE,FALSE,FALSE,FALSE,FALSE,FALSE,FALSE,FALSE,FALSE,FALSE,FALSE,FALSE,FALSE,FALSE,FALSE,FALSE,FALSE,FALSE,FALSE,FALSE,FALSE,FALSE,FALSE,FALSE,FALSE,FALSE,FALSE,FALSE,FALSE,FALSE,FALSE,FALSE,FALSE,FALSE,FALSE,FALSE,FALSE,FALSE,FALSE,FALSE,FALSE,FALSE,FALSE,FALSE,FALSE,FALSE,FALSE,FALSE,FALSE,FALSE,FALSE,FALSE,FALSE,FALSE,FALSE,FALSE,FALSE,FALSE,FALSE,FALSE,FALSE,FALSE,FALSE,FALSE,FALSE,FALSE,FALSE,FALSE,FALSE,FALSE,FALSE,FALSE,FALSE,FALSE,FALSE,FALSE,FALSE,FALSE,FALSE
"06 Before",2023-07-06 09:53:39.46,"2023-07-06","9H 53M 39.46S","Before","Aurora","V0333","Flow Core",1700,304,473,624,410,281,396,342,413,236,309,309,457,795,557,1032,183,183,284,343,252,186,222,193,253,391,264,293,234,214,221,292,528,321,569,569,161,161,984,438,461,446,444,287,534,428,668,503,321,407,677,663,196,312,366,303,240,347,606,273,-20.025,0,20.65,39.975,1.16,1.1,0.93,1.1,6.2,5.3,2.38,2.51,2.63,2.83,2.97,3.02,2.99,2.94,2.91,2.87,2.72,2.47,2.31,4.8,3.19,3.64,2.18,2.03,1.88,1.63,1.77,1.67,1.58,1.53,1.67,1.71,1.41,1.36,1.25,1.2,1.86,4.26,1.58,1.02,3.89,4.23,3.9,3.83,3.7,3.53,3.41,3.19,3.15,3.15,3.28,3.29,3.4,3.57,4.19,6.28,1.51,1.96,1.82,1.61,1.62,2.54,2.97,3.91,111573.721652923,712484.267905652,625123.085832714,555182.906861164,613228.094890097,936361.238981932,1327445.07705176,802908.134038999,1264424.93594005,1484903.39442333,802287.230583219,408101.966000888,390276.285086904,1357023.35244371,1776694.79038944,2109252.91483108,2007232.5320668,2011843.98551346,477606.446814674,1103776.08419456,1252200.80876879,1207580.46074714,1170692.49348872,851140.558525733,961644.573745364,1034266.43720116,1244893.78408533,2132641.05362971,1000662.17975785,509463.025982439,519477.561695438,1317538.96189402,1897565.3819325,1435498.59386118,2058431.67582285,2093821.40864886,2017395.4964908,2015926.81185759,145369.55751762,135416.527468976,276684.046933763,486676.702934492,684523.411910085,876302.096625023,618487.264112237,455752.250036469,391171.523830461,252704.080577375,352573.001486781,602155.541093788,640740.902426021,1061677.52806544,391911.97285296,529744.008653908,416935.482552562,362931.941188005,683451.069381222,995466.520900663,1383183.7863059,1008750.73910826,TRUE,FALSE,FALSE,FALSE,FALSE,FALSE,FALSE,FALSE,FALSE,FALSE,FALSE,FALSE,FALSE,FALSE,FALSE,FALSE,FALSE,FALSE,FALSE,FALSE,FALSE,FALSE,FALSE,FALSE,FALSE,FALSE,FALSE,FALSE,FALSE,FALSE,FALSE,FALSE,FALSE,FALSE,FALSE,FALSE,FALSE,FALSE,FALSE,FALSE,FALSE,FALSE,FALSE,FALSE,FALSE,FALSE,FALSE,FALSE,TRUE,FALSE,FALSE,FALSE,FALSE,FALSE,FALSE,FALSE,FALSE,FALSE,FALSE,FALSE,FALSE,FALSE,FALSE,FALSE,FALSE,FALSE,FALSE,FALSE,FALSE,FALSE,FALSE,FALSE,FALSE,FALSE,FALSE,FALSE,FALSE,FALSE,FALSE,FALSE,FALSE,FALSE,FALSE,FALSE,FALSE,FALSE,FALSE,FALSE,FALSE,FALSE,FALSE,FALSE,FALSE,FALSE,FALSE,FALSE,FALSE,FALSE,FALSE,FALSE,FALSE,FALSE,FALSE,FALSE,FALSE,FALSE,FALSE,FALSE,FALSE,FALSE,FALSE,FALSE,FALSE,FALSE
"05 after",2023-07-05 09:36:42.9,"2023-07-05","9H 36M 42.9S","After","Aurora","V0333","Flow Core",1700,304,473,624,410,281,396,342,413,236,309,309,457,795,557,1032,183,183,284,343,252,186,222,193,253,391,264,293,234,214,221,292,528,321,569,569,161,161,984,438,461,446,444,287,534,428,668,503,321,407,677,663,196,312,366,303,240,347,606,273,-20.025,0,20.65,39.975,1.16,1.1,0.93,1.1,6.35,5.32,2.65,2.76,2.79,2.95,3.13,3.1,3.05,2.98,2.98,2.94,3.03,3.07,2.5,4.84,3.1,3.54,2.07,2.13,2.12,1.79,1.87,1.85,1.73,1.6,1.75,1.83,1.58,1.49,1.33,1.23,1.63,3.95,2.65,2.02,1.27,2.41,2.46,2.06,1.86,1.82,1.88,1.82,1.74,1.72,1.93,1.85,1.7,1.75,2.46,3.84,1.75,2.29,2.17,1.88,1.85,2.67,3.05,3.99,106810.155699472,730490.702662672,643610.500185528,566415.256966514,633244.218150974,971906.314250241,1370967.63279456,830256.622266573,1298559.02440782,1529734.8746988,818007.26042583,415544.309597567,389491.485377082,1318781.51422899,1789264.63893154,2068210.73963422,2015726.88252457,2015292.61379035,480457.949492721,1099181.04711902,1257927.18504206,1224973.37430034,1161668.64914589,852340.461114945,974736.607519882,1030843.05095764,1232117.81832131,2125101.34745172,1005879.32474632,505861.152148032,507928.968528995,1296417.04986438,1900820.95648194,1486857.78884183,1997280.40202703,2017003.71949382,2001316.53900491,1995196.7267381,146530.982901302,136428.802374635,277972.195253537,489857.961965018,689370.568391643,880969.959008547,619759.195451911,454992.192908156,389223.368170267,252165.753165263,353257.716774387,605038.099404577,649357.400799504,1088410.11816556,378930.357529191,513602.918519749,405702.703768548,354111.198411511,675462.357927553,988752.567635938,1386735.61249231,1025210.07893744,TRUE,FALSE,FALSE,FALSE,FALSE,FALSE,FALSE,FALSE,FALSE,FALSE,FALSE,FALSE,FALSE,FALSE,FALSE,FALSE,FALSE,FALSE,FALSE,FALSE,FALSE,FALSE,FALSE,FALSE,FALSE,FALSE,FALSE,FALSE,FALSE,FALSE,FALSE,FALSE,FALSE,FALSE,FALSE,FALSE,FALSE,FALSE,FALSE,FALSE,FALSE,FALSE,FALSE,FALSE,FALSE,FALSE,FALSE,FALSE,FALSE,FALSE,FALSE,FALSE,FALSE,FALSE,FALSE,FALSE,FALSE,FALSE,FALSE,FALSE,FALSE,FALSE,FALSE,FALSE,FALSE,FALSE,FALSE,FALSE,FALSE,FALSE,FALSE,FALSE,FALSE,FALSE,FALSE,FALSE,FALSE,FALSE,FALSE,FALSE,FALSE,FALSE,FALSE,FALSE,FALSE,FALSE,FALSE,FALSE,FALSE,FALSE,FALSE,FALSE,FALSE,FALSE,FALSE,FALSE,FALSE,FALSE,FALSE,FALSE,FALSE,FALSE,FALSE,FALSE,FALSE,FALSE,FALSE,FALSE,FALSE,FALSE,FALSE,FALSE,FALSE,FALSE
"05 Before",2023-07-05 09:26:49.89,"2023-07-05","9H 26M 49.89S","Before","Aurora","V0333","Flow Core",1618,290,458,610,399,274,384,333,406,233,306,308,444,756,522,926,184,184,283,349,255,186,224,197,259,394,270,307,240,211,216,296,543,318,542,542,162,162,993,451,474,459,465,297,555,450,696,520,324,409,668,637,203,329,387,310,240,341,584,258,-19.95,0,20.725,39.95,1.15,1.09,0.9,1.1,6.12,5.31,2.78,2.97,2.96,3.05,3.19,3.11,2.93,2.84,2.71,2.62,2.89,3.93,3.63,6.68,3.02,3.49,2.08,2.09,2.06,1.72,1.8,1.77,1.66,1.58,1.75,1.82,1.67,1.7,1.3,1.42,2.01,4.71,3.41,2.65,1.19,2.11,2.13,1.72,1.6,1.69,1.72,1.76,1.81,1.9,2.02,1.82,1.49,1.74,2.55,4.27,2.39,3.02,2.89,2.26,1.75,2.71,3.37,4.47,96811.8548640698,694300.249197014,628996.784730554,566865.636060982,620013.58091933,955682.580142782,1341174.92989274,820609.538851393,1292037.87938109,1546448.58650072,825458.144806988,418839.838864358,379521.370098785,1232048.55343977,1646790.07767052,1773390.34415136,2035690.3432,2021948.98035787,477817.463168964,1107701.69623998,1264667.47931078,1215627.40545347,1169092.6048276,870091.392478978,986551.870304869,1035793.62959675,1289418.39666535,2297739.86535795,1032163.31364848,498968.539900883,494852.223009796,1306279.80821243,1944422.3107802,1431138.07885373,1912584.027,1890379.14217285,2028436.1635,2002614.0408495,149922.890029549,140269.719451936,286407.434587475,507813.185285597,732493.73171012,928918.093818868,640122.899052537,484521.590579302,405132.190953488,260279.366628672,353095.440002182,599321.842312195,632495.307576039,1016661.51568607,363310.916134635,512036.469870934,404678.331354972,342806.012252886,643464.091863769,923884.419875075,1261463.18853641,909569.769746489,TRUE,FALSE,FALSE,FALSE,FALSE,FALSE,FALSE,FALSE,FALSE,FALSE,FALSE,FALSE,FALSE,FALSE,FALSE,TRUE,FALSE,FALSE,FALSE,FALSE,FALSE,FALSE,FALSE,FALSE,FALSE,FALSE,FALSE,FALSE,FALSE,FALSE,FALSE,FALSE,FALSE,FALSE,FALSE,FALSE,FALSE,FALSE,FALSE,FALSE,FALSE,FALSE,FALSE,FALSE,FALSE,FALSE,FALSE,FALSE,FALSE,FALSE,FALSE,FALSE,FALSE,FALSE,FALSE,FALSE,FALSE,FALSE,FALSE,FALSE,FALSE,FALSE,FALSE,FALSE,FALSE,FALSE,FALSE,FALSE,FALSE,FALSE,FALSE,FALSE,FALSE,FALSE,FALSE,FALSE,FALSE,FALSE,FALSE,FALSE,FALSE,FALSE,FALSE,FALSE,FALSE,FALSE,FALSE,FALSE,FALSE,FALSE,FALSE,FALSE,FALSE,FALSE,FALSE,FALSE,FALSE,FALSE,FALSE,FALSE,FALSE,FALSE,FALSE,FALSE,FALSE,FALSE,FALSE,FALSE,FALSE,FALSE,FALSE,FALSE,FALSE,FALSE
"29 After",2023-06-29 09:37:28.47,"2023-06-29","9H 37M 28.47S","After","Aurora","V0333","Flow Core",1618,290,458,610,399,274,384,333,406,233,306,308,444,756,522,926,184,184,283,349,255,186,224,197,259,394,270,307,240,211,216,296,543,318,542,542,162,162,993,451,474,459,465,297,555,450,696,520,324,409,668,637,203,329,387,310,240,341,584,258,-19.95,0,20.725,39.95,1.15,1.09,0.9,1.1,6.39,4.6,2.08,2.14,2.19,2.35,2.49,2.49,2.48,2.51,2.46,2.38,2.59,3.42,3.04,5.4,2.83,3.26,1.84,1.79,1.92,1.74,1.61,1.59,1.62,1.55,1.6,1.64,1.46,1.39,1.22,1.09,1.52,4.18,2.49,2.61,2.91,3.35,2.13,1.77,1.54,1.5,1.51,1.5,1.39,1.33,1.57,1.54,1.49,1.74,2.4,4.13,1.38,1.74,1.66,1.47,1.54,2.27,2.7,3.57,99456.694814407,706562.960460131,625823.880365564,561269.56135029,618660.912928587,955205.92321998,1341145.27102967,821359.913208975,1281255.93464764,1526621.21203803,831793.652606419,422959.68802983,383444.814673351,1249535.26350419,1671497.90799576,1819900.29187745,2010685.87713437,2008647.39788032,478390.847007995,1095831.31415439,1248895.3741029,1219831.90942633,1156103.09107144,846620.994206903,970729.211565455,1042388.1302931,1250315.35462933,2164996.74987839,1031761.00781054,516431.594504668,510748.289476129,1276060.78597365,1859276.98021588,1384355.2581873,1989645.97327394,1982560.95715812,2002536.68234967,1988841.75644514,145532.898224297,136414.67284074,278968.636092397,489984.665444562,699112.742063244,887841.603461926,625527.045183721,471024.690229452,396166.954788616,254939.346305752,346199.877318344,588752.359409275,623707.092502852,1010218.06783674,389275.88438262,531446.384308077,420861.942077349,356242.385815245,659556.343949246,948921.000053517,1298704.30310007,940688.631984847,TRUE,FALSE,FALSE,FALSE,FALSE,FALSE,FALSE,FALSE,FALSE,FALSE,FALSE,FALSE,FALSE,FALSE,FALSE,FALSE,FALSE,FALSE,FALSE,FALSE,FALSE,FALSE,FALSE,FALSE,FALSE,FALSE,FALSE,FALSE,FALSE,FALSE,FALSE,FALSE,FALSE,FALSE,FALSE,FALSE,FALSE,FALSE,FALSE,FALSE,FALSE,FALSE,FALSE,FALSE,FALSE,FALSE,FALSE,FALSE,FALSE,FALSE,FALSE,FALSE,FALSE,FALSE,FALSE,FALSE,FALSE,FALSE,FALSE,FALSE,FALSE,FALSE,FALSE,FALSE,FALSE,FALSE,FALSE,FALSE,FALSE,FALSE,FALSE,FALSE,FALSE,FALSE,FALSE,FALSE,FALSE,FALSE,FALSE,FALSE,FALSE,FALSE,FALSE,FALSE,FALSE,FALSE,FALSE,FALSE,FALSE,FALSE,FALSE,FALSE,FALSE,FALSE,FALSE,FALSE,FALSE,FALSE,FALSE,FALSE,FALSE,FALSE,FALSE,FALSE,FALSE,FALSE,FALSE,FALSE,FALSE,FALSE,FALSE,FALSE,FALSE,FALSE
"29 Before",2023-06-29 09:27:40.99,"2023-06-29","9H 27M 40.99S","Before","Aurora","V0333","Flow Core",1747,314,503,672,434,300,420,363,443,253,329,335,487,821,569,1018,183,183,282,347,253,186,222,196,256,391,267,303,240,209,214,294,538,316,541,541,165,165,1005,451,480,458,463,298,555,452,696,529,324,408,670,642,201,324,384,309,238,338,578,255,-19.925,0,20.65,39.8,1.15,1.1,0.91,1.09,6.21,5.25,2.14,2.18,2.16,2.26,2.43,2.4,2.43,2.38,2.35,2.31,2.48,2.91,2.87,5.02,2.74,3.22,1.9,1.92,2.1,1.79,1.67,1.7,1.75,1.57,1.63,1.67,1.57,1.46,1.26,1.24,1.8,5.07,2.41,2.06,3.25,3.43,2.32,2.04,1.81,1.75,1.74,1.67,1.61,1.52,1.73,1.76,1.75,2.11,2.93,5.18,1.49,1.87,1.76,1.53,1.53,2.3,2.76,3.82,109213.399070192,772581.987500113,700231.371085617,620914.901757896,683644.167395231,1060176.7319757,1495073.89299823,909334.149535789,1420591.04680953,1683377.02928164,899966.170327472,465724.526619326,422595.924594486,1369528.67470889,1814822.90894278,1983309.15664791,1983778.53614905,2002211.36391408,477585.81112512,1103168.87308752,1253544.94280105,1226332.22532774,1143877.67224646,848031.574365478,975212.822209694,1039115.56170054,1230823.68431152,2150183.27097447,1050119.30658852,515741.477976254,502135.715127851,1260310.19443322,1820302.17005119,1388863.69590137,1970295.4253266,2013737.54475196,2051177.07036817,2081126.78408068,150422.579916512,140588.214490127,290692.362986908,503270.895584943,718501.106888142,911425.912332215,640825.139630235,483023.286063427,406739.800397028,266468.141218861,355258.138971219,600265.663861618,639770.933326901,1044016.46130797,393334.642197625,535413.338551402,429304.42736872,363488.905731614,666972.383104942,959570.619763518,1317904.84479123,949949.433341836,TRUE,FALSE,FALSE,FALSE,FALSE,FALSE,FALSE,FALSE,FALSE,FALSE,FALSE,FALSE,FALSE,FALSE,FALSE,FALSE,FALSE,FALSE,FALSE,FALSE,FALSE,FALSE,FALSE,FALSE,FALSE,FALSE,FALSE,FALSE,FALSE,FALSE,FALSE,FALSE,FALSE,FALSE,FALSE,FALSE,FALSE,FALSE,FALSE,FALSE,FALSE,FALSE,FALSE,FALSE,FALSE,FALSE,FALSE,FALSE,FALSE,FALSE,FALSE,FALSE,FALSE,FALSE,FALSE,FALSE,FALSE,FALSE,FALSE,FALSE,FALSE,FALSE,FALSE,FALSE,FALSE,FALSE,FALSE,FALSE,FALSE,FALSE,FALSE,FALSE,FALSE,FALSE,FALSE,FALSE,FALSE,FALSE,FALSE,FALSE,FALSE,FALSE,FALSE,FALSE,FALSE,FALSE,FALSE,FALSE,FALSE,FALSE,FALSE,FALSE,FALSE,FALSE,FALSE,FALSE,FALSE,FALSE,FALSE,FALSE,FALSE,FALSE,FALSE,FALSE,FALSE,FALSE,FALSE,FALSE,FALSE,FALSE,FALSE,FALSE,FALSE,FALSE
"28 After",2023-06-28 10:58:13.81,"2023-06-28","10H 58M 13.81S","After","Aurora","V0333","Flow Core",2069,327,517,701,446,306,430,369,450,254,332,337,521,943,637,1248,184,184,281,345,256,186,221,197,257,384,261,297,237,208,214,297,551,334,550,550,157,157,990,439,463,446,446,287,536,439,674,514,322,409,676,662,200,316,374,307,243,348,606,273,-19.925,0,20.65,39.8,1.15,1.09,0.91,1.09,6.87,5.33,2.35,2.53,2.5,2.65,2.84,2.83,2.82,2.75,2.78,2.71,3.05,4.02,3.03,5.67,2.89,3.4,2.21,2.16,2.3,2.13,1.97,1.94,1.99,1.86,1.85,1.85,1.8,1.7,1.47,1.26,1.66,4.64,3.64,4.06,2.48,3.34,2.1,1.68,1.41,1.37,1.38,1.36,1.26,1.2,1.43,1.39,1.33,1.57,2.34,4.34,1.68,2.19,2.02,1.82,1.93,2.79,3.23,4.37,125019.564456058,754663.155869786,683641.704754936,620184.81200914,664696.043036463,1020915.76473791,1444313.83363474,866512.904958268,1358542.17936911,1597389.80659295,860682.48427863,439458.278496455,433526.162671022,1535860.65129107,1961913.00033131,2399143.59754209,2023520.81712565,2018198.54415934,478418.905315279,1092528.81896674,1262308.39449459,1231707.5032187,1145636.4707885,854731.826937722,981553.382848333,1026162.70713931,1219019.72537709,2105968.18396896,1021257.49375343,516058.953753202,508762.938458544,1284885.10649221,1887532.2618649,1466309.03924091,2010564.04948365,2017308.12387952,1927103.37053571,1909867.95753391,143679.26894405,133847.736966004,276382.955716656,478871.210302271,683644.569882824,862968.910153002,607291.628320601,459261.855282599,381974.468113748,252233.701456148,347335.555064025,593564.618641758,633646.833588179,1054302.73123714,389048.656418976,520546.416412187,417187.816756024,358138.077287675,678332.68748138,984723.764371427,1380672.67161572,1019105.96802478,TRUE,FALSE,FALSE,FALSE,FALSE,FALSE,FALSE,FALSE,FALSE,FALSE,FALSE,FALSE,FALSE,FALSE,FALSE,FALSE,FALSE,FALSE,FALSE,FALSE,FALSE,FALSE,FALSE,FALSE,FALSE,FALSE,FALSE,FALSE,FALSE,FALSE,FALSE,FALSE,FALSE,FALSE,FALSE,FALSE,FALSE,FALSE,FALSE,FALSE,FALSE,FALSE,FALSE,FALSE,FALSE,FALSE,FALSE,FALSE,FALSE,FALSE,FALSE,FALSE,FALSE,FALSE,FALSE,FALSE,FALSE,TRUE,FALSE,FALSE,FALSE,FALSE,FALSE,FALSE,FALSE,FALSE,FALSE,FALSE,FALSE,FALSE,FALSE,FALSE,FALSE,FALSE,FALSE,FALSE,FALSE,FALSE,FALSE,FALSE,FALSE,FALSE,FALSE,FALSE,FALSE,FALSE,FALSE,FALSE,FALSE,FALSE,FALSE,FALSE,FALSE,FALSE,FALSE,FALSE,FALSE,FALSE,FALSE,FALSE,FALSE,FALSE,FALSE,FALSE,FALSE,FALSE,FALSE,FALSE,FALSE,FALSE,FALSE,FALSE,FALSE,FALSE
"28 Before",2023-06-28 10:44:37.09,"2023-06-28","10H 44M 37.09S","Before","Aurora","V0333","Flow Core",2069,327,517,701,446,306,430,369,450,254,332,337,521,943,637,1248,184,184,281,345,256,186,221,197,257,384,261,297,237,208,214,297,551,334,550,550,157,157,990,439,463,446,446,287,536,439,674,514,322,409,676,662,200,316,374,307,243,348,606,273,-20,0,20.675,39.875,1.15,1.09,0.91,1.09,7.07,5.04,2.28,2.37,2.46,2.67,2.85,2.84,2.81,2.77,2.75,2.69,2.84,3.81,3.06,5.84,2.79,3.3,2.01,1.98,2.15,1.93,1.77,1.76,1.82,1.68,1.7,1.72,1.64,1.56,1.33,1.22,1.72,4.78,2.66,2.57,2.85,3.29,2.2,1.83,1.55,1.53,1.55,1.51,1.41,1.37,1.59,1.56,1.53,1.81,2.53,4.63,1.51,1.94,1.79,1.58,1.62,2.42,2.85,3.91,135708.394181994,775854.287492363,698329.18654858,635897.255299113,679477.273758972,1042083.29451729,1477960.9834344,885692.276254733,1395708.2757086,1638859.88412361,877302.698521517,447978.48246329,451154.159474225,1639960.96397046,2050909.16638991,2606590.98288098,2015346.62485,2019968.63382374,476018.70408095,1090593.19334343,1264280.17643637,1229432.09230113,1142146.11288139,853943.563971046,981539.263426374,1022821.46124846,1219863.07625073,2109504.04757196,1018821.99560353,513139.535431988,505003.031966243,1277792.33075925,1882727.69395888,1472612.04321291,2020195.18305,2044562.84625078,1949443.82965,1954828.01197008,145284.386605112,135139.709110737,278235.241958285,482800.315395807,690751.566137458,872509.786176687,607968.784592015,460219.43244585,382605.125577899,252736.03476259,347866.627980534,595648.175073327,637050.979827135,1062106.98520722,379698.896236262,511995.093702532,409576.288118626,352850.240112162,674056.175682829,980092.173544531,1378161.47002365,1020008.87402799,TRUE,FALSE,FALSE,FALSE,FALSE,FALSE,FALSE,FALSE,FALSE,FALSE,FALSE,FALSE,FALSE,FALSE,FALSE,FALSE,FALSE,FALSE,FALSE,FALSE,FALSE,FALSE,FALSE,FALSE,FALSE,FALSE,FALSE,FALSE,FALSE,FALSE,FALSE,FALSE,FALSE,FALSE,FALSE,FALSE,FALSE,FALSE,FALSE,FALSE,FALSE,FALSE,FALSE,FALSE,FALSE,FALSE,FALSE,FALSE,FALSE,FALSE,FALSE,FALSE,FALSE,FALSE,FALSE,FALSE,FALSE,TRUE,FALSE,FALSE,FALSE,FALSE,FALSE,FALSE,FALSE,FALSE,FALSE,FALSE,FALSE,FALSE,FALSE,FALSE,FALSE,FALSE,FALSE,FALSE,FALSE,FALSE,FALSE,FALSE,FALSE,FALSE,FALSE,FALSE,FALSE,FALSE,FALSE,FALSE,FALSE,FALSE,FALSE,FALSE,FALSE,FALSE,FALSE,FALSE,FALSE,FALSE,FALSE,FALSE,FALSE,FALSE,FALSE,FALSE,FALSE,FALSE,FALSE,FALSE,FALSE,FALSE,FALSE,FALSE,FALSE,FALSE
"27 After",2023-06-27 09:31:00.13,"2023-06-27","9H 31M 0.13S","After","Aurora","V0333","Flow Core",2069,327,517,701,446,306,430,369,450,254,332,337,521,943,637,1248,184,184,281,345,256,186,221,197,257,384,261,297,237,208,214,297,551,334,550,550,157,157,990,439,463,446,446,287,536,439,674,514,322,409,676,662,200,316,374,307,243,348,606,273,-20,0,20.675,39.875,1.15,1.09,0.91,1.09,6.08,5.25,2.27,2.3,2.43,2.59,2.86,2.79,2.7,2.66,2.62,2.55,2.39,1.87,2.19,4.33,3.04,3.43,2.05,1.85,1.94,1.85,1.65,1.64,1.64,1.64,1.63,1.62,1.49,1.45,1.28,1.17,1.69,4.22,1.9,1.64,2.74,3.23,2.93,2.68,2.54,2.5,2.37,2.34,2.14,2.23,2.4,2.36,2.29,2.4,3.04,4.84,1.56,2.14,1.98,1.7,1.68,2.48,2.9,3.64,117973.048953212,735021.183161386,650024.839445188,589721.9862473,636720.381038958,986051.597139532,1392616.53076679,836864.688078916,1311286.28656067,1551156.44008489,831363.898065939,424089.467535384,410731.11631012,1428572.18901865,1876658.63982962,2241616.33275984,2012041.26567797,1999589.50432866,473629.236599287,1081919.30030112,1241538.52933741,1208252.3008815,1141054.48433028,844133.765726418,961817.306205244,1014213.36301096,1216773.60201451,2094079.8810132,995677.906551262,502958.073104152,502679.952315345,1281462.22615632,1890296.03884728,1450113.76888081,1991467.11652542,1995645.06008177,1962381.575,1948692.82684809,143113.214907321,133119.953203864,276926.227875782,481085.348294985,687468.262181115,869027.20884585,607383.432864909,460131.15326616,382251.070339704,252250.218534137,347414.177764761,595132.786637595,636111.972735176,1060861.47393653,379907.569872187,510981.803025876,409011.490418755,351198.429273701,668449.111830892,971155.610846239,1363484.93292145,1006999.72138691,TRUE,FALSE,FALSE,FALSE,FALSE,FALSE,FALSE,FALSE,FALSE,FALSE,FALSE,FALSE,FALSE,FALSE,FALSE,FALSE,FALSE,FALSE,FALSE,FALSE,FALSE,FALSE,FALSE,FALSE,FALSE,FALSE,FALSE,FALSE,FALSE,FALSE,FALSE,FALSE,FALSE,FALSE,FALSE,FALSE,FALSE,FALSE,FALSE,FALSE,FALSE,FALSE,FALSE,FALSE,FALSE,FALSE,FALSE,FALSE,FALSE,FALSE,FALSE,FALSE,FALSE,FALSE,FALSE,FALSE,FALSE,TRUE,FALSE,FALSE,FALSE,FALSE,FALSE,FALSE,FALSE,FALSE,FALSE,FALSE,FALSE,FALSE,FALSE,FALSE,FALSE,FALSE,FALSE,FALSE,FALSE,FALSE,FALSE,FALSE,FALSE,FALSE,FALSE,FALSE,FALSE,FALSE,FALSE,FALSE,FALSE,FALSE,FALSE,FALSE,FALSE,FALSE,FALSE,FALSE,FALSE,FALSE,FALSE,FALSE,FALSE,FALSE,FALSE,FALSE,FALSE,FALSE,FALSE,FALSE,FALSE,FALSE,FALSE,FALSE,FALSE,FALSE
"27 Before",2023-06-27 09:19:50.22,"2023-06-27","9H 19M 50.22S","Before","Aurora","V0333","Flow Core",1778,303,483,660,421,290,407,347,426,240,319,324,482,838,567,1043,184,184,282,340,253,188,223,193,254,402,274,298,236,217,226,301,543,306,539,539,162,162,990,446,474,454,457,295,551,447,699,528,322,406,663,636,206,335,392,317,241,340,579,256,-19.9,0,20.65,39.775,1.15,1.1,0.91,1.1,5.94,5.24,2.29,2.34,2.43,2.59,2.72,2.7,2.66,2.62,2.5,2.41,2.24,1.7,2.15,3.91,2.86,3.36,2,1.89,2.07,1.92,1.68,1.71,1.75,1.66,1.66,1.64,1.52,1.48,1.29,1.27,1.79,4.22,2.71,1.8,3.15,3.48,4.51,4.33,4.34,4.27,4.21,4.07,4.06,4.04,4.05,4.05,3.98,3.84,4.45,6.21,1.6,2.16,1.94,1.71,1.62,2.5,2.8,3.54,121898.920174777,735337.48446835,656702.099297517,605012.07281023,653372.835224107,1000105.79205727,1409269.93789453,838181.715165123,1355748.79302223,1594830.55222687,851277.052132671,439459.283717985,426084.067912249,1504779.72041111,1887064.59583845,2282460.70709677,2009783.78376206,2013298.67101678,480501.620023261,1072277.47215642,1239842.7690277,1231473.63356948,1149315.86164085,827081.881120571,954140.266574982,1080626.7004623,1317829.6873057,2159040.80731219,1010995.75990456,524782.497582115,532415.674307398,1292133.45510205,1860010.71699388,1331306.81829086,1939884.92684887,1970492.14007549,2067548.64348875,2083407.25137882,147887.081008071,139399.881261292,288611.350462277,504809.675244488,730065.953194876,931086.497877234,642878.650227044,478945.559521932,407625.620104459,262346.957286679,356456.516971861,603086.851411736,640907.841891752,1045749.72584774,373989.983364519,521826.507843249,412568.485676267,355255.024858777,657757.343297659,948866.323239209,1292898.41310912,935743.175227867,FALSE,FALSE,FALSE,FALSE,FALSE,FALSE,FALSE,FALSE,FALSE,FALSE,FALSE,FALSE,FALSE,FALSE,FALSE,FALSE,FALSE,FALSE,FALSE,FALSE,FALSE,FALSE,FALSE,FALSE,FALSE,FALSE,FALSE,FALSE,FALSE,FALSE,FALSE,FALSE,FALSE,FALSE,FALSE,FALSE,FALSE,FALSE,FALSE,FALSE,FALSE,FALSE,FALSE,FALSE,FALSE,FALSE,FALSE,FALSE,TRUE,FALSE,FALSE,FALSE,FALSE,FALSE,FALSE,FALSE,FALSE,FALSE,FALSE,FALSE,FALSE,FALSE,FALSE,FALSE,FALSE,FALSE,FALSE,FALSE,FALSE,FALSE,FALSE,FALSE,FALSE,FALSE,FALSE,FALSE,FALSE,FALSE,FALSE,FALSE,FALSE,FALSE,FALSE,FALSE,FALSE,FALSE,FALSE,FALSE,FALSE,FALSE,FALSE,FALSE,FALSE,FALSE,FALSE,FALSE,FALSE,FALSE,FALSE,FALSE,FALSE,FALSE,FALSE,FALSE,FALSE,FALSE,FALSE,FALSE,FALSE,FALSE,FALSE,FALSE,FALSE,FALSE
"23 After",2023-06-23 09:06:36.23,"2023-06-23","9H 6M 36.23S","After","Aurora","V0333","Flow Core",1778,303,483,660,421,290,407,347,426,240,319,324,482,838,567,1043,184,184,282,340,253,188,223,193,254,402,274,298,236,217,226,301,543,306,539,539,162,162,990,446,474,454,457,295,551,447,699,528,322,406,663,636,206,335,392,317,241,340,579,256,-19.925,0,20.675,39.875,1.15,1.1,0.91,1.1,6.34,5.45,2.16,2.19,2.28,2.46,2.61,2.6,2.53,2.56,2.47,2.4,2.27,2.03,2.33,4.74,2.89,3.39,2.15,2.15,2.04,1.71,1.8,1.81,1.74,1.58,1.65,1.74,1.67,1.5,1.31,1.25,1.72,4.74,3.03,3.06,2.95,3.64,2.17,1.82,1.55,1.51,1.51,1.5,1.4,1.34,1.58,1.55,1.48,1.74,2.52,4.52,1.57,2.05,1.9,1.67,1.73,2.61,3,4.08,124646.441760374,758471.649176192,678879.938188663,624714.153872235,675893.20640956,1032976.60439238,1456938.88890509,867388.551307129,1388556.59646927,1613127.19016298,878103.456807286,453153.525934395,437426.537504022,1535038.12924706,1939382.11544707,2323909.85952811,2014152.53877609,2010566.9733186,476902.223964195,1090973.13615989,1257392.71797719,1220974.40205086,1150996.49358599,846022.875261434,967996.347774837,1043563.67144644,1259395.20570912,2129654.1703957,1033933.59989105,520947.666642712,511567.336835655,1265416.42217534,1849411.71486626,1383158.50412957,1978123.22067118,1982959.55329812,2009862.07719966,2009863.52065244,144837.967433035,136542.010610592,282435.274913507,491348.623268491,701945.578986175,892989.723695736,633600.213506935,470545.528289422,401539.855453802,258414.388426571,349866.62453053,591204.635748928,629521.515696094,1028821.27710274,393510.119661545,537989.670192458,426558.443323858,366278.753668566,666687.945021374,957666.326249461,1303895.99447013,946602.085472437,TRUE,FALSE,FALSE,FALSE,FALSE,FALSE,FALSE,FALSE,FALSE,FALSE,FALSE,FALSE,FALSE,FALSE,FALSE,FALSE,FALSE,FALSE,FALSE,FALSE,FALSE,FALSE,FALSE,FALSE,FALSE,FALSE,FALSE,FALSE,FALSE,FALSE,FALSE,FALSE,FALSE,FALSE,FALSE,FALSE,FALSE,FALSE,FALSE,FALSE,FALSE,FALSE,FALSE,FALSE,FALSE,FALSE,FALSE,FALSE,FALSE,FALSE,FALSE,FALSE,FALSE,FALSE,FALSE,FALSE,FALSE,FALSE,FALSE,FALSE,FALSE,FALSE,FALSE,FALSE,FALSE,FALSE,FALSE,FALSE,FALSE,FALSE,FALSE,FALSE,FALSE,FALSE,FALSE,FALSE,FALSE,FALSE,FALSE,FALSE,FALSE,FALSE,FALSE,FALSE,FALSE,FALSE,FALSE,FALSE,FALSE,FALSE,FALSE,FALSE,FALSE,FALSE,FALSE,FALSE,FALSE,FALSE,FALSE,FALSE,FALSE,FALSE,FALSE,FALSE,FALSE,FALSE,FALSE,FALSE,FALSE,FALSE,FALSE,FALSE,FALSE,FALSE
"23 Before",2023-06-23 08:58:45.28,"2023-06-23","8H 58M 45.28S","Before","Aurora","V0333","Flow Core",1933,316,501,686,438,302,425,362,444,248,333,339,507,895,605,1142,186,186,281,347,261,192,222,196,263,403,266,290,245,227,231,293,524,301,547,547,161,161,1003,451,475,456,457,294,555,450,705,531,324,408,668,642,213,343,402,325,246,347,592,263,-19.9,0,20.65,39.775,1.14,1.08,0.89,1.09,6.88,5.45,2.23,2.38,2.24,2.33,2.52,2.49,2.5,2.44,2.44,2.39,2.93,3.92,3.32,5.85,2.81,3.29,2.38,2.17,2.01,1.81,1.94,1.89,1.78,1.61,1.73,1.83,1.71,1.53,1.35,1.3,1.79,5,2.62,2.42,3.12,3.48,2.29,1.94,1.7,1.6,1.62,1.58,1.48,1.43,1.66,1.6,1.61,1.93,2.75,4.92,1.59,2.04,1.87,1.65,1.67,2.53,2.95,4.05,122409.613117871,775202.12373098,701835.614327859,638815.920382905,696951.446654553,1057970.49671774,1514667.9179053,898345.33733022,1425026.25507736,1646028.21701756,919939.634097718,471237.824092982,446351.916141989,1523314.56389957,1962211.47287634,2321544.15720988,2020480.11429521,2009788.46301244,476176.964331205,1118211.93801311,1283375.35918288,1236068.10611158,1160974.05478388,861799.172850869,995543.326394096,1036096.60343848,1224894.17552284,2103022.60962723,1062558.57748047,534541.688157442,517027.647189256,1245022.15749394,1795791.94648891,1375736.70990963,2003286.40784574,1996258.98751766,2003625.44753989,1988248.31340867,148536.298378594,138725.459288972,282323.331704991,496800.58672525,698480.236887048,889198.988268738,631236.875867707,475821.90086033,400398.335706063,262828.6942432,349779.663346205,590424.421207679,630424.826221447,1029942.10473241,404748.943186138,545944.413164738,435239.958072884,372393.641187276,671363.692151443,964323.581889419,1323282.35628358,960133.269506089,TRUE,FALSE,FALSE,FALSE,FALSE,FALSE,FALSE,FALSE,FALSE,FALSE,FALSE,FALSE,FALSE,FALSE,FALSE,FALSE,FALSE,FALSE,FALSE,FALSE,FALSE,FALSE,FALSE,FALSE,FALSE,FALSE,FALSE,FALSE,FALSE,FALSE,FALSE,FALSE,FALSE,FALSE,FALSE,FALSE,FALSE,FALSE,FALSE,FALSE,FALSE,FALSE,FALSE,FALSE,FALSE,FALSE,FALSE,FALSE,FALSE,FALSE,FALSE,FALSE,FALSE,FALSE,FALSE,FALSE,FALSE,FALSE,FALSE,FALSE,FALSE,FALSE,FALSE,FALSE,FALSE,FALSE,FALSE,FALSE,FALSE,FALSE,FALSE,FALSE,FALSE,FALSE,FALSE,FALSE,FALSE,FALSE,FALSE,FALSE,FALSE,FALSE,FALSE,FALSE,FALSE,FALSE,FALSE,FALSE,FALSE,FALSE,FALSE,FALSE,FALSE,FALSE,FALSE,FALSE,FALSE,FALSE,FALSE,FALSE,FALSE,FALSE,FALSE,FALSE,FALSE,FALSE,FALSE,FALSE,FALSE,FALSE,FALSE,FALSE,FALSE,FALSE
"22 After",2023-06-22 13:42:16.56,"2023-06-22","13H 42M 16.56S","After","Aurora","V0333","Flow Core",1933,316,501,686,438,302,425,362,444,248,333,339,507,895,605,1142,186,186,281,347,261,192,222,196,263,403,266,290,245,227,231,293,524,301,547,547,161,161,1003,451,475,456,457,294,555,450,705,531,324,408,668,642,213,343,402,325,246,347,592,263,-19.9,0,20.65,39.775,1.14,1.08,0.89,1.09,6.35,5.04,2.07,2.16,2.24,2.41,2.56,2.58,2.54,2.55,2.48,2.42,2.36,2.67,2.69,5.14,2.8,3.28,2.37,1.99,1.92,1.8,1.92,1.8,1.69,1.61,1.76,1.85,1.63,1.48,1.32,1.28,1.78,4.83,2.39,2.09,3.27,3.54,2.37,2.02,1.77,1.71,1.72,1.65,1.58,1.53,1.73,1.71,1.71,2.02,2.76,4.82,1.51,1.94,1.82,1.61,1.64,2.46,2.86,3.92,128962.056269861,760429.252793057,671084.004942076,610459.045028263,665322.232262232,1011743.81227511,1450024.75742341,863289.631371806,1375542.14974447,1592969.53695688,891749.72429774,456039.978576759,440153.899292468,1543764.62451586,1952833.03389476,2395855.77423057,2017657.98246238,2011740.88412934,476530.406233097,1107405.95193104,1265315.11112466,1231242.66725342,1167745.9861011,854106.874677847,980378.119224555,1041790.15571477,1250792.50054243,2141706.54383445,1043136.34644759,524027.944477969,514065.085483393,1270274.63937411,1836015.99619963,1389756.46373326,1998169.5105734,1996715.27498554,2009253.3197438,1998414.41891181,146951.300440791,137658.794914983,282746.057753387,496228.592858835,701237.508989927,893250.283270619,630033.064118842,475753.033148555,399590.620435761,262345.67011959,349944.074080546,591084.012850635,629543.220775584,1026914.96744936,400340.32791694,543662.108835959,433712.733746803,370481.732699968,670764.36029807,963149.906872291,1318310.99196069,951553.061574217,TRUE,FALSE,FALSE,FALSE,FALSE,FALSE,FALSE,FALSE,FALSE,FALSE,FALSE,FALSE,FALSE,FALSE,FALSE,FALSE,FALSE,FALSE,FALSE,FALSE,FALSE,FALSE,FALSE,FALSE,FALSE,FALSE,FALSE,FALSE,FALSE,FALSE,FALSE,FALSE,FALSE,FALSE,FALSE,FALSE,FALSE,FALSE,FALSE,FALSE,FALSE,FALSE,FALSE,FALSE,FALSE,FALSE,FALSE,FALSE,FALSE,FALSE,FALSE,FALSE,FALSE,FALSE,FALSE,FALSE,FALSE,FALSE,FALSE,FALSE,FALSE,FALSE,FALSE,FALSE,FALSE,FALSE,FALSE,FALSE,FALSE,FALSE,FALSE,FALSE,FALSE,FALSE,FALSE,FALSE,FALSE,FALSE,FALSE,FALSE,FALSE,FALSE,FALSE,FALSE,FALSE,FALSE,FALSE,FALSE,FALSE,FALSE,FALSE,FALSE,FALSE,FALSE,FALSE,FALSE,FALSE,FALSE,FALSE,FALSE,FALSE,FALSE,FALSE,FALSE,FALSE,FALSE,FALSE,FALSE,FALSE,FALSE,FALSE,FALSE,FALSE,FALSE
"22 Before",2023-06-22 13:37:14.44,"2023-06-22","13H 37M 14.44S","Before","Aurora","V0333","Flow Core",1806,320,502,678,434,305,422,362,444,252,329,334,490,842,584,1084,184,184,280,337,253,189,220,192,255,398,266,292,232,213,225,297,536,307,558,558,157,157,973,438,460,443,443,280,530,434,677,501,312,394,648,629,198,317,376,303,235,336,583,262,-20.025,0,20.675,39.825,1.15,1.1,0.92,1.09,6.51,5.03,2.09,2.26,2.24,2.41,2.59,2.57,2.58,2.53,2.5,2.45,2.51,3,2.87,5.25,2.75,3.31,2.35,2.05,2.05,1.98,2.02,1.89,1.78,1.77,1.91,1.97,1.73,1.61,1.41,1.32,1.79,4.78,2.4,2,3.05,3.21,2.19,1.88,1.67,1.62,1.63,1.57,1.46,1.43,1.62,1.61,1.61,1.86,2.65,4.74,1.49,1.93,1.77,1.58,1.61,2.4,2.82,3.85,115477.530970471,770194.5110473,669994.65180307,606871.333956713,656149.624135837,1024445.87461035,1431078.92291757,863315.27370367,1381688.40656879,1651370.64068785,868348.322828787,448754.56699345,418763.731897857,1413278.29864139,1858796.89137705,2177694.12060458,1990413.975,2015135.85238312,479634.125796418,1069718.02279559,1231082.17614497,1226519.46695028,1166690.20672501,831637.350310465,951644.64505431,1053361.75050134,1306566.52842273,2223018.45677114,994411.675203084,489947.526625567,505435.734097541,1317042.75851948,1929129.68854707,1438211.5636124,2032735.94595,2100961.86146797,1952787.21935,2003385.15331277,143014.288464246,136237.607657001,280195.674916624,487570.843217515,706268.554224231,888420.06318812,618624.310970532,461392.026044677,388128.693351496,251517.664490876,343562.940950692,582901.988031749,624635.711718176,1027684.79727869,363816.12444845,505535.068255671,403659.855536591,344939.904658088,654736.54543715,956520.691371383,1326212.27264701,973326.457176393,TRUE,FALSE,FALSE,FALSE,FALSE,FALSE,FALSE,FALSE,FALSE,FALSE,FALSE,FALSE,FALSE,FALSE,FALSE,FALSE,FALSE,FALSE,FALSE,FALSE,FALSE,FALSE,FALSE,FALSE,FALSE,FALSE,FALSE,FALSE,FALSE,FALSE,FALSE,FALSE,FALSE,FALSE,FALSE,FALSE,FALSE,FALSE,FALSE,FALSE,FALSE,FALSE,FALSE,FALSE,FALSE,FALSE,FALSE,FALSE,FALSE,FALSE,FALSE,FALSE,FALSE,FALSE,FALSE,FALSE,FALSE,FALSE,FALSE,FALSE,FALSE,FALSE,FALSE,FALSE,FALSE,FALSE,FALSE,FALSE,FALSE,FALSE,FALSE,FALSE,FALSE,FALSE,FALSE,FALSE,FALSE,FALSE,FALSE,FALSE,FALSE,FALSE,FALSE,FALSE,FALSE,FALSE,FALSE,FALSE,FALSE,FALSE,FALSE,FALSE,FALSE,FALSE,FALSE,FALSE,FALSE,FALSE,FALSE,FALSE,FALSE,FALSE,FALSE,FALSE,FALSE,FALSE,FALSE,FALSE,FALSE,FALSE,FALSE,FALSE,FALSE,FALSE
"21 After",2023-06-21 09:38:06.73,"2023-06-21","9H 38M 6.73S","After","Aurora","V0333","Flow Core",1806,320,502,678,434,305,422,362,444,252,329,334,490,842,584,1084,184,184,280,337,253,189,220,192,255,398,266,292,232,213,225,297,536,307,558,558,157,157,973,438,460,443,443,280,530,434,677,501,312,394,648,629,198,317,376,303,235,336,583,262,-20.025,0,20.675,39.825,1.15,1.1,0.92,1.09,6.77,5.38,1.92,1.98,1.94,2.05,2.23,2.23,2.28,2.28,2.24,2.19,2.41,3,2.84,5.44,2.96,3.39,2.32,2.08,1.9,1.65,1.82,1.76,1.62,1.51,1.59,1.69,1.58,1.42,1.27,1.18,1.5,4.12,1.61,1.25,2.89,3.47,4.3,4.11,4.01,3.8,3.73,3.53,3.44,3.4,3.54,3.51,3.52,3.56,4.19,6.02,1.55,1.99,1.86,1.63,1.71,2.56,3,3.89,106007.736314141,724917.820351395,635069.265762775,571997.904406847,621917.51346296,970026.453003579,1355328.89009166,820251.76784166,1303349.68614031,1546189.52396489,834169.59916736,432067.116994916,397325.968350744,1318721.13378703,1751679.62544863,1977185.75416123,2013283.11469281,2004205.71587866,474337.434210552,1082919.78665214,1249383.45955651,1221447.92103862,1149586.63030996,841021.018209506,972539.480881787,1030128.85047063,1230485.98722972,2116407.91260583,1031691.0901931,511829.580519475,509134.10975152,1266035.25590521,1838390.52255311,1377756.25334516,1990731.48757074,2009816.49141738,1986612.92552546,1987837.88194645,142922.130493432,136572.867764246,281276.983968642,488557.855264007,699056.316120489,877155.675816365,631156.30414728,470525.092960947,397484.592398122,257274.36600604,347581.701207306,588138.367915812,624308.358343086,1011944.93755334,392067.659308241,534429.210909175,428155.513231878,362257.779566345,662753.832191611,955435.218030026,1308024.92765007,947409.145039682,TRUE,FALSE,FALSE,FALSE,FALSE,FALSE,FALSE,FALSE,FALSE,FALSE,FALSE,FALSE,FALSE,FALSE,FALSE,FALSE,FALSE,FALSE,FALSE,FALSE,FALSE,FALSE,FALSE,FALSE,FALSE,FALSE,FALSE,FALSE,FALSE,FALSE,FALSE,FALSE,FALSE,FALSE,FALSE,FALSE,FALSE,FALSE,FALSE,FALSE,FALSE,FALSE,FALSE,FALSE,FALSE,FALSE,FALSE,FALSE,TRUE,FALSE,FALSE,FALSE,FALSE,FALSE,FALSE,FALSE,FALSE,FALSE,FALSE,FALSE,FALSE,FALSE,FALSE,FALSE,FALSE,FALSE,FALSE,FALSE,FALSE,FALSE,FALSE,FALSE,FALSE,FALSE,FALSE,FALSE,FALSE,FALSE,FALSE,FALSE,FALSE,FALSE,FALSE,FALSE,FALSE,FALSE,FALSE,FALSE,FALSE,FALSE,FALSE,FALSE,FALSE,FALSE,FALSE,FALSE,FALSE,FALSE,FALSE,FALSE,FALSE,FALSE,FALSE,FALSE,FALSE,FALSE,FALSE,FALSE,FALSE,FALSE,FALSE,FALSE,FALSE,FALSE
"21 Before",2023-06-21 09:32:44.29,"2023-06-21","9H 32M 44.29S","Before","Aurora","V0333","Flow Core",1780,316,506,681,440,307,429,367,445,255,333,342,496,841,576,1033,183,183,280,339,252,189,220,193,255,403,270,295,237,218,228,299,532,299,559,559,160,160,987,440,464,451,449,290,552,444,688,519,319,401,653,617,205,332,392,314,239,336,573,253,-20.025,0,20.525,39.625,1.16,1.1,0.93,1.09,6,5.06,1.89,2,1.99,2.11,2.28,2.25,2.23,2.23,2.17,2.14,2.21,2.35,2.35,4.72,2.93,3.37,2.33,2.02,1.85,1.62,1.81,1.75,1.6,1.49,1.6,1.7,1.56,1.39,1.24,1.18,1.53,4.2,1.57,1.2,2.42,2.96,3.97,3.76,3.66,3.47,3.38,3.18,3.11,3.09,3.2,3.21,3.25,3.23,3.91,5.69,1.53,1.97,1.82,1.63,1.69,2.51,2.96,3.89,99402.1404065464,708782.304005131,646579.416436322,574339.881430948,632750.90198266,985253.855999703,1376954.19005568,840604.887043253,1308045.12670563,1578293.34413817,853327.912144319,435656.310817127,395540.802393383,1274584.15917309,1684776.32156318,1799263.25718371,1994761.60330336,2007395.58174762,480498.766168895,1106315.10770934,1259360.20447353,1232383.11100846,1165029.42176873,856881.738367864,979581.907909338,1059147.18292138,1281938.44767315,2205276.97668906,1052046.01097606,524788.687746739,518048.941582113,1291443.45323365,1855170.36971727,1358091.51137589,1995510.06724003,2036149.61722453,2047879.03029711,2049504.05686782,146959.997315541,137286.327508313,286953.723851881,508043.20006079,723052.368869174,925046.543188731,658851.593222467,490107.615584513,409347.105344906,268530.867086818,358966.18321595,606323.847502354,635836.914238461,1001791.92863731,401317.790303126,560525.489748347,444487.368439417,375154.94250869,680242.514410461,964109.68166282,1301553.44509448,923731.386843963,TRUE,FALSE,FALSE,FALSE,FALSE,FALSE,FALSE,FALSE,FALSE,FALSE,FALSE,FALSE,FALSE,FALSE,FALSE,FALSE,FALSE,FALSE,FALSE,FALSE,FALSE,FALSE,FALSE,FALSE,FALSE,FALSE,FALSE,FALSE,FALSE,FALSE,FALSE,FALSE,FALSE,FALSE,FALSE,FALSE,FALSE,FALSE,FALSE,FALSE,FALSE,FALSE,FALSE,FALSE,FALSE,FALSE,FALSE,FALSE,FALSE,FALSE,FALSE,FALSE,FALSE,FALSE,FALSE,FALSE,FALSE,FALSE,FALSE,FALSE,FALSE,FALSE,FALSE,FALSE,FALSE,FALSE,FALSE,FALSE,FALSE,FALSE,FALSE,FALSE,FALSE,FALSE,FALSE,FALSE,FALSE,FALSE,FALSE,FALSE,FALSE,FALSE,FALSE,FALSE,FALSE,FALSE,FALSE,FALSE,FALSE,FALSE,FALSE,FALSE,FALSE,FALSE,FALSE,FALSE,FALSE,FALSE,FALSE,FALSE,FALSE,FALSE,FALSE,FALSE,FALSE,FALSE,FALSE,FALSE,FALSE,FALSE,FALSE,FALSE,FALSE,FALSE
"20 After",2023-06-20 09:27:21.89,"2023-06-20","9H 27M 21.89S","After","Aurora","V0333","Flow Core",1780,316,506,681,440,307,429,367,445,255,333,342,496,841,576,1033,183,183,280,339,252,189,220,193,255,403,270,295,237,218,228,299,532,299,559,559,160,160,987,440,464,451,449,290,552,444,688,519,319,401,653,617,205,332,392,314,239,336,573,253,-20.025,0,20.525,39.625,1.16,1.1,0.93,1.09,6.84,5.97,1.9,2.02,2.08,2.29,2.45,2.51,2.48,2.54,2.46,2.41,2.33,1.99,2.64,5.52,3.26,3.73,2.69,2.47,2.23,2.01,2.17,2.09,1.98,1.85,1.99,2.1,1.95,1.74,1.49,1.44,1.74,5.01,2.76,2.35,2.87,3.47,3.54,3.16,3.03,2.82,2.74,2.51,2.49,2.49,2.6,2.62,2.69,2.88,3.58,5.97,1.97,2.47,2.26,2.11,2.3,3.23,3.66,4.96,96863.5808582754,650747.756257193,598565.740610877,534706.22860062,583731.385755732,904452.026940271,1267942.4573842,770513.141960431,1194874.30825,1421814.65846392,768912.98929188,392386.419434578,366324.329918931,1218949.66621848,1587374.36343808,1799263.54597598,1858931.38671875,1877836.62419445,429226.277662669,990318.424518893,1129714.12725098,1104134.49490755,1039708.31878522,766475.371582398,877374.442913642,938643.816577025,1121537.26636651,1921502.40159217,924398.211809851,461803.786290254,457855.275364796,1139458.37723148,1651584.72741834,1240311.77747529,1895411.36767578,1927420.44939613,1858886.51416016,1865605.209362,129619.019423067,121135.820314318,250758.617639524,441530.491929837,624004.437256329,796428.666663267,567327.524527528,421893.170346063,352147.415142076,232242.069592133,311470.574816427,527182.190361422,559971.272784629,900815.58826516,350697.738176973,484309.863482284,384024.848062187,326519.521774152,599420.884719689,856231.663504906,1176014.17207847,851728.595125269,TRUE,FALSE,FALSE,FALSE,FALSE,FALSE,FALSE,FALSE,FALSE,FALSE,FALSE,FALSE,FALSE,FALSE,FALSE,FALSE,FALSE,FALSE,FALSE,FALSE,FALSE,FALSE,FALSE,FALSE,FALSE,FALSE,FALSE,FALSE,FALSE,FALSE,FALSE,FALSE,FALSE,FALSE,FALSE,FALSE,FALSE,FALSE,FALSE,FALSE,FALSE,FALSE,FALSE,FALSE,FALSE,FALSE,FALSE,FALSE,FALSE,FALSE,FALSE,FALSE,FALSE,FALSE,FALSE,FALSE,FALSE,FALSE,FALSE,FALSE,FALSE,FALSE,FALSE,FALSE,FALSE,FALSE,FALSE,FALSE,FALSE,FALSE,FALSE,FALSE,FALSE,FALSE,FALSE,FALSE,FALSE,FALSE,FALSE,FALSE,FALSE,FALSE,FALSE,FALSE,FALSE,FALSE,FALSE,FALSE,FALSE,FALSE,FALSE,FALSE,FALSE,FALSE,FALSE,FALSE,FALSE,FALSE,FALSE,FALSE,FALSE,FALSE,FALSE,FALSE,FALSE,FALSE,FALSE,FALSE,FALSE,FALSE,FALSE,FALSE,FALSE,FALSE
"20 Before",2023-06-20 09:18:24.19,"2023-06-20","9H 18M 24.19S","Before","Aurora","V0333","Flow Core",1814,303,473,637,405,281,394,340,415,233,317,318,474,834,563,1050,188,188,285,343,253,186,225,198,259,384,260,295,249,222,218,278,507,301,547,547,163,163,995,444,476,456,453,290,556,453,709,525,325,409,673,640,219,352,416,333,248,349,597,264,-20,0,20.725,39.825,1.15,1.09,0.9,1.1,8.3,7,2.35,2.44,2.45,2.71,2.98,2.96,3.03,3.03,2.98,2.92,3.1,3.55,3.37,6.68,3.92,4.46,3.16,2.7,2.39,2.02,2.35,2.23,2.03,1.91,2.12,2.3,2.11,1.85,1.59,1.56,2.15,6,4.22,3.51,1.54,2.65,2.91,2.36,2.01,2.06,2.02,2.04,1.9,1.86,2.14,2.09,2,2.18,3.02,5.08,2.17,2.74,2.53,2.36,2.45,3.66,4.23,5.56,94738.403667332,609666.914802194,543191.018067481,487047.140331017,527095.191999645,810883.63957138,1149013.35407919,692321.818069631,1096708.22351999,1276162.28564154,701859.38117068,356652.722834275,339463.302929139,1176888.92768427,1512440.70101969,1777179.05995332,1861000.69268293,1857404.53110903,419585.605121556,955977.663411436,1076975.59278979,1034653.30951617,1014360.48547547,750591.030686825,843794.815734381,858556.895359705,1065219.28000565,1882148.03636975,922380.603052598,443726.956386914,414043.805383163,1021802.8521076,1503156.52583874,1199133.78980281,1811806.04969512,1780948.90657036,1850801.61890244,1833217.47561218,127877.92197484,118853.426167688,248597.204927908,432044.986811803,617347.022564818,777569.490551524,550974.731853619,409455.830910248,350199.033115951,220918.066332675,303161.045457292,513499.45568125,550369.740654299,896547.165935356,331719.344408758,457986.683610232,363726.690829813,312144.805465115,568979.386782801,818089.225337625,1130227.00938553,818882.388050424,TRUE,TRUE,FALSE,FALSE,FALSE,FALSE,FALSE,FALSE,FALSE,FALSE,FALSE,FALSE,FALSE,FALSE,FALSE,TRUE,FALSE,FALSE,FALSE,FALSE,FALSE,FALSE,FALSE,FALSE,FALSE,FALSE,FALSE,FALSE,FALSE,FALSE,FALSE,FALSE,TRUE,FALSE,FALSE,FALSE,FALSE,FALSE,FALSE,FALSE,FALSE,FALSE,FALSE,FALSE,FALSE,FALSE,FALSE,FALSE,FALSE,FALSE,FALSE,FALSE,FALSE,FALSE,FALSE,FALSE,FALSE,FALSE,FALSE,FALSE,FALSE,FALSE,FALSE,FALSE,FALSE,FALSE,FALSE,FALSE,FALSE,FALSE,FALSE,FALSE,FALSE,FALSE,FALSE,FALSE,FALSE,FALSE,FALSE,FALSE,FALSE,FALSE,FALSE,FALSE,FALSE,FALSE,FALSE,FALSE,FALSE,FALSE,FALSE,FALSE,FALSE,FALSE,FALSE,FALSE,FALSE,FALSE,FALSE,FALSE,FALSE,FALSE,FALSE,FALSE,FALSE,FALSE,FALSE,FALSE,FALSE,FALSE,FALSE,FALSE,FALSE,FALSE
"16 After",2023-06-16 14:26:03.51,"2023-06-16","14H 26M 3.51S","After","Aurora","V0333","Flow Core",1866,310,492,653,424,291,413,356,434,246,330,329,496,862,581,1072,183,183,278,342,252,185,218,195,261,386,259,292,250,225,222,280,502,291,544,544,163,163,1019,452,478,458,461,296,560,452,701,528,324,409,664,630,204,328,386,312,236,333,571,249,-20.175,0,20.8,40,1.16,1.1,0.93,1.1,6.36,5.15,2.09,2.18,2.2,2.37,2.53,2.55,2.5,2.51,2.48,2.42,2.47,2.7,2.41,4.87,2.95,3.38,2.32,2.25,2.35,2.32,2.19,2.1,2.04,2.01,2.1,2.1,1.88,1.81,1.66,1.33,1.52,3.71,1.93,1.74,4.63,5.15,3.39,3.09,2.9,2.7,2.62,2.46,2.4,2.39,2.6,2.61,2.64,2.9,3.49,5.37,1.85,2.35,2.18,2,2.08,2.88,3.29,4.25,126155.127075743,769664.747169368,670959.094276185,606003.864682335,656451.24358881,1006093.84055875,1429332.37812362,873559.881721778,1383125.93058936,1615122.14575566,893645.040940091,451320.743798491,437373.587471667,1527104.42989206,1931264.70716485,2318013.98448854,2005022.8317725,2006314.60349762,476791.918254254,1095917.08953855,1251381.16920174,1221790.73596433,1150497.48682536,840261.955328507,975091.015787152,1039778.72050369,1242018.46471998,2137535.35876072,1036877.70098985,516584.111427445,510441.830531613,1271562.8953508,1840399.66668192,1383944.07931254,1978544.33411375,1991813.39725974,1999497.75245546,1989956.83887993,147698.948739998,135355.891807289,282441.175974525,490938.593320564,701370.236468483,892278.753032097,633418.199704925,470685.841280292,396316.665915788,255011.656724521,347737.877825595,592313.682079924,624581.486019877,1013947.18252662,391994.191415769,534127.482399642,423996.266434808,364293.032296648,661152.424377464,948174.871495996,1305900.54357591,939475.869442577,TRUE,FALSE,FALSE,FALSE,FALSE,FALSE,FALSE,FALSE,FALSE,FALSE,FALSE,FALSE,FALSE,FALSE,FALSE,FALSE,FALSE,FALSE,FALSE,FALSE,FALSE,FALSE,FALSE,FALSE,FALSE,FALSE,FALSE,FALSE,FALSE,FALSE,FALSE,FALSE,FALSE,FALSE,FALSE,FALSE,FALSE,FALSE,FALSE,FALSE,FALSE,FALSE,FALSE,FALSE,FALSE,FALSE,FALSE,FALSE,FALSE,FALSE,FALSE,FALSE,FALSE,FALSE,FALSE,FALSE,FALSE,FALSE,FALSE,FALSE,FALSE,FALSE,FALSE,FALSE,FALSE,FALSE,FALSE,FALSE,FALSE,FALSE,FALSE,FALSE,FALSE,FALSE,FALSE,FALSE,FALSE,FALSE,FALSE,FALSE,FALSE,FALSE,FALSE,FALSE,FALSE,FALSE,FALSE,FALSE,FALSE,FALSE,FALSE,FALSE,FALSE,FALSE,FALSE,FALSE,FALSE,FALSE,FALSE,FALSE,FALSE,FALSE,FALSE,FALSE,FALSE,FALSE,FALSE,FALSE,FALSE,FALSE,FALSE,FALSE,FALSE,FALSE
"16 Before",2023-06-16 14:17:00.73,"2023-06-16","14H 17M 0.73S","Before","Aurora","V0333","Flow Core",1729,301,480,641,417,290,406,349,425,242,322,324,471,810,559,1016,186,186,281,338,251,189,225,195,256,395,272,308,244,213,213,281,517,315,543,543,162,162,1010,449,478,462,460,295,559,453,703,524,326,410,671,635,208,336,397,322,245,345,592,261,-19.925,0,20.775,39.825,1.14,1.08,0.89,1.09,5.43,4.51,1.76,1.84,1.91,2.09,2.21,2.23,2.21,2.23,2.15,2.11,2.02,1.79,1.94,4.18,2.8,3.18,2.35,2.29,2.35,2.33,2.25,2.13,2.07,2.01,2.06,2.05,1.87,1.8,1.66,1.33,1.33,3.17,2,2.01,4.07,4.61,2.84,2.56,2.39,2.23,2.18,2.05,1.98,1.96,2.17,2.13,2.14,2.35,2.89,4.52,1.74,2.12,2.06,1.87,1.98,2.63,3.06,3.94,112262.224617205,739820.309871471,654631.415104415,588938.885940153,645267.685382684,1003627.48170258,1407660.42666254,852344.37122875,1340955.03063104,1588609.38933159,856869.667803349,437503.335908282,409298.612261456,1393168.69422423,1841462.0009663,2119358.92301852,2056220.3889,2020309.48274324,481250.397398621,1080468.51125125,1234157.09949242,1246877.61110027,1182201.6732218,839509.3370339,952026.138030348,1058681.45372717,1304293.44070478,2251796.76164569,1013337.87256477,486710.12321451,482810.52856748,1270657.93602169,1893694.73609022,1505839.80784556,2009102.45925,1966316.99542324,1983059.45405,1935734.33554634,142598.545201606,132140.900726242,279049.245714716,491875.006100442,693457.909624304,874167.31221536,624152.225711155,464384.19995892,390081.229412277,251615.566900999,347327.042075844,589372.395952781,623759.23501876,1013347.45635926,381988.382088037,526961.065497261,419873.806705266,359755.447848829,662476.958528179,954547.635428696,1321785.89944978,955664.636287329,FALSE,FALSE,FALSE,FALSE,FALSE,FALSE,FALSE,FALSE,FALSE,FALSE,FALSE,FALSE,FALSE,FALSE,FALSE,FALSE,FALSE,FALSE,FALSE,FALSE,FALSE,FALSE,FALSE,FALSE,FALSE,FALSE,FALSE,FALSE,FALSE,FALSE,FALSE,FALSE,FALSE,FALSE,FALSE,FALSE,FALSE,FALSE,FALSE,FALSE,FALSE,FALSE,FALSE,FALSE,FALSE,FALSE,FALSE,FALSE,FALSE,FALSE,FALSE,FALSE,FALSE,FALSE,FALSE,FALSE,FALSE,FALSE,FALSE,FALSE,FALSE,FALSE,FALSE,FALSE,FALSE,FALSE,FALSE,FALSE,FALSE,FALSE,FALSE,FALSE,FALSE,FALSE,FALSE,FALSE,FALSE,FALSE,FALSE,FALSE,FALSE,FALSE,FALSE,FALSE,FALSE,FALSE,FALSE,FALSE,FALSE,FALSE,FALSE,FALSE,FALSE,FALSE,FALSE,FALSE,FALSE,FALSE,FALSE,FALSE,FALSE,FALSE,FALSE,FALSE,FALSE,FALSE,FALSE,FALSE,FALSE,FALSE,FALSE,FALSE,FALSE,FALSE
"07 After",2023-06-07 09:42:14.15,"2023-06-07","9H 42M 14.15S","After","Aurora","V0333","Flow Core",1871,318,518,699,450,311,437,373,458,260,339,345,515,905,612,1120,181,181,279,333,248,183,223,193,250,388,269,305,246,213,212,280,511,309,534,534,162,162,1025,457,473,459,462,296,555,451,708,526,325,411,674,638,201,325,389,311,239,338,581,255,-20.025,0,20.625,39.625,1.16,1.11,0.93,1.09,6.64,5.48,1.72,1.83,1.83,1.98,2.14,2.13,2.14,2.19,2.09,2.07,2.12,2.28,2.71,5.06,3.61,3.93,2.16,2.21,2.18,1.8,1.8,1.8,1.82,1.7,1.76,1.76,1.58,1.56,1.39,1.27,1.81,3.83,3.62,4.31,3.08,3.88,2.11,1.66,1.39,1.33,1.37,1.36,1.25,1.21,1.44,1.37,1.3,1.42,2.14,3.69,1.57,2.09,1.92,1.68,1.7,2.54,2.91,3.86,121723.802321611,758720.934526383,681030.523876232,623919.833040462,669174.986752215,1026206.36080683,1454040.51021225,877951.780426349,1405219.83995101,1623316.87111069,882237.693585482,452982.48883274,439260.874954053,1527786.24557927,1929455.29479873,2318584.28643892,2009193.89418664,2012816.72987819,478443.842789382,1086132.10816037,1256171.14996586,1218745.99153376,1152547.4819622,845403.19679482,972598.724094579,1044194.2427623,1256866.87997552,2132724.97877313,1039912.82295435,513410.920174479,510265.71130418,1268994.99197867,1832442.64362644,1391624.10614094,1970423.65744518,1987266.37164154,2007622.52505099,2007098.89724714,148285.528540556,138185.431066455,283191.745913569,496259.169222717,708041.782330057,894819.744341999,630207.953552014,476834.087432476,408465.18657357,258470.122738005,351471.971447322,593939.848488714,632101.219624657,1025469.000091,393503.343559428,534060.0929758,428246.232804128,363640.367339261,669472.731860052,954712.023594392,1313959.96454404,949837.80807853,TRUE,FALSE,FALSE,FALSE,FALSE,FALSE,FALSE,FALSE,FALSE,FALSE,FALSE,FALSE,FALSE,FALSE,FALSE,FALSE,FALSE,FALSE,FALSE,FALSE,FALSE,FALSE,FALSE,FALSE,FALSE,FALSE,FALSE,FALSE,FALSE,FALSE,FALSE,FALSE,FALSE,FALSE,FALSE,FALSE,FALSE,FALSE,FALSE,FALSE,FALSE,FALSE,FALSE,FALSE,FALSE,FALSE,FALSE,FALSE,FALSE,FALSE,FALSE,FALSE,FALSE,FALSE,FALSE,FALSE,FALSE,FALSE,FALSE,FALSE,FALSE,FALSE,FALSE,FALSE,FALSE,FALSE,FALSE,FALSE,FALSE,FALSE,FALSE,FALSE,FALSE,FALSE,FALSE,FALSE,FALSE,FALSE,FALSE,FALSE,FALSE,FALSE,FALSE,FALSE,FALSE,FALSE,FALSE,FALSE,FALSE,FALSE,FALSE,FALSE,FALSE,FALSE,FALSE,FALSE,FALSE,FALSE,FALSE,FALSE,FALSE,FALSE,FALSE,FALSE,FALSE,FALSE,FALSE,FALSE,FALSE,FALSE,FALSE,FALSE,FALSE,FALSE
"07 Before",2023-06-07 09:34:36.93,"2023-06-07","9H 34M 36.93S","Before","Aurora","V0333","Flow Core",1711,303,492,654,425,293,413,353,432,246,324,327,480,826,568,1001,181,181,282,343,250,183,222,196,257,385,260,300,250,221,218,280,505,298,538,538,165,165,1016,457,478,460,461,299,561,454,706,526,327,412,677,636,203,327,391,310,238,338,576,252,-20.075,0,20.625,39.7,1.16,1.11,0.94,1.1,6.71,5.19,1.85,2.12,2.04,2.16,2.35,2.36,2.35,2.29,2.29,2.29,2.79,3.69,3.18,5.54,3.64,3.94,2.23,2.21,2.11,1.75,1.78,1.8,1.82,1.64,1.69,1.71,1.54,1.49,1.35,1.24,1.81,4.02,2.99,3.06,3.44,3.91,2.25,1.82,1.55,1.52,1.53,1.51,1.38,1.36,1.59,1.54,1.48,1.65,2.39,4.1,1.57,2.01,1.86,1.63,1.62,2.4,2.77,3.71,103851.558087937,712354.888559353,645714.674407538,582217.468475273,631466.251222145,979830.370156519,1372316.36046167,830585.408524663,1311614.17990421,1548024.68665485,837624.116402153,428805.477779549,399326.310394476,1317995.05268695,1716055.64050384,1917877.74356568,2005212.93884771,2018039.61829058,487001.688460654,1131502.30104603,1272734.63167701,1218006.15894363,1159741.61686717,867770.581151263,1008352.25827317,1040270.99657401,1209634.31419346,2100828.38772549,1062766.92865694,540309.490020981,528520.71899488,1268402.42251607,1802575.22726751,1331350.78038329,1986571.42587601,2035690.50085021,2060931.80065139,2072475.65644652,146419.678618134,139663.13327859,289677.530053694,499558.180992141,711575.507033839,909855.535350445,645610.708681041,479826.291388884,402207.928341469,260318.053813013,356705.179745069,601068.086272515,637262.721998427,1038089.06285077,405278.072682513,549101.871021984,440997.662160708,369263.460153946,676944.67120078,971536.894035693,1322667.6054257,960500.418791817,TRUE,FALSE,FALSE,FALSE,FALSE,FALSE,FALSE,FALSE,FALSE,FALSE,FALSE,FALSE,FALSE,FALSE,FALSE,FALSE,FALSE,FALSE,FALSE,FALSE,FALSE,FALSE,FALSE,FALSE,FALSE,FALSE,FALSE,FALSE,FALSE,FALSE,FALSE,FALSE,FALSE,FALSE,FALSE,FALSE,FALSE,FALSE,FALSE,FALSE,FALSE,FALSE,FALSE,FALSE,FALSE,FALSE,FALSE,FALSE,FALSE,FALSE,FALSE,FALSE,FALSE,FALSE,FALSE,FALSE,FALSE,FALSE,FALSE,FALSE,FALSE,FALSE,FALSE,FALSE,FALSE,FALSE,FALSE,FALSE,FALSE,FALSE,FALSE,FALSE,FALSE,FALSE,FALSE,FALSE,FALSE,FALSE,FALSE,FALSE,FALSE,FALSE,FALSE,FALSE,FALSE,FALSE,FALSE,FALSE,FALSE,FALSE,FALSE,FALSE,FALSE,FALSE,FALSE,FALSE,FALSE,FALSE,FALSE,FALSE,FALSE,FALSE,FALSE,FALSE,FALSE,FALSE,FALSE,FALSE,FALSE,FALSE,FALSE,FALSE,FALSE,FALSE
"02 After",2023-06-02 09:31:36.42,"2023-06-02","9H 31M 36.42S","After","Aurora","V0333","Flow Core",1711,303,492,654,425,293,413,353,432,246,324,327,480,826,568,1001,181,181,282,343,250,183,222,196,257,385,260,300,250,221,218,280,505,298,538,538,165,165,1016,457,478,460,461,299,561,454,706,526,327,412,677,636,203,327,391,310,238,338,576,252,-20.075,0,20.625,39.7,1.16,1.11,0.94,1.1,6.27,5.3,1.75,1.76,1.82,1.98,2.11,2.13,2.12,2.16,2.09,2.07,2.17,2.44,2.51,4.97,3.64,3.94,2.07,2.08,2.23,2.05,1.92,1.87,1.86,1.82,1.89,1.84,1.64,1.61,1.47,1.2,1.56,3.46,4.84,5.38,2.53,3.44,1.87,1.38,1.13,1.08,1.12,1.14,1.06,1.01,1.24,1.19,1.06,1.14,1.83,3.18,1.75,2.26,2.11,1.89,1.94,2.74,3.14,4.01,106022.69333801,722767.583618786,649319.201058872,583412.578265187,638783.075728021,993677.027354599,1393454.84097412,844977.363477167,1329819.37152713,1572554.12003406,850280.171168082,433772.709660368,401973.601766482,1326923.1714097,1763569.75609211,1960933.58480408,2014082.6886,2016929.41163354,480360.597399732,1099628.61939766,1254078.44412654,1227719.93932591,1165120.98876036,850854.94477596,984933.841831803,1055890.78236749,1256675.53429127,2167865.52467794,1035934.09718501,518545.475278132,511316.980534373,1275591.38784511,1840579.76496755,1393316.62905138,1968806.96335,1992776.03123418,2012717.87795,2005405.86205681,143970.956978937,137340.914538781,285213.712431646,493641.762964549,705680.243590621,902876.866703194,637685.860342486,473868.579661574,397195.187360511,257152.999755994,353033.762122874,595601.307394739,630984.608265282,1028428.40920653,394713.76329699,540414.355151124,432864.459572349,363548.14240521,670368.529361896,961968.952638399,1312469.99065298,952489.828862395,TRUE,FALSE,FALSE,FALSE,FALSE,FALSE,FALSE,FALSE,FALSE,FALSE,FALSE,FALSE,FALSE,FALSE,FALSE,FALSE,FALSE,FALSE,FALSE,FALSE,FALSE,FALSE,FALSE,FALSE,FALSE,FALSE,FALSE,FALSE,FALSE,FALSE,FALSE,FALSE,FALSE,FALSE,FALSE,FALSE,FALSE,FALSE,FALSE,FALSE,FALSE,FALSE,FALSE,FALSE,FALSE,FALSE,FALSE,FALSE,FALSE,FALSE,FALSE,FALSE,FALSE,FALSE,FALSE,FALSE,FALSE,FALSE,FALSE,FALSE,FALSE,FALSE,FALSE,FALSE,FALSE,FALSE,FALSE,FALSE,FALSE,FALSE,FALSE,FALSE,FALSE,FALSE,FALSE,FALSE,FALSE,FALSE,FALSE,FALSE,FALSE,FALSE,FALSE,FALSE,FALSE,FALSE,FALSE,FALSE,FALSE,FALSE,FALSE,FALSE,FALSE,FALSE,FALSE,FALSE,FALSE,FALSE,FALSE,FALSE,FALSE,FALSE,FALSE,FALSE,FALSE,FALSE,FALSE,FALSE,FALSE,FALSE,FALSE,FALSE,FALSE,FALSE
"02 Before",2023-06-02 09:21:50.37,"2023-06-02","9H 21M 50.37S","Before","Aurora","V0333","Flow Core",1649,295,476,638,412,287,401,343,419,240,316,318,465,798,555,988,182,182,276,337,254,189,219,191,250,400,276,311,235,208,212,292,537,320,558,558,159,159,1011,452,468,452,456,292,549,441,695,518,320,407,663,624,199,323,383,306,239,340,582,256,-20.075,0,20.675,39.7,1.15,1.1,0.92,1.1,6.12,5.25,1.79,1.83,1.88,2.06,2.2,2.21,2.19,2.21,2.16,2.13,2.13,2.26,2.38,4.7,3.62,3.89,2.08,2.1,2.28,2.07,1.91,1.87,1.88,1.83,1.89,1.85,1.66,1.59,1.45,1.21,1.65,3.83,4.4,5.13,2.66,3.53,1.97,1.5,1.2,1.17,1.21,1.21,1.11,1.08,1.31,1.26,1.14,1.27,1.96,3.51,1.75,2.23,2.08,1.9,1.97,2.78,3.21,4.15,98538.0761382678,701125.720532082,636970.670612133,570092.201803977,627372.578716124,978107.678174674,1367014.64133402,818135.015587683,1306159.40835925,1552935.63671691,826112.833704325,420141.321730965,384802.099275245,1255511.72380262,1697023.52072169,1877363.42655512,2026460.56195,2014895.98333116,462382.821870649,1068299.37111492,1257397.14216131,1257247.86007307,1130203.1751132,815128.97797962,949536.898573968,1092695.00827961,1353842.80313259,2261209.79168583,969640.614589454,486087.924145503,491353.248205331,1308567.70659841,1947111.54310851,1482154.50674247,2054871.02215,2068490.37772168,1956018.8934,1944042.86483539,143724.503075592,134774.818664793,275439.755899663,485477.662892545,701646.227328772,892652.485081319,618938.55969055,453812.680030201,390660.071069837,253825.79653493,339313.973200461,580425.484952499,617046.947573623,1000238.49040994,357261.762078854,500991.072652531,393862.648509326,337606.744162932,646093.795227097,937445.669405862,1287930.89260185,937230.528284339,TRUE,FALSE,FALSE,FALSE,FALSE,FALSE,FALSE,FALSE,FALSE,FALSE,FALSE,FALSE,FALSE,FALSE,FALSE,FALSE,FALSE,FALSE,FALSE,FALSE,FALSE,FALSE,FALSE,FALSE,FALSE,FALSE,FALSE,FALSE,FALSE,FALSE,FALSE,FALSE,FALSE,FALSE,FALSE,FALSE,FALSE,FALSE,FALSE,FALSE,FALSE,FALSE,FALSE,FALSE,FALSE,FALSE,FALSE,FALSE,FALSE,FALSE,FALSE,FALSE,FALSE,FALSE,FALSE,FALSE,FALSE,FALSE,FALSE,FALSE,FALSE,FALSE,FALSE,FALSE,FALSE,FALSE,FALSE,FALSE,FALSE,FALSE,FALSE,FALSE,FALSE,FALSE,FALSE,FALSE,FALSE,FALSE,FALSE,FALSE,FALSE,FALSE,FALSE,FALSE,FALSE,FALSE,FALSE,FALSE,FALSE,FALSE,FALSE,FALSE,FALSE,FALSE,FALSE,FALSE,FALSE,FALSE,FALSE,FALSE,FALSE,FALSE,FALSE,FALSE,FALSE,FALSE,FALSE,FALSE,FALSE,FALSE,FALSE,FALSE,FALSE,FALSE
"30 After",2023-05-30 11:01:39.02,"2023-05-30","11H 1M 39.02S","After","Aurora","V0333","Admin",1649,295,476,638,412,287,401,343,419,240,316,318,465,798,555,988,182,182,276,337,254,189,219,191,250,400,276,311,235,208,212,292,537,320,558,558,159,159,1011,452,468,452,456,292,549,441,695,518,320,407,663,624,199,323,383,306,239,340,582,256,-20.075,0,20.675,39.7,1.15,1.1,0.92,1.1,9.77,8.48,2.5,2.43,2.56,2.78,3.03,3.03,3.02,2.99,2.93,2.79,2.88,3.81,4.05,7.51,4.17,4.8,3.34,2.86,2.71,2.45,2.62,2.67,2.62,2.28,2.23,2.17,2.11,2,1.87,2.29,3.69,7.4,3.94,2.67,2.33,3.03,3.28,2.76,2.39,2.37,2.35,2.28,2.13,2.15,2.41,2.37,2.55,2.72,3.91,6.67,2.52,3.2,2.89,2.78,2.71,4.28,4.64,6.65,101142.584658934,701436.369404228,638402.870254712,569599.064528903,628194.779436181,975258.464786501,1368347.91978716,819347.405439495,1297416.91989779,1519766.66692068,833770.084914907,426945.150451075,392966.593560134,1274639.13903363,1687240.44617202,1886371.74172364,1968401.89667394,1969883.01889776,464033.102853307,1069826.20755769,1227169.24642791,1202962.07201581,1122819.92751165,827110.904336342,954541.355339248,1025096.59281217,1220911.39455863,2099470.97415135,1005869.95827333,509706.97303387,497330.369166143,1226735.79074274,1771350.97047991,1315524.81848266,1949556.42284624,1983988.51038064,1937343.55766085,1942009.75984799,141850.261415651,133420.244040775,274737.146211096,479887.4381995,684141.44311091,866825.686470994,620328.662777533,455465.490316914,394914.054817681,255513.507809961,339209.290498321,575579.673324071,606323.446792239,970197.263656436,383981.502364271,521346.368186648,411560.141365068,350088.689043567,645459.826501739,927589.610088576,1261387.83893815,908177.461251781,TRUE,TRUE,FALSE,FALSE,FALSE,FALSE,FALSE,FALSE,FALSE,FALSE,FALSE,FALSE,FALSE,FALSE,FALSE,TRUE,FALSE,FALSE,FALSE,FALSE,FALSE,FALSE,FALSE,FALSE,FALSE,FALSE,FALSE,FALSE,FALSE,FALSE,FALSE,FALSE,TRUE,FALSE,FALSE,FALSE,FALSE,FALSE,FALSE,FALSE,FALSE,FALSE,FALSE,FALSE,FALSE,FALSE,FALSE,FALSE,TRUE,FALSE,FALSE,FALSE,FALSE,FALSE,FALSE,FALSE,TRUE,FALSE,FALSE,FALSE,FALSE,FALSE,FALSE,FALSE,FALSE,FALSE,FALSE,FALSE,FALSE,FALSE,FALSE,FALSE,FALSE,FALSE,FALSE,FALSE,FALSE,FALSE,FALSE,FALSE,FALSE,FALSE,FALSE,FALSE,FALSE,FALSE,FALSE,FALSE,FALSE,FALSE,FALSE,FALSE,FALSE,FALSE,FALSE,FALSE,FALSE,FALSE,FALSE,FALSE,FALSE,FALSE,FALSE,FALSE,FALSE,FALSE,FALSE,FALSE,FALSE,FALSE,FALSE,FALSE,FALSE,FALSE
"30 Before",2023-05-30 10:53:55.25,"2023-05-30","10H 53M 55.25S","Before","Aurora","V0333","Admin",1809,304,492,669,427,292,412,353,435,247,323,326,490,865,583,1072,180,180,276,340,252,183,214,192,257,403,273,296,229,207,220,307,559,319,550,550,162,162,1039,459,473,462,467,298,553,452,703,517,323,410,669,632,195,320,376,303,234,333,574,251,-20.125,0,20.625,39.7,1.16,1.11,0.94,1.11,6.53,5.31,1.74,1.74,1.81,1.98,2.11,2.1,2.11,2.15,2.05,2.03,1.94,2.05,2.66,5.06,3.81,4.09,2.53,2.06,1.92,1.75,1.91,1.91,1.84,1.6,1.66,1.71,1.62,1.55,1.39,1.25,1.81,4.13,3.25,2.65,1.33,2.02,2.07,1.66,1.36,1.34,1.39,1.38,1.29,1.26,1.48,1.42,1.36,1.39,2.11,3.57,1.6,2.08,1.91,1.72,1.74,2.58,3,4.01,107437.882241735,745160.872586386,666515.124626166,603814.208128694,663235.23008259,1007289.24230506,1426384.78355982,864550.960741803,1371630.06733976,1599556.4392672,874098.7088363,448057.36731941,417563.626498694,1380643.99558282,1790629.41692186,2022293.87631476,1966401.05160831,1988605.28176245,476731.169838283,1104955.69363494,1252551.69063778,1190792.41672203,1138087.66443558,857250.650368456,1004690.62771064,1043557.03804865,1220382.23887036,2040356.52570969,1019985.98695504,521225.651783436,532854.72465089,1323854.0204872,1910455.15026609,1370778.75226432,1952764.95958876,1989189.82307638,2030326.59751629,2055702.75518264,151684.935585016,141387.03663627,290927.95216383,516259.566840116,734195.908449502,913766.088870616,648984.869633907,491360.954042467,413324.34628967,262044.232933707,360090.407288252,609602.816314886,643719.601950665,1043888.58052815,400758.583095567,544758.789763228,429741.58335286,366549.854151108,668465.103017673,959798.601817387,1321527.1403341,953346.806100597,TRUE,FALSE,FALSE,FALSE,FALSE,FALSE,FALSE,FALSE,FALSE,FALSE,FALSE,FALSE,FALSE,FALSE,FALSE,FALSE,FALSE,FALSE,FALSE,FALSE,FALSE,FALSE,FALSE,FALSE,FALSE,FALSE,FALSE,FALSE,FALSE,FALSE,FALSE,FALSE,FALSE,FALSE,FALSE,FALSE,FALSE,FALSE,FALSE,FALSE,FALSE,FALSE,FALSE,FALSE,FALSE,FALSE,FALSE,FALSE,FALSE,FALSE,FALSE,FALSE,FALSE,FALSE,FALSE,FALSE,FALSE,FALSE,FALSE,FALSE,FALSE,FALSE,FALSE,FALSE,FALSE,FALSE,FALSE,FALSE,FALSE,FALSE,FALSE,FALSE,FALSE,FALSE,FALSE,FALSE,FALSE,FALSE,FALSE,FALSE,FALSE,FALSE,FALSE,FALSE,FALSE,FALSE,FALSE,FALSE,FALSE,FALSE,FALSE,FALSE,FALSE,FALSE,FALSE,FALSE,FALSE,FALSE,FALSE,FALSE,FALSE,FALSE,FALSE,FALSE,FALSE,FALSE,FALSE,FALSE,FALSE,FALSE,FALSE,FALSE,FALSE,FALSE
"26 After",2023-05-26 14:32:47.39,"2023-05-26","14H 32M 47.39S","After","Aurora","V0333","Flow Core",1809,304,492,669,427,292,412,353,435,247,323,326,490,865,583,1072,180,180,276,340,252,183,214,192,257,403,273,296,229,207,220,307,559,319,550,550,162,162,1039,459,473,462,467,298,553,452,703,517,323,410,669,632,195,320,376,303,234,333,574,251,-20.1,0,20.625,39.65,1.16,1.11,0.94,1.11,6.39,5.37,1.65,1.71,1.81,2.02,2.19,2.21,2.15,2.2,2.11,2.1,2.17,2.48,2.51,4.92,3.7,4.03,2.23,2.18,2.18,2.17,2.23,2.11,1.95,1.8,1.87,1.95,1.89,1.77,1.58,1.3,1.54,3.34,1.86,1.78,4.19,4.8,3.36,3.16,3.04,2.79,2.78,2.56,2.49,2.48,2.66,2.68,2.74,2.89,3.5,5.14,1.82,2.32,2.16,1.97,2.12,2.93,3.4,4.21,116513.409597324,748116.572428763,676757.091551348,621677.540956766,669932.444670101,1010101.84744412,1439084.5037468,869775.611209204,1389577.57436041,1598130.00825656,875964.672746677,447783.878549224,433577.913176455,1499045.43600137,1878653.51331406,2233144.43583839,1985054.36155063,1989122.22787928,469341.360111671,1080973.28820489,1245385.6467543,1208881.14557141,1147873.93127601,840194.757178554,967855.147163028,1030464.14099555,1234502.77428048,2097627.71995391,1025355.03563608,507075.534500202,504385.260327787,1255617.41159163,1824884.97176859,1367588.00298436,1975911.93275316,1987784.01847949,1977688.93486287,1974602.16688384,143774.12258415,134694.45074221,277436.805910484,492610.351044284,701024.571248163,874506.137195638,621016.555423377,469800.142400184,394250.832883858,250459.426725942,345094.673791258,585607.793965505,619085.616402101,1005278.97148927,389694.172164404,530486.324389669,418655.64222592,357978.404225434,655259.80160099,940493.540597053,1296473.4177737,936327.627976573,TRUE,FALSE,FALSE,FALSE,FALSE,FALSE,FALSE,FALSE,FALSE,FALSE,FALSE,FALSE,FALSE,FALSE,FALSE,FALSE,FALSE,FALSE,FALSE,FALSE,FALSE,FALSE,FALSE,FALSE,FALSE,FALSE,FALSE,FALSE,FALSE,FALSE,FALSE,FALSE,FALSE,FALSE,FALSE,FALSE,FALSE,FALSE,FALSE,FALSE,FALSE,FALSE,FALSE,FALSE,FALSE,FALSE,FALSE,FALSE,FALSE,FALSE,FALSE,FALSE,FALSE,FALSE,FALSE,FALSE,FALSE,FALSE,FALSE,FALSE,FALSE,FALSE,FALSE,FALSE,FALSE,FALSE,FALSE,FALSE,FALSE,FALSE,FALSE,FALSE,FALSE,FALSE,FALSE,FALSE,FALSE,FALSE,FALSE,FALSE,FALSE,FALSE,FALSE,FALSE,FALSE,FALSE,FALSE,FALSE,FALSE,FALSE,FALSE,FALSE,FALSE,FALSE,FALSE,FALSE,FALSE,FALSE,FALSE,FALSE,FALSE,FALSE,FALSE,FALSE,FALSE,FALSE,FALSE,FALSE,FALSE,FALSE,FALSE,FALSE,FALSE,FALSE
"26 Before",2023-05-26 14:13:48.78,"2023-05-26","14H 13M 48.78S","Before","Aurora","V0333","Flow Core",1625,294,474,631,409,283,399,344,414,239,316,318,462,786,544,942,181,181,275,333,246,185,220,191,249,392,272,306,240,209,211,287,523,312,569,569,161,161,1010,449,468,450,453,292,552,443,692,514,321,406,658,619,203,330,389,311,237,336,573,250,-20.125,0,20.625,39.7,1.16,1.11,0.94,1.11,5.98,5.11,1.71,1.7,1.85,2.07,2.18,2.21,2.19,2.26,2.16,2.12,1.93,1.57,2.2,4.44,3.78,3.98,2.2,2.14,2.2,2.18,2.22,2.09,1.94,1.8,1.85,1.92,1.85,1.74,1.55,1.24,1.51,3.58,2.15,1.98,3.24,3.71,3.2,2.97,2.91,2.74,2.63,2.42,2.37,2.37,2.51,2.48,2.53,2.63,3.28,4.93,1.75,2.28,2.11,1.94,2,2.77,3.22,4.23,105326.214097375,725933.182638628,652753.842300158,581521.581087578,640350.99620129,985000.258562007,1390810.15852642,846736.383360428,1322642.06198694,1576272.24654053,847784.543879842,432066.745386865,400709.931947621,1330324.04203557,1751030.28088501,1940933.03495068,2013674.79238329,2020923.69658277,475635.907628406,1068490.62652275,1224339.60479132,1233978.25285634,1188749.69743175,840506.36507028,938462.331273792,1029703.02000325,1304515.92259875,2283750.67156293,1069934.24819555,509945.095996851,481754.955818006,1194523.81433543,1721541.63102701,1357057.24046664,2042375.36701474,2078624.61049433,1996858.47542998,2003132.78754413,144566.034638464,134886.229186303,280495.532205234,495525.057085954,718516.71978162,913906.988556079,630192.133284343,469451.799370086,397703.791672018,254035.844711775,348532.454646338,589301.774038903,626632.738969638,1014809.12853393,368004.599878359,513893.262230341,404400.704439854,348401.922555328,654803.998210045,942491.763775239,1291621.18738997,934572.646487828,FALSE,FALSE,FALSE,FALSE,FALSE,FALSE,FALSE,FALSE,FALSE,FALSE,FALSE,FALSE,FALSE,FALSE,FALSE,FALSE,FALSE,FALSE,FALSE,FALSE,FALSE,FALSE,FALSE,FALSE,FALSE,FALSE,FALSE,FALSE,FALSE,FALSE,FALSE,FALSE,FALSE,FALSE,FALSE,FALSE,FALSE,FALSE,FALSE,FALSE,FALSE,FALSE,FALSE,FALSE,FALSE,FALSE,FALSE,FALSE,FALSE,FALSE,FALSE,FALSE,FALSE,FALSE,FALSE,FALSE,FALSE,FALSE,FALSE,FALSE,FALSE,FALSE,FALSE,FALSE,FALSE,FALSE,FALSE,FALSE,FALSE,FALSE,FALSE,FALSE,FALSE,FALSE,FALSE,FALSE,FALSE,FALSE,FALSE,FALSE,FALSE,FALSE,FALSE,FALSE,FALSE,FALSE,FALSE,FALSE,FALSE,FALSE,FALSE,FALSE,FALSE,FALSE,FALSE,FALSE,FALSE,FALSE,FALSE,FALSE,FALSE,FALSE,FALSE,FALSE,FALSE,FALSE,FALSE,FALSE,FALSE,FALSE,FALSE,FALSE,FALSE,FALSE
"24 after",2023-05-24 09:28:39.54,"2023-05-24","9H 28M 39.54S","After","Aurora","V0333","Flow Core",1625,294,474,631,409,283,399,344,414,239,316,318,462,786,544,942,181,181,275,333,246,185,220,191,249,392,272,306,240,209,211,287,523,312,569,569,161,161,1010,449,468,450,453,292,552,443,692,514,321,406,658,619,203,330,389,311,237,336,573,250,-20.125,0,20.625,39.7,1.16,1.11,0.94,1.11,6.36,5.39,1.62,1.61,1.75,1.95,2.06,2.06,2.06,2.12,2.13,2.01,1.89,1.51,2.13,4.61,3.74,3.94,2.47,2.3,2.16,1.94,2,2,2.01,1.72,1.73,1.78,1.72,1.62,1.49,1.26,1.64,3.45,2.44,1.82,1.64,2.61,2.53,2.2,1.87,1.8,1.83,1.75,1.68,1.56,1.87,1.81,1.79,1.66,2.36,3.73,1.74,2.21,2.12,1.88,2.01,2.87,3.15,4.05,93690.6772653398,691935.345348547,633846.737625728,564059.387924599,623572.900623645,962181.901557415,1355350.22456362,822287.64176898,1270321.06845316,1503496.28702594,820505.275249,417893.601418182,378461.249734406,1220388.71689249,1645128.64983433,1759390.12399622,1993159.1440678,1991578.41415346,468110.59030786,1076697.66459041,1221431.66358023,1198164.50676841,1134009.14593682,831645.369245548,956634.495135766,1025999.21375699,1230821.00141956,2086093.87299089,1015075.56192407,506004.276008049,500346.234611485,1251843.77923072,1811668.89320812,1362077.20458523,1982240.74915254,2005144.27863976,1981471.71355932,1978751.78290193,143243.817327794,133173.000089959,276304.042868403,485800.879290393,695368.91333252,882667.043004565,625747.023671918,464970.474303713,396134.346176201,251693.045963385,344212.389009512,582126.234570269,618330.366346892,1002948.02376122,384967.0510882,524787.491411861,414843.034630923,354207.049823963,651885.116547345,935947.184489805,1285225.50072993,930207.891980984,TRUE,FALSE,FALSE,FALSE,FALSE,FALSE,FALSE,FALSE,FALSE,FALSE,FALSE,FALSE,FALSE,FALSE,FALSE,FALSE,FALSE,FALSE,FALSE,FALSE,FALSE,FALSE,FALSE,FALSE,FALSE,FALSE,FALSE,FALSE,FALSE,FALSE,FALSE,FALSE,FALSE,FALSE,FALSE,FALSE,FALSE,FALSE,FALSE,FALSE,FALSE,FALSE,FALSE,FALSE,FALSE,FALSE,FALSE,FALSE,FALSE,FALSE,FALSE,FALSE,FALSE,FALSE,FALSE,FALSE,FALSE,FALSE,FALSE,FALSE,FALSE,FALSE,FALSE,FALSE,FALSE,FALSE,FALSE,FALSE,FALSE,FALSE,FALSE,FALSE,FALSE,FALSE,FALSE,FALSE,FALSE,FALSE,FALSE,FALSE,FALSE,FALSE,FALSE,FALSE,FALSE,FALSE,FALSE,FALSE,FALSE,FALSE,FALSE,FALSE,FALSE,FALSE,FALSE,FALSE,FALSE,FALSE,FALSE,FALSE,FALSE,FALSE,FALSE,FALSE,FALSE,FALSE,FALSE,FALSE,FALSE,FALSE,FALSE,FALSE,FALSE,FALSE
"24 Before",2023-05-24 09:21:01.16,"2023-05-24","9H 21M 1.16S","Before","Aurora","V0333","Flow Core",1757,305,481,641,416,288,406,347,423,244,322,327,479,834,568,1025,181,181,284,346,250,182,217,196,262,397,263,286,234,218,230,313,564,313,552,552,162,162,1019,452,471,460,459,293,554,450,705,525,324,411,668,629,207,335,392,315,239,339,578,251,-20.1,0,20.675,39.7,1.16,1.11,0.94,1.11,6.12,5.75,1.7,1.65,1.8,2,2.16,2.21,2.14,2.2,2.11,2.05,1.97,1.49,2.28,4.91,3.65,3.93,2.59,2.36,2.25,1.87,1.99,2,2.04,1.72,1.75,1.76,1.72,1.62,1.52,1.25,1.77,3.79,2.76,1.96,1.56,2.66,2.42,2.03,1.68,1.67,1.68,1.62,1.55,1.49,1.72,1.71,1.68,1.65,2.31,3.73,1.84,2.35,2.26,1.98,2.08,2.89,3.25,4.23,110995.460886149,737492.91107728,647077.263204233,578081.7772545,636254.935678995,979820.071987604,1386066.15174109,831731.832864475,1327155.3774953,1583139.08236598,842999.616348073,434474.604670232,401321.622029335,1348635.92059542,1773139.9463923,2025361.81980446,1998038.05187747,2001595.6858791,484952.456201048,1133070.26142524,1252403.84353401,1185020.58836795,1123110.23776304,865524.780453893,1018703.54163101,1046164.0141558,1213220.29734032,1984941.46219232,990485.606728035,523617.138204988,545692.131644729,1359076.55035109,1954811.11822651,1373165.19132962,1929908.6506917,1954915.89966689,2005531.38735178,2007101.69026176,147563.605324181,135772.689122047,281825.928057051,498115.174444119,718120.158153666,898755.223465706,629461.274303689,474742.813337193,397157.972065415,256443.679583576,348948.926143947,594168.350616246,629752.9952328,1020736.0036903,382302.076159806,523668.17365474,413460.479191365,353764.664185157,654715.330738839,943560.260885543,1293190.15858548,932946.851146198,TRUE,FALSE,FALSE,FALSE,FALSE,FALSE,FALSE,FALSE,FALSE,FALSE,FALSE,FALSE,FALSE,FALSE,FALSE,FALSE,FALSE,FALSE,FALSE,FALSE,FALSE,FALSE,FALSE,FALSE,FALSE,FALSE,FALSE,FALSE,FALSE,FALSE,FALSE,FALSE,FALSE,FALSE,FALSE,FALSE,FALSE,FALSE,FALSE,FALSE,FALSE,FALSE,FALSE,FALSE,FALSE,FALSE,FALSE,FALSE,FALSE,FALSE,FALSE,FALSE,FALSE,FALSE,FALSE,FALSE,FALSE,FALSE,FALSE,FALSE,FALSE,FALSE,FALSE,FALSE,FALSE,FALSE,FALSE,FALSE,FALSE,FALSE,FALSE,FALSE,FALSE,FALSE,FALSE,FALSE,FALSE,FALSE,FALSE,FALSE,FALSE,FALSE,FALSE,FALSE,FALSE,FALSE,FALSE,FALSE,FALSE,FALSE,FALSE,FALSE,FALSE,FALSE,FALSE,FALSE,FALSE,FALSE,FALSE,FALSE,FALSE,FALSE,FALSE,FALSE,FALSE,FALSE,FALSE,FALSE,FALSE,FALSE,FALSE,FALSE,FALSE,FALSE
"19 After",2023-05-19 09:43:19.46,"2023-05-19","9H 43M 19.46S","After","Aurora","V0333","Flow Core",1757,305,481,641,416,288,406,347,423,244,322,327,479,834,568,1025,181,181,284,346,250,182,217,196,262,397,263,286,234,218,230,313,564,313,552,552,162,162,1019,452,471,460,459,293,554,450,705,525,324,411,668,629,207,335,392,315,239,339,578,251,-20.1,0,20.675,39.7,1.16,1.11,0.94,1.11,6.2,5.33,1.78,1.71,1.8,1.94,2.07,2.09,2.09,2.13,2.06,1.98,2.01,2.01,2.39,4.7,3.74,3.95,2.06,2.02,2.18,2.13,2.05,1.88,1.8,1.75,1.84,1.92,1.84,1.64,1.47,1.32,1.55,3.44,2.21,2.07,3.14,3.81,2.94,2.71,2.54,2.4,2.31,2.16,2.07,2.04,2.24,2.22,2.23,2.33,2.9,4.47,1.73,2.23,2.1,1.88,1.98,2.82,3.19,4.03,111516.692862692,737718.245050965,646254.786128668,577292.91810885,635087.352434057,976107.153206389,1379505.88848066,830384.110800333,1313905.14202598,1561668.46197835,840777.237561987,435163.532644907,401327.378389498,1340777.21697565,1771687.58978719,2015198.29854511,1996445.51404762,1996785.59775012,478369.211060948,1104250.07617848,1249505.72172443,1218085.02432153,1147420.95683701,846547.713029372,975375.933976825,1041761.02654798,1248166.46407312,2109975.99871109,1024614.84659632,513910.245330351,509664.659148202,1271538.43884116,1840706.02770143,1383514.81235995,1979661.97,2000176.94390811,1994500.54404762,1986759.8212441,148805.747996167,136975.991436749,282556.531594851,494013.377198905,706988.679221713,884690.428235297,625975.927033276,472213.915366542,396371.876638921,257591.763184604,348522.219011874,591775.837629876,627713.534227929,1017200.5968069,396361.613955062,537803.407585793,427078.634553482,364665.165961114,666222.683088801,957043.855726735,1311831.43974123,946681.792825659,TRUE,FALSE,FALSE,FALSE,FALSE,FALSE,FALSE,FALSE,FALSE,FALSE,FALSE,FALSE,FALSE,FALSE,FALSE,FALSE,FALSE,FALSE,FALSE,FALSE,FALSE,FALSE,FALSE,FALSE,FALSE,FALSE,FALSE,FALSE,FALSE,FALSE,FALSE,FALSE,FALSE,FALSE,FALSE,FALSE,FALSE,FALSE,FALSE,FALSE,FALSE,FALSE,FALSE,FALSE,FALSE,FALSE,FALSE,FALSE,FALSE,FALSE,FALSE,FALSE,FALSE,FALSE,FALSE,FALSE,FALSE,FALSE,FALSE,FALSE,FALSE,FALSE,FALSE,FALSE,FALSE,FALSE,FALSE,FALSE,FALSE,FALSE,FALSE,FALSE,FALSE,FALSE,FALSE,FALSE,FALSE,FALSE,FALSE,FALSE,FALSE,FALSE,FALSE,FALSE,FALSE,FALSE,FALSE,FALSE,FALSE,FALSE,FALSE,FALSE,FALSE,FALSE,FALSE,FALSE,FALSE,FALSE,FALSE,FALSE,FALSE,FALSE,FALSE,FALSE,FALSE,FALSE,FALSE,FALSE,FALSE,FALSE,FALSE,FALSE,FALSE,FALSE
"19 Before",2023-05-19 09:33:49.48,"2023-05-19","9H 33M 49.48S","Before","Aurora","V0333","Flow Core",1795,299,484,662,424,293,413,349,428,242,324,328,491,866,580,1063,182,182,269,331,249,188,224,192,249,382,259,299,256,233,229,289,516,289,550,550,158,158,1007,450,468,459,457,293,558,448,699,524,323,408,665,624,206,333,394,312,239,338,579,251,-20.075,0,20.6,39.55,1.16,1.11,0.94,1.11,6.1,5.44,1.64,1.63,1.72,1.92,2.07,2.07,1.99,2.09,2,1.97,1.84,1.55,2.29,4.89,3.69,4.04,2.05,2.04,2.21,2.16,2.02,1.87,1.78,1.69,1.83,1.94,1.83,1.63,1.46,1.25,1.5,3.62,2.34,2.23,3.16,3.74,3.08,2.84,2.7,2.53,2.42,2.24,2.19,2.15,2.32,2.37,2.39,2.42,3.08,4.75,1.77,2.27,2.13,1.95,2.01,2.93,3.35,4.27,104730.385579372,712566.039795719,649384.264869292,588522.916280091,644867.157188251,1001683.79852164,1402865.07208749,840568.096313547,1335614.10597278,1555704.62815497,849372.404442762,432977.506883401,405050.364706492,1351136.31548083,1766045.81224204,1987581.51916739,2012206.5498155,2017947.27754117,453571.555172102,1060770.87140257,1243932.94596807,1263073.61622883,1186927.89717988,823706.410731044,920931.680177861,1011528.05693813,1236572.35451852,2222660.52920535,1113101.92601309,543987.67478307,505450.947649374,1181935.39450758,1692892.74872512,1276505.71319332,1980692.56296125,1993973.74417666,1956087.5076107,1958032.00930329,144356.922069516,133974.019206994,277917.997100504,495501.683037295,702301.781631105,892884.747922203,639082.573739975,465611.753769826,396255.701140039,257099.63928547,348725.821188646,587482.528230989,625825.893054579,1018262.57144142,392812.468262313,535027.410763579,423770.793241044,361748.86160794,666056.398051062,953396.033139406,1314936.63114637,949434.822384463,TRUE,FALSE,FALSE,FALSE,FALSE,FALSE,FALSE,FALSE,FALSE,FALSE,FALSE,FALSE,FALSE,FALSE,FALSE,FALSE,FALSE,FALSE,FALSE,FALSE,FALSE,FALSE,FALSE,FALSE,FALSE,FALSE,FALSE,FALSE,FALSE,FALSE,FALSE,FALSE,FALSE,FALSE,FALSE,FALSE,FALSE,FALSE,FALSE,FALSE,FALSE,FALSE,FALSE,FALSE,FALSE,FALSE,FALSE,FALSE,FALSE,FALSE,FALSE,FALSE,FALSE,FALSE,FALSE,FALSE,FALSE,FALSE,FALSE,FALSE,FALSE,FALSE,FALSE,FALSE,FALSE,FALSE,FALSE,FALSE,FALSE,FALSE,FALSE,FALSE,FALSE,FALSE,FALSE,FALSE,FALSE,FALSE,FALSE,FALSE,FALSE,FALSE,FALSE,FALSE,FALSE,FALSE,FALSE,FALSE,FALSE,FALSE,FALSE,FALSE,FALSE,FALSE,FALSE,FALSE,FALSE,FALSE,FALSE,FALSE,FALSE,FALSE,FALSE,FALSE,FALSE,FALSE,FALSE,FALSE,FALSE,FALSE,FALSE,FALSE,FALSE,FALSE
"18 After",2023-05-18 09:54:50.76,"2023-05-18","9H 54M 50.76S","After","Aurora","V0333","Flow Core",1795,299,484,662,424,293,413,349,428,242,324,328,491,866,580,1063,182,182,269,331,249,188,224,192,249,382,259,299,256,233,229,289,516,289,550,550,158,158,1007,450,468,459,457,293,558,448,699,524,323,408,665,624,206,333,394,312,239,338,579,251,-20.075,0,20.6,39.55,1.16,1.11,0.94,1.11,7.34,5.45,1.64,1.75,1.8,2,2.14,2.16,2.16,2.18,2.14,2.12,2.52,3.72,3.32,6.07,3.67,4.01,2.64,2.31,2.12,1.84,1.85,1.85,1.87,1.8,1.89,1.88,1.62,1.57,1.44,1.28,1.65,3.65,1.82,1.62,3.74,4.22,3.4,3.22,3.14,2.94,2.86,2.65,2.58,2.58,2.72,2.75,2.77,2.82,3.4,5.05,1.65,2.17,2,1.77,1.83,2.68,3.05,3.92,121925.902862563,753008.838287325,680137.292639909,621117.169852142,672305.187931839,1035482.23591983,1460208.27473978,874321.790186852,1397795.19434991,1607810.44128805,886020.223201491,453490.238841343,440040.902231519,1527464.28561545,1912879.48404404,2277596.02421377,2028188.2016,2032285.26844343,477911.995345016,1107215.02881933,1251475.94352941,1227144.92420692,1166196.73544813,848844.415724635,979467.452475936,1055126.40871909,1245579.58409611,2128999.27790513,1030891.39651202,522203.765811853,513621.091779522,1273315.3868181,1851474.65009936,1392738.22813764,1992247.3577,2007514.06136836,1989688.92365,1991552.00072051,145663.123649356,135519.600034163,280762.068717442,498550.793881704,705307.230615767,894762.011738071,642865.620232807,470205.403873001,399828.27861045,259502.071881525,351723.735686122,591569.811114918,630256.392099223,1023564.99830585,400807.350682094,543565.708618236,430287.463615126,367234.1889731,673120.272690253,962619.014447888,1323025.24613213,954960.562642028,TRUE,FALSE,FALSE,FALSE,FALSE,FALSE,FALSE,FALSE,FALSE,FALSE,FALSE,FALSE,FALSE,FALSE,FALSE,TRUE,FALSE,FALSE,FALSE,FALSE,FALSE,FALSE,FALSE,FALSE,FALSE,FALSE,FALSE,FALSE,FALSE,FALSE,FALSE,FALSE,FALSE,FALSE,FALSE,FALSE,FALSE,FALSE,FALSE,FALSE,FALSE,FALSE,FALSE,FALSE,FALSE,FALSE,FALSE,FALSE,FALSE,FALSE,FALSE,FALSE,FALSE,FALSE,FALSE,FALSE,FALSE,FALSE,FALSE,FALSE,FALSE,FALSE,FALSE,FALSE,FALSE,FALSE,FALSE,FALSE,FALSE,FALSE,FALSE,FALSE,FALSE,FALSE,FALSE,FALSE,FALSE,FALSE,FALSE,FALSE,FALSE,FALSE,FALSE,FALSE,FALSE,FALSE,FALSE,FALSE,FALSE,FALSE,FALSE,FALSE,FALSE,FALSE,FALSE,FALSE,FALSE,FALSE,FALSE,FALSE,FALSE,FALSE,FALSE,FALSE,FALSE,FALSE,FALSE,FALSE,FALSE,FALSE,FALSE,FALSE,FALSE,FALSE
"18 Before",2023-05-18 09:46:27.96,"2023-05-18","9H 46M 27.96S","Before","Aurora","V0333","Flow Core",1910,308,491,653,422,289,410,351,430,244,321,319,488,887,599,1162,181,181,276,335,254,187,216,190,251,400,275,304,227,204,211,296,547,331,537,537,162,162,1016,451,468,454,458,294,541,441,692,514,323,412,682,658,188,307,365,298,235,339,592,265,-20.025,0,20.725,39.775,1.16,1.1,0.93,1.11,7.21,5.4,1.61,1.74,1.78,1.96,2.11,2.16,2.17,2.19,2.15,2.14,2.61,3.86,3.33,6.06,3.61,3.96,2.63,2.27,2.05,1.77,1.81,1.82,1.85,1.78,1.87,1.84,1.6,1.53,1.4,1.23,1.65,3.79,1.8,1.51,3.57,4.01,3.34,3.15,3.01,2.83,2.73,2.53,2.5,2.47,2.65,2.67,2.74,2.77,3.37,5.09,1.65,2.16,1.98,1.75,1.77,2.63,3.04,3.93,129197.615865153,777682.258104942,692081.182343432,623690.017593501,675830.969167381,1018641.64104922,1467160.05512185,886677.439535556,1408761.30158447,1646457.23885119,874904.463236261,441611.978776319,434951.123435843,1546212.17346699,1955551.98585313,2469532.55168933,2010630.4686,2025183.43122966,489412.788947705,1121103.73381359,1276775.77241493,1229168.064663,1132679.33797069,847472.59973159,994929.548325082,1114061.66777811,1340857.0461934,2205142.20127097,931426.186524612,461280.911783548,475130.235322091,1311962.03994095,1982880.65737017,1612702.71117969,1940781.39835,1947194.84184297,2045947.11105,2030318.17038901,144179.083146206,136312.185208917,278907.167973123,491682.242668928,710428.105059368,901750.16146577,616121.422120598,459185.043153258,395374.895680122,252227.870547768,349471.665791459,597400.422093771,640696.495751123,1074267.07457162,349658.882390556,487634.909423283,387284.286499614,333765.570681138,648094.712335975,953154.009564386,1342205.80798219,993124.108035984,TRUE,FALSE,FALSE,FALSE,FALSE,FALSE,FALSE,FALSE,FALSE,FALSE,FALSE,FALSE,FALSE,FALSE,FALSE,TRUE,FALSE,FALSE,FALSE,FALSE,FALSE,FALSE,FALSE,FALSE,FALSE,FALSE,FALSE,FALSE,FALSE,FALSE,FALSE,FALSE,FALSE,FALSE,FALSE,FALSE,FALSE,FALSE,FALSE,FALSE,FALSE,FALSE,FALSE,FALSE,FALSE,FALSE,FALSE,FALSE,FALSE,FALSE,FALSE,FALSE,FALSE,FALSE,FALSE,FALSE,FALSE,FALSE,FALSE,FALSE,FALSE,FALSE,FALSE,FALSE,FALSE,FALSE,FALSE,FALSE,FALSE,FALSE,FALSE,FALSE,FALSE,FALSE,FALSE,FALSE,FALSE,FALSE,FALSE,FALSE,FALSE,FALSE,FALSE,FALSE,FALSE,FALSE,FALSE,FALSE,FALSE,FALSE,FALSE,FALSE,FALSE,FALSE,FALSE,FALSE,FALSE,FALSE,FALSE,FALSE,FALSE,FALSE,FALSE,FALSE,FALSE,FALSE,FALSE,FALSE,FALSE,FALSE,FALSE,FALSE,FALSE,FALSE
"17 After",2023-05-17 10:20:46.16,"2023-05-17","10H 20M 46.16S","After","Aurora","V0333","Flow Core",1910,308,491,653,422,289,410,351,430,244,321,319,488,887,599,1162,181,181,276,335,254,187,216,190,251,400,275,304,227,204,211,296,547,331,537,537,162,162,1016,451,468,454,458,294,541,441,692,514,323,412,682,658,188,307,365,298,235,339,592,265,-20.025,0,20.725,39.775,1.16,1.1,0.93,1.11,6.16,5.35,1.68,1.69,1.79,2.06,2.14,2.21,2.13,2.15,2.16,2.16,1.95,1.59,2.41,5,3.65,3.95,2.44,2.06,1.99,1.79,1.99,1.93,1.89,1.69,1.69,1.8,1.84,1.87,1.52,1.23,1.74,4.02,2.79,3.05,3.07,3.68,2.05,1.69,1.45,1.43,1.39,1.39,1.49,1.61,1.75,1.56,1.33,1.54,2.23,3.88,2.72,2.88,2.88,2.34,1.85,2.65,3.18,4.29,126626.353861074,766341.306460504,669611.394199524,603264.291686477,658094.237259373,1000994.29405221,1437190.52359562,874024.390313959,1378811.71098758,1612044.3300032,884499.06220006,448881.130893734,433323.359647171,1501709.39620713,1909714.30945164,2304474.47705269,1993939.45183824,1999190.30787455,477611.278167908,1092956.96098315,1253649.12013129,1225584.64034662,1156103.15893207,852242.929065034,975668.059591248,1047792.17358941,1244033.49075453,2139723.93338355,1027387.47474208,519457.10084304,511795.245857509,1273074.11039965,1847908.68899898,1382298.81895134,1968799.6,1980893.67566923,1999648.5,1984351.64004761,144455.324507314,136147.305171179,279838.281238574,489774.397446592,696848.9487845,882510.952949632,627655.769785037,466908.281825739,404728.308101319,256832.370578906,349150.496553111,591813.577495033,622780.556123179,1016638.9835459,393067.027307233,538241.536790456,427792.811848248,362692.67773009,665168.469557022,959589.167137429,1320881.21447144,950634.953375451,TRUE,FALSE,FALSE,FALSE,FALSE,FALSE,FALSE,FALSE,FALSE,FALSE,FALSE,FALSE,FALSE,FALSE,FALSE,FALSE,FALSE,FALSE,FALSE,FALSE,FALSE,FALSE,FALSE,FALSE,FALSE,FALSE,FALSE,FALSE,FALSE,FALSE,FALSE,FALSE,FALSE,FALSE,FALSE,FALSE,FALSE,FALSE,FALSE,FALSE,FALSE,FALSE,FALSE,FALSE,FALSE,FALSE,FALSE,FALSE,FALSE,FALSE,FALSE,FALSE,FALSE,FALSE,FALSE,FALSE,FALSE,FALSE,FALSE,FALSE,FALSE,FALSE,FALSE,FALSE,FALSE,FALSE,FALSE,FALSE,FALSE,FALSE,FALSE,FALSE,FALSE,FALSE,FALSE,FALSE,FALSE,FALSE,FALSE,FALSE,FALSE,FALSE,FALSE,FALSE,FALSE,FALSE,FALSE,FALSE,FALSE,FALSE,FALSE,FALSE,FALSE,FALSE,FALSE,FALSE,FALSE,FALSE,FALSE,FALSE,FALSE,FALSE,FALSE,FALSE,FALSE,FALSE,FALSE,FALSE,FALSE,FALSE,FALSE,FALSE,FALSE,FALSE
"17 Before",2023-05-17 10:14:20.87,"2023-05-17","10H 14M 20.87S","Before","Aurora","V0333","Flow Core",1739,312,498,660,434,299,421,363,439,251,332,337,495,847,586,1041,181,181,273,339,254,187,214,189,252,399,273,299,234,208,215,299,546,319,550,550,161,161,1013,452,472,457,452,293,561,453,703,523,323,407,662,624,206,332,395,313,238,336,573,249,-20.15,0,20.625,39.7,1.16,1.12,0.95,1.1,6.17,5.21,1.48,1.57,1.68,1.88,1.99,2.04,2,2.09,2.08,2.05,1.75,1.44,2.4,4.87,3.69,3.99,2.53,2.07,1.98,1.87,2.08,2.03,1.9,1.65,1.7,1.72,1.8,1.81,1.46,1.25,1.75,3.86,2.59,2.67,3.4,3.95,2.16,1.73,1.52,1.45,1.41,1.38,1.57,1.56,1.7,1.58,1.35,1.59,2.27,3.97,3.02,3.05,3.09,2.47,1.81,2.56,3.03,4.11,107772.81221734,765370.108810048,684366.569704324,609192.941380183,679609.869834762,1038015.57947185,1480698.19051367,907208.681835789,1399633.24767517,1645940.21334573,918175.79089768,471942.758208943,435591.717427771,1409261.75815269,1829500.38472646,1975052.23648145,2004006.53742284,2016586.07193219,477435.448974969,1113077.7531278,1263007.99234348,1236817.10671906,1159305.84908947,853346.991557845,991502.109173011,1042590.40279037,1243289.38714813,2117483.89278348,1063684.82352066,541307.199938198,525151.542401467,1289802.66909801,1840380.81425393,1341072.69193704,2038351.02662037,2092631.02793602,2001573.30825617,2036276.39937852,150027.299205858,141107.979837649,292530.959331887,512141.534963166,720720.539370297,912387.408211985,671480.237182801,497902.778212607,418872.774625418,270183.941804056,360259.685478873,601408.603387848,624481.758858213,995487.588281921,446588.779405881,599726.749955185,474373.142403443,399440.495066276,698290.609660858,982458.361881583,1316247.70002616,926121.372601654,TRUE,FALSE,FALSE,FALSE,FALSE,FALSE,FALSE,FALSE,FALSE,FALSE,FALSE,FALSE,FALSE,FALSE,FALSE,FALSE,FALSE,FALSE,FALSE,FALSE,FALSE,FALSE,FALSE,FALSE,FALSE,FALSE,FALSE,FALSE,FALSE,FALSE,FALSE,FALSE,FALSE,FALSE,FALSE,FALSE,FALSE,FALSE,FALSE,FALSE,FALSE,FALSE,FALSE,FALSE,FALSE,FALSE,FALSE,FALSE,FALSE,FALSE,FALSE,FALSE,FALSE,FALSE,FALSE,FALSE,FALSE,FALSE,FALSE,FALSE,FALSE,FALSE,FALSE,FALSE,FALSE,FALSE,FALSE,FALSE,FALSE,FALSE,FALSE,FALSE,FALSE,FALSE,FALSE,FALSE,FALSE,FALSE,FALSE,FALSE,FALSE,FALSE,FALSE,FALSE,FALSE,FALSE,FALSE,FALSE,FALSE,FALSE,FALSE,FALSE,FALSE,FALSE,FALSE,FALSE,FALSE,FALSE,FALSE,FALSE,FALSE,FALSE,FALSE,FALSE,FALSE,FALSE,FALSE,FALSE,FALSE,FALSE,FALSE,FALSE,FALSE,FALSE
"16 After",2023-05-16 10:37:55.66,"2023-05-16","10H 37M 55.66S","After","Aurora","V0333","Flow Core",1739,312,498,660,434,299,421,363,439,251,332,337,495,847,586,1041,181,181,273,339,254,187,214,189,252,399,273,299,234,208,215,299,546,319,550,550,161,161,1013,452,472,457,452,293,561,453,703,523,323,407,662,624,206,332,395,313,238,336,573,249,-20.15,0,20.625,39.7,1.16,1.12,0.95,1.1,6.61,5.72,1.43,1.31,1.3,1.45,1.55,1.62,1.62,1.72,1.63,1.56,1.67,1.96,2.61,5.25,3.83,4.21,2.53,2.13,2.03,1.94,2.16,2.09,1.94,1.69,1.77,1.86,1.8,1.7,1.52,1.26,1.61,3.38,1.9,1.68,3.73,4.36,3.34,3.19,3.03,2.8,2.74,2.52,2.46,2.45,2.66,2.61,2.68,2.79,3.26,4.96,1.79,2.32,2.17,1.94,2.04,2.82,3.2,4.09,102551.950327592,719282.601040108,628473.77849944,556069.688087605,623433.41300727,955028.110130869,1352036.95028625,828659.014630524,1279479.81729146,1514361.71105371,826380.323458153,421928.448656009,391755.324493138,1290420.09945951,1720234.85275546,1923182.74262717,2000379.89393354,1994895.23402164,467930.735603817,1088215.97770945,1235206.07998201,1213206.74163463,1141064.62942778,837014.802772434,969290.224923087,1017014.04769351,1229804.22267258,2090106.7029356,1017232.93392346,514071.425426232,503453.469509086,1253955.7812328,1815443.99468117,1371098.23172928,1982556.29115147,1999003.81739942,1974252.12055641,1979031.43185237,143413.771420072,135126.341227365,281481.264090235,493267.591498549,698464.219237747,887056.241852529,634326.372348745,471733.690283232,396833.011824964,256702.977591027,348583.626235968,587014.372893383,619685.083992891,1014681.95753147,393354.954103071,534909.229882114,423269.544171525,362194.894368635,664108.760584377,950536.74887397,1305091.8505248,942596.250183439,TRUE,FALSE,FALSE,FALSE,FALSE,FALSE,FALSE,FALSE,FALSE,FALSE,FALSE,FALSE,FALSE,FALSE,FALSE,FALSE,FALSE,FALSE,FALSE,FALSE,FALSE,FALSE,FALSE,FALSE,FALSE,FALSE,FALSE,FALSE,FALSE,FALSE,FALSE,FALSE,FALSE,FALSE,FALSE,FALSE,FALSE,FALSE,FALSE,FALSE,FALSE,FALSE,FALSE,FALSE,FALSE,FALSE,FALSE,FALSE,FALSE,FALSE,FALSE,FALSE,FALSE,FALSE,FALSE,FALSE,FALSE,FALSE,FALSE,FALSE,FALSE,FALSE,FALSE,FALSE,FALSE,FALSE,FALSE,FALSE,FALSE,FALSE,FALSE,FALSE,FALSE,FALSE,FALSE,FALSE,FALSE,FALSE,FALSE,FALSE,FALSE,FALSE,FALSE,FALSE,FALSE,FALSE,FALSE,FALSE,FALSE,FALSE,FALSE,FALSE,FALSE,FALSE,FALSE,FALSE,FALSE,FALSE,FALSE,FALSE,FALSE,FALSE,FALSE,FALSE,FALSE,FALSE,FALSE,FALSE,FALSE,FALSE,FALSE,FALSE,FALSE,FALSE
"16 Before",2023-05-16 10:26:12.91,"2023-05-16","10H 26M 12.91S","Before","Aurora","V0333","Flow Core",1617,297,473,632,408,283,396,341,418,241,312,315,454,782,543,967,182,182,279,344,257,186,214,192,256,405,274,301,229,206,218,305,559,325,551,551,159,159,1016,449,464,452,456,294,541,441,689,514,319,406,662,630,194,316,377,304,235,335,576,253,-20.1,0,20.675,39.65,1.16,1.11,0.93,1.11,6.59,5.61,1.45,1.3,1.41,1.59,1.72,1.77,1.71,1.81,1.72,1.64,1.57,1.44,2.47,5.11,3.67,3.97,2.46,1.97,1.97,1.84,2.1,1.98,1.83,1.59,1.68,1.73,1.71,1.6,1.43,1.27,1.67,3.8,2.56,2.01,2.21,3,2.85,2.55,2.33,2.21,2.2,2.03,1.91,1.89,2.08,2.16,2.04,1.98,2.7,4.3,1.8,2.28,2.13,1.89,1.89,2.76,3.18,4.04,104369.924078038,707616.656143203,627298.154632263,562078.830444261,607694.338067195,945460.738106616,1319985.68428469,801597.090419472,1286450.60245237,1523063.66080932,796727.101414564,410173.393176778,380514.220748895,1286254.61333002,1701266.27231782,1971229.29841311,2007404.00892857,2006200.33111359,483160.532057013,1100082.5354831,1261531.49595638,1207773.04380301,1145814.47908435,851637.690347096,976100.784569767,1049000.18261366,1269017.81416855,2160430.16652069,1012364.18411246,503447.136906881,508495.213154329,1274021.136455,1860807.66499691,1398023.52522221,1950793.38345865,1961176.65880705,1972937.94642857,1973168.28587077,144178.056270404,134177.967817419,279392.978822591,492574.133741624,712424.794650735,905598.490515982,615486.29354099,459001.127173855,388196.37172298,252249.687406321,344472.646778108,585637.379437772,622200.818450489,1024895.30774433,348764.159864156,489100.536199155,388626.62380107,335020.388119274,635930.027082304,926785.612945989,1273071.90604897,932961.624552898,TRUE,FALSE,FALSE,FALSE,FALSE,FALSE,FALSE,FALSE,FALSE,FALSE,FALSE,FALSE,FALSE,FALSE,FALSE,FALSE,FALSE,FALSE,FALSE,FALSE,FALSE,FALSE,FALSE,FALSE,FALSE,FALSE,FALSE,FALSE,FALSE,FALSE,FALSE,FALSE,FALSE,FALSE,FALSE,FALSE,FALSE,FALSE,FALSE,FALSE,FALSE,FALSE,FALSE,FALSE,FALSE,FALSE,FALSE,FALSE,FALSE,FALSE,FALSE,FALSE,FALSE,FALSE,FALSE,FALSE,FALSE,FALSE,FALSE,FALSE,FALSE,FALSE,FALSE,FALSE,FALSE,FALSE,FALSE,FALSE,FALSE,FALSE,FALSE,FALSE,FALSE,FALSE,FALSE,FALSE,FALSE,FALSE,FALSE,FALSE,FALSE,FALSE,FALSE,FALSE,FALSE,FALSE,FALSE,FALSE,FALSE,FALSE,FALSE,FALSE,FALSE,FALSE,FALSE,FALSE,FALSE,FALSE,FALSE,FALSE,FALSE,FALSE,FALSE,FALSE,FALSE,FALSE,FALSE,FALSE,FALSE,FALSE,FALSE,FALSE,FALSE,FALSE
"12 After",2023-05-12 09:55:20.29,"2023-05-12","9H 55M 20.29S","After","Aurora","V0333","Admin",1617,297,473,632,408,283,396,341,418,241,312,315,454,782,543,967,182,182,279,344,257,186,214,192,256,405,274,301,229,206,218,305,559,325,551,551,159,159,1016,449,464,452,456,294,541,441,689,514,319,406,662,630,194,316,377,304,235,335,576,253,-20.1,0,20.675,39.65,1.16,1.11,0.93,1.11,6.75,5.5,1.7,1.76,1.74,1.9,2.06,2.07,2.07,2.12,2.02,2,2.3,3.1,3.04,5.62,3.64,3.92,2.11,1.88,1.88,1.82,1.98,1.85,1.74,1.55,1.65,1.72,1.68,1.53,1.37,1.2,1.6,3.78,1.73,1.43,3.36,3.84,3.38,3.14,3.05,2.83,2.75,2.57,2.51,2.47,2.66,2.62,2.69,2.71,3.34,5.07,1.73,2.26,2.09,1.88,1.92,2.76,3.11,4.07,101562.208966262,724332.490476172,641809.195880323,571209.101181637,622723.698138839,977590.844523013,1364481.67866223,830539.577632256,1314657.83830682,1545720.99957635,831372.980348234,429005.911938111,389774.264289889,1279834.18134276,1720293.54452151,1914100.44000988,2019648.92564953,2024907.77433828,479667.950092696,1092121.37638117,1261630.77180497,1220468.22546412,1154943.99064328,850288.449999614,971204.973299134,1045387.29301756,1251181.17097989,2154019.64957852,1038773.55833761,512821.601963298,510417.420596993,1273379.40427537,1852341.91184262,1390189.90521251,1991191.47546987,2008343.8329954,1998712.79995854,2002697.9876843,144993.093474147,134768.435539197,282170.815873314,492735.095764971,703355.911081814,891073.194941378,632609.781511037,467334.29442967,397309.408687533,257609.240063677,349309.385496233,591181.029442047,624450.679405616,1021024.96731858,390869.784787867,531477.564177562,424811.152519207,361164.271624234,662925.621747056,956815.513396256,1301392.279396,943982.15737909,TRUE,FALSE,FALSE,FALSE,FALSE,FALSE,FALSE,FALSE,FALSE,FALSE,FALSE,FALSE,FALSE,FALSE,FALSE,FALSE,FALSE,FALSE,FALSE,FALSE,FALSE,FALSE,FALSE,FALSE,FALSE,FALSE,FALSE,FALSE,FALSE,FALSE,FALSE,FALSE,FALSE,FALSE,FALSE,FALSE,FALSE,FALSE,FALSE,FALSE,FALSE,FALSE,FALSE,FALSE,FALSE,FALSE,FALSE,FALSE,FALSE,FALSE,FALSE,FALSE,FALSE,FALSE,FALSE,FALSE,FALSE,FALSE,FALSE,FALSE,FALSE,FALSE,FALSE,FALSE,FALSE,FALSE,FALSE,FALSE,FALSE,FALSE,FALSE,FALSE,FALSE,FALSE,FALSE,FALSE,FALSE,FALSE,FALSE,FALSE,FALSE,FALSE,FALSE,FALSE,FALSE,FALSE,FALSE,FALSE,FALSE,FALSE,FALSE,FALSE,FALSE,FALSE,FALSE,FALSE,FALSE,FALSE,FALSE,FALSE,FALSE,FALSE,FALSE,FALSE,FALSE,FALSE,FALSE,FALSE,FALSE,FALSE,FALSE,FALSE,FALSE,FALSE
"12 Before",2023-05-12 09:38:46.87,"2023-05-12","9H 38M 46.87S","Before","Aurora","V0333","Admin",1912,318,503,690,440,304,432,368,444,250,339,344,519,913,611,1139,182,182,273,331,249,188,225,194,251,373,249,287,255,232,232,295,519,291,554,554,156,156,1015,450,468,447,443,282,546,444,694,518,318,404,654,617,217,348,415,326,243,342,582,254,-20.275,0,20.75,39.875,1.16,1.11,0.94,1.1,6.33,5.4,1.6,1.53,1.62,1.8,1.93,1.98,1.96,2.03,1.93,1.86,1.74,1.63,2.6,4.95,3.54,3.93,1.99,1.82,1.88,1.83,1.96,1.82,1.68,1.54,1.64,1.72,1.66,1.52,1.34,1.22,1.7,4.17,1.69,1.24,3.04,3.46,3.27,3.03,2.91,2.75,2.64,2.46,2.4,2.41,2.53,2.55,2.63,2.71,3.4,5.3,1.66,2.18,1.99,1.76,1.8,2.68,3.06,4,125364.602675369,783961.506882044,682844.095156091,625565.934769497,674694.808882445,1045145.18161474,1494031.37495323,903924.884908903,1393023.21639682,1610347.28279204,917752.066041638,470374.961457704,453626.233443745,1526699.33094616,1943943.25762422,2333336.61048104,2003627.32577434,2021000.52350795,462002.604691185,1050554.02129796,1216421.33471642,1237645.25194954,1204009.78086074,855496.45777228,941365.128808285,960087.447891386,1137810.35931599,2079230.53574641,1137286.93831621,566962.145760756,534951.989226751,1219674.68293328,1706179.17706206,1245496.16739478,2002772.29590708,2034537.308938,1962500.52212389,1986231.38949165,146095.038832453,135757.056665937,283297.187158209,488620.574535211,686514.538733653,865779.862933129,634376.027600231,475621.735488724,407147.602465788,263369.022264593,348453.936346219,589929.178568229,622964.618254892,1009707.02202549,444896.870032476,584196.813071354,472420.519690954,392861.087142849,691812.001835369,985392.667643179,1338352.79232091,964285.650349417,TRUE,FALSE,FALSE,FALSE,FALSE,FALSE,FALSE,FALSE,FALSE,FALSE,FALSE,FALSE,FALSE,FALSE,FALSE,FALSE,FALSE,FALSE,FALSE,FALSE,FALSE,FALSE,FALSE,FALSE,FALSE,FALSE,FALSE,FALSE,FALSE,FALSE,FALSE,FALSE,FALSE,FALSE,FALSE,FALSE,FALSE,FALSE,FALSE,FALSE,FALSE,FALSE,FALSE,FALSE,FALSE,FALSE,FALSE,FALSE,FALSE,FALSE,FALSE,FALSE,FALSE,FALSE,FALSE,FALSE,FALSE,FALSE,FALSE,FALSE,FALSE,FALSE,FALSE,FALSE,FALSE,FALSE,FALSE,FALSE,FALSE,FALSE,FALSE,FALSE,FALSE,FALSE,FALSE,FALSE,FALSE,FALSE,FALSE,FALSE,FALSE,FALSE,FALSE,FALSE,FALSE,FALSE,FALSE,FALSE,FALSE,FALSE,FALSE,FALSE,FALSE,FALSE,FALSE,FALSE,FALSE,FALSE,FALSE,FALSE,FALSE,FALSE,FALSE,FALSE,FALSE,FALSE,FALSE,FALSE,FALSE,FALSE,FALSE,FALSE,FALSE,FALSE
"11 After",2023-05-11 10:57:38.99,"2023-05-11","10H 57M 38.99S","After","Aurora","V0333","Flow Core",1912,318,503,690,440,304,432,368,444,250,339,344,519,913,611,1139,182,182,273,331,249,188,225,194,251,373,249,287,255,232,232,295,519,291,554,554,156,156,1015,450,468,447,443,282,546,444,694,518,318,404,654,617,217,348,415,326,243,342,582,254,-20.275,0,20.75,39.875,1.16,1.11,0.94,1.1,6.67,5.63,1.51,1.47,1.47,1.61,1.76,1.8,1.76,1.86,1.85,1.85,1.85,1.98,2.52,5.18,3.63,3.92,2.53,2.39,2.25,1.93,1.93,1.89,1.88,1.82,1.95,1.95,1.79,1.75,1.6,1.35,1.53,3.87,1.91,1.81,3.59,4.17,5.05,4.95,4.82,4.56,4.46,4.19,4.12,4.09,4.17,4.25,4.25,4.19,4.77,6.53,1.94,2.47,2.3,2.06,2.03,2.85,3.16,4.11,129641.577094608,770048.014091566,670990.32259303,616720.600782088,660382.432957893,1014885.63370014,1450057.46573379,877018.282878021,1366906.09244798,1591866.17895369,884504.637216648,452600.256974944,446676.10708105,1559457.24413426,1950636.98895764,2437797.19148116,2019475.79367333,2023876.85125394,475525.106406847,1101226.50821462,1250392.56773193,1223573.86181139,1148153.89270713,845890.061573682,971735.747324681,1036015.22417207,1230130.90591063,2125647.48218149,1029964.04214275,515799.721783198,510649.066848788,1267751.28700426,1827871.12132914,1383566.03030173,1986025.27890731,2001141.88519534,1980877.11443662,1985508.93870924,144880.533829214,135091.127449125,281577.125798876,490414.012093471,698952.807493785,884737.030727827,624545.991731982,472365.644471858,400576.557951592,260349.321093885,347739.79269498,590440.486000337,626087.12160088,1017585.93319453,405011.916157175,548491.113866194,441326.199346623,370793.804843124,673441.070981373,965208.994996228,1318998.24131245,955194.461022251,TRUE,FALSE,FALSE,FALSE,FALSE,FALSE,FALSE,FALSE,FALSE,FALSE,FALSE,FALSE,FALSE,FALSE,FALSE,FALSE,FALSE,FALSE,FALSE,FALSE,FALSE,FALSE,FALSE,FALSE,FALSE,FALSE,FALSE,FALSE,FALSE,FALSE,FALSE,FALSE,FALSE,FALSE,FALSE,FALSE,FALSE,FALSE,FALSE,FALSE,FALSE,FALSE,FALSE,FALSE,FALSE,FALSE,FALSE,FALSE,TRUE,FALSE,FALSE,FALSE,FALSE,FALSE,FALSE,FALSE,FALSE,FALSE,FALSE,FALSE,FALSE,FALSE,FALSE,FALSE,FALSE,FALSE,FALSE,FALSE,FALSE,FALSE,FALSE,FALSE,FALSE,FALSE,FALSE,FALSE,FALSE,FALSE,FALSE,FALSE,FALSE,FALSE,FALSE,FALSE,FALSE,FALSE,FALSE,FALSE,FALSE,FALSE,FALSE,FALSE,FALSE,FALSE,FALSE,FALSE,FALSE,FALSE,FALSE,FALSE,FALSE,FALSE,FALSE,FALSE,FALSE,FALSE,FALSE,FALSE,FALSE,FALSE,FALSE,FALSE,FALSE,FALSE
"11 Before",2023-05-11 10:51:28.16,"2023-05-11","10H 51M 28.16S","Before","Aurora","V0333","Flow Core",1632,291,471,643,409,284,398,344,414,237,317,318,467,796,550,972,181,181,273,329,247,186,226,195,252,377,252,291,254,233,232,297,527,293,552,552,158,158,1005,452,466,454,444,288,549,444,697,523,321,407,662,621,213,340,404,320,241,341,583,253,-20.15,0,20.6,39.575,1.16,1.11,0.93,1.11,6.14,5.08,1.59,1.66,1.64,1.73,1.85,1.89,1.89,1.92,1.85,1.86,1.8,1.76,2.36,4.65,3.76,4.05,2.72,2.51,2.37,2.1,2.1,2.07,2.07,1.96,2.02,1.97,1.8,1.72,1.6,1.37,1.49,3.58,1.98,1.89,4.01,4.49,5.15,5.03,4.94,4.63,4.6,4.26,4.22,4.23,4.41,4.4,4.47,4.51,5.07,6.61,1.78,2.26,2.14,1.92,2,2.72,3.13,3.99,93832.939981334,679126.947864529,613302.651859289,559795.394415683,608214.287492792,941202.76507152,1312678.8638607,809588.88390548,1249364.23136556,1466795.27167031,823099.458912274,420972.12855718,383466.471026185,1238454.22331592,1646498.93681254,1752928.96144607,1995029.32841615,2003272.95330234,475392.296381884,1086388.5454973,1245245.04129118,1212888.72504885,1168026.83738557,854910.478506659,992339.882939608,1046659.12581967,1222717.44315307,2092464.87325955,1053836.63435056,530266.98210938,525254.042188665,1308933.04013265,1871562.06117738,1372836.43981066,1985154.28649068,2002851.84641583,2009055.49728261,2010535.08314078,143310.337789986,135794.568599562,281001.084458228,492179.110468497,682201.924165147,873122.350457058,643268.195522559,477615.09147099,406086.769596531,263536.7924834,353216.060237836,596784.38695195,619852.244368553,992328.082525909,441177.033342685,576948.334688798,464919.511758061,391595.893091865,688687.073842603,975430.488950783,1313803.2043095,930279.952538968,TRUE,FALSE,FALSE,FALSE,FALSE,FALSE,FALSE,FALSE,FALSE,FALSE,FALSE,FALSE,FALSE,FALSE,FALSE,FALSE,FALSE,FALSE,FALSE,FALSE,FALSE,FALSE,FALSE,FALSE,FALSE,FALSE,FALSE,FALSE,FALSE,FALSE,FALSE,FALSE,FALSE,FALSE,FALSE,FALSE,FALSE,FALSE,FALSE,FALSE,FALSE,FALSE,FALSE,FALSE,FALSE,FALSE,FALSE,FALSE,TRUE,FALSE,FALSE,FALSE,FALSE,FALSE,FALSE,FALSE,FALSE,FALSE,FALSE,FALSE,FALSE,FALSE,FALSE,FALSE,FALSE,FALSE,FALSE,FALSE,FALSE,FALSE,FALSE,FALSE,FALSE,FALSE,FALSE,FALSE,FALSE,FALSE,FALSE,FALSE,FALSE,FALSE,FALSE,FALSE,FALSE,FALSE,FALSE,FALSE,FALSE,FALSE,FALSE,FALSE,FALSE,FALSE,FALSE,FALSE,FALSE,FALSE,FALSE,FALSE,FALSE,FALSE,FALSE,FALSE,FALSE,FALSE,FALSE,FALSE,FALSE,FALSE,FALSE,FALSE,FALSE,FALSE
"10 After",2023-05-10 14:09:47.98,"2023-05-10","14H 9M 47.98S","After","Aurora","V0333","Flow Core",1632,291,471,643,409,284,398,344,414,237,317,318,467,796,550,972,181,181,273,329,247,186,226,195,252,377,252,291,254,233,232,297,527,293,552,552,158,158,1005,452,466,454,444,288,549,444,697,523,321,407,662,621,213,340,404,320,241,341,583,253,-20.15,0,20.6,39.575,1.16,1.11,0.93,1.11,6.51,5.24,1.78,2.01,1.9,2,2.18,2.18,2.19,2.18,2.18,2.17,2.44,3.12,2.94,5.17,3.64,3.97,2.48,2.35,2.22,1.86,1.83,1.79,1.79,1.76,1.9,1.92,1.68,1.63,1.47,1.26,1.55,3.8,1.68,1.21,3.22,3.68,3.47,3.25,3.14,2.95,2.89,2.68,2.6,2.58,2.74,2.74,2.76,2.76,3.39,5.08,1.86,2.39,2.24,1.98,1.93,2.76,3.11,3.98,98529.3015503816,711466.433171302,643110.109014033,586534.69921806,638423.363520818,982865.367715124,1370415.23071735,841851.570656903,1306223.20160858,1540035.02038454,840128.617008806,428319.414422206,393179.879416831,1275640.39711708,1709614.60271929,1870293.87632491,2007682.88881086,2015126.69511975,477102.127706561,1094885.98137524,1254426.85638275,1225221.35021893,1161954.28270531,846296.679732104,980186.440406278,1046244.43504606,1246170.24868633,2136446.16612739,1035031.88969877,517619.829272948,511974.167194355,1280623.29718762,1848300.13779345,1391766.22012511,1987908.39009831,2006067.97707067,1995900.87371255,2001588.74501593,144944.189814168,136952.029715265,281260.223428696,494528.62530344,694123.421811234,886544.086614187,633503.273168874,470248.684479485,398853.940562541,259365.333332859,349351.139688871,593240.250271197,627308.614322118,1019462.95906883,398997.934919092,532615.320345854,427932.888571372,365360.359840712,665230.613766331,954698.834887999,1310659.36634574,945565.408499448,TRUE,FALSE,FALSE,FALSE,FALSE,FALSE,FALSE,FALSE,FALSE,FALSE,FALSE,FALSE,FALSE,FALSE,FALSE,FALSE,FALSE,FALSE,FALSE,FALSE,FALSE,FALSE,FALSE,FALSE,FALSE,FALSE,FALSE,FALSE,FALSE,FALSE,FALSE,FALSE,FALSE,FALSE,FALSE,FALSE,FALSE,FALSE,FALSE,FALSE,FALSE,FALSE,FALSE,FALSE,FALSE,FALSE,FALSE,FALSE,FALSE,FALSE,FALSE,FALSE,FALSE,FALSE,FALSE,FALSE,FALSE,FALSE,FALSE,FALSE,FALSE,FALSE,FALSE,FALSE,FALSE,FALSE,FALSE,FALSE,FALSE,FALSE,FALSE,FALSE,FALSE,FALSE,FALSE,FALSE,FALSE,FALSE,FALSE,FALSE,FALSE,FALSE,FALSE,FALSE,FALSE,FALSE,FALSE,FALSE,FALSE,FALSE,FALSE,FALSE,FALSE,FALSE,FALSE,FALSE,FALSE,FALSE,FALSE,FALSE,FALSE,FALSE,FALSE,FALSE,FALSE,FALSE,FALSE,FALSE,FALSE,FALSE,FALSE,FALSE,FALSE,FALSE
"10 Before",2023-05-10 14:04:45.4,"2023-05-10","14H 4M 45.4S","Before","Aurora","V0333","Flow Core",1639,293,476,638,410,283,398,341,415,239,318,317,467,802,551,977,181,181,280,336,246,180,219,197,260,391,258,286,238,222,232,312,557,308,544,544,161,161,1043,457,480,459,458,296,559,456,704,523,325,411,668,632,206,332,397,313,238,338,574,250,-20.1,0,20.625,39.6,1.16,1.11,0.94,1.11,7.6,5.52,1.7,1.95,1.86,2.02,2.21,2.23,2.25,2.3,2.24,2.28,2.97,4.38,3.59,6.42,3.68,3.99,2.47,2.33,2.17,1.78,1.75,1.73,1.73,1.71,1.94,1.93,1.61,1.59,1.45,1.24,1.68,3.92,1.8,1.33,3.01,3.5,3.42,3.2,3.06,2.91,2.97,2.79,2.56,2.55,2.69,2.73,2.73,2.66,3.32,5.08,1.87,2.44,2.25,1.99,1.95,2.74,3.09,4.01,110209.985882639,738173.014649328,668625.757662106,595818.802949446,654467.923228929,1004160.41741847,1406106.76310233,853009.533666466,1348742.58951047,1605000.24714806,860534.951303398,438252.570760552,410775.846203818,1383558.2301273,1800377.44956452,2056280.04643139,2004699.01910408,2013078.44381272,490186.185127406,1117570.6001331,1241176.34777634,1183982.34253607,1120845.23284482,859596.717675943,1007208.09805508,1088968.96527477,1293313.89374291,2123960.61352006,969219.893207903,493397.869009782,509512.812770608,1338118.15173673,1949670.75823667,1469150.66053422,1956231.51460255,1976509.55016752,2037468.6850022,2041781.9733739,152283.750908733,139247.066057067,290014.578307347,506387.188356021,726958.961260416,933859.360661081,646517.459038111,479919.607477696,398912.661683391,259205.624604473,355388.128319049,601880.77228046,639165.283259767,1045975.28265826,374962.851880873,519244.792399495,415155.394589449,351655.702097995,657323.870935043,948372.415537444,1297788.24340521,939351.776350995,TRUE,FALSE,FALSE,FALSE,FALSE,FALSE,FALSE,FALSE,FALSE,FALSE,FALSE,FALSE,FALSE,FALSE,FALSE,TRUE,FALSE,FALSE,FALSE,FALSE,FALSE,FALSE,FALSE,FALSE,FALSE,FALSE,FALSE,FALSE,FALSE,FALSE,FALSE,FALSE,FALSE,FALSE,FALSE,FALSE,FALSE,FALSE,FALSE,FALSE,FALSE,FALSE,FALSE,FALSE,FALSE,FALSE,FALSE,FALSE,FALSE,FALSE,FALSE,FALSE,FALSE,FALSE,FALSE,FALSE,FALSE,FALSE,FALSE,FALSE,FALSE,FALSE,FALSE,FALSE,FALSE,FALSE,FALSE,FALSE,FALSE,FALSE,FALSE,FALSE,FALSE,FALSE,FALSE,FALSE,FALSE,FALSE,FALSE,FALSE,FALSE,FALSE,FALSE,FALSE,FALSE,FALSE,FALSE,FALSE,FALSE,FALSE,FALSE,FALSE,FALSE,FALSE,FALSE,FALSE,FALSE,FALSE,FALSE,FALSE,FALSE,FALSE,FALSE,FALSE,FALSE,FALSE,FALSE,FALSE,FALSE,FALSE,FALSE,FALSE,FALSE,FALSE
"09 After",2023-05-09 09:17:06.6,"2023-05-09","9H 17M 6.6S","After","Aurora","V0333","Flow Core",1639,293,476,638,410,283,398,341,415,239,318,317,467,802,551,977,181,181,280,336,246,180,219,197,260,391,258,286,238,222,232,312,557,308,544,544,161,161,1043,457,480,459,458,296,559,456,704,523,325,411,668,632,206,332,397,313,238,338,574,250,-20.1,0,20.625,39.6,1.16,1.11,0.94,1.11,6.81,5.41,1.82,1.96,1.92,2.02,2.22,2.25,2.21,2.19,2.17,2.2,2.54,3.31,3.05,5.64,3.86,4.16,2.11,2.09,2.27,2.19,2,1.88,1.79,1.73,1.87,1.96,1.81,1.66,1.48,1.3,1.58,3.6,2.24,2.27,4.31,4.84,3.31,2.97,2.83,2.59,2.53,2.38,2.35,2.32,2.51,2.51,2.55,2.73,3.31,5.03,1.75,2.27,2.09,1.9,1.95,2.77,3.14,4.05,102283.451455775,715890.913720966,651262.137827591,580835.024824272,640179.539619533,985496.89266371,1376137.90566967,835036.712611991,1305145.06799524,1541421.97855665,838984.918196136,428037.94122543,394587.443704511,1298987.90945987,1724743.14159456,1917460.53410155,2002277.05553777,1999321.2999005,472748.690682095,1081666.42431543,1236060.91790378,1210246.96442073,1141128.5998937,844600.633346824,964448.362564274,1037299.24778779,1232326.23013277,2115155.3588021,1022990.54530978,512680.324575097,506528.4866396,1265134.28000307,1826477.05831701,1376247.10898057,1975938.12419974,1989161.86083359,1985529.58450704,1982968.4991112,147723.858232505,135176.353455688,281962.094247993,489645.978493055,694319.344877277,890663.935972286,631523.853218817,468231.723363437,391568.451898984,254330.735411843,346778.366943621,587176.782042957,624138.395866011,1020337.27317232,391098.914830492,531322.204873726,425746.169368906,358813.604902492,659365.618226823,948645.154430215,1298151.31482708,941059.209073012,TRUE,FALSE,FALSE,FALSE,FALSE,FALSE,FALSE,FALSE,FALSE,FALSE,FALSE,FALSE,FALSE,FALSE,FALSE,FALSE,FALSE,FALSE,FALSE,FALSE,FALSE,FALSE,FALSE,FALSE,FALSE,FALSE,FALSE,FALSE,FALSE,FALSE,FALSE,FALSE,FALSE,FALSE,FALSE,FALSE,FALSE,FALSE,FALSE,FALSE,FALSE,FALSE,FALSE,FALSE,FALSE,FALSE,FALSE,FALSE,FALSE,FALSE,FALSE,FALSE,FALSE,FALSE,FALSE,FALSE,FALSE,FALSE,FALSE,FALSE,FALSE,FALSE,FALSE,FALSE,FALSE,FALSE,FALSE,FALSE,FALSE,FALSE,FALSE,FALSE,FALSE,FALSE,FALSE,FALSE,FALSE,FALSE,FALSE,FALSE,FALSE,FALSE,FALSE,FALSE,FALSE,FALSE,FALSE,FALSE,FALSE,FALSE,FALSE,FALSE,FALSE,FALSE,FALSE,FALSE,FALSE,FALSE,FALSE,FALSE,FALSE,FALSE,FALSE,FALSE,FALSE,FALSE,FALSE,FALSE,FALSE,FALSE,FALSE,FALSE,FALSE,FALSE
"09 Before",2023-05-09 09:09:41.85,"2023-05-09","9H 9M 41.85S","Before","Aurora","V0333","Flow Core",1650,296,478,645,412,287,399,343,423,242,314,313,463,795,552,994,182,182,277,340,254,187,215,189,252,400,277,306,228,203,212,296,547,325,540,540,165,165,1028,452,470,456,463,299,548,444,692,516,321,408,671,643,187,304,363,295,230,330,573,252,-20.1,0,20.725,39.8,1.16,1.11,0.94,1.11,6.59,5.74,1.66,1.7,1.88,2.1,2.26,2.26,2.23,2.26,2.23,2.19,2.07,1.94,2.59,5.24,4.01,4.42,2.22,2.27,2.48,2.29,2.13,1.96,1.93,1.84,1.92,1.98,1.87,1.67,1.58,1.37,1.61,3.59,2.23,2.13,4.61,5.11,3.4,3.28,3.13,3.01,2.87,2.75,2.61,2.58,2.78,2.73,2.8,3,3.51,5.33,1.85,2.42,2.18,2.06,2.05,2.94,3.32,4.24,100359.50245522,714674.821673046,633939.662349277,571757.346238571,623703.483684515,975605.114108074,1359786.75863063,817148.574975405,1325747.44821577,1585339.78498555,813969.207356414,408646.048963415,380533.467013583,1245878.06022255,1686107.46561765,1881303.32368979,2022153.47012868,2023174.51367734,470378.894944477,1099916.12339851,1280470.92747046,1265352.35141094,1120015.57060956,804237.402152553,940235.342985,1086440.63260396,1391811.68978233,2356207.69288111,980925.147076465,468620.322241639,459172.447239369,1211221.72233515,1812786.91811556,1463986.61828879,1964993.84053309,2019977.8187956,2044968.18106618,2042872.92341244,145150.453496485,134144.697033564,279676.87567241,498255.494472302,730001.065683899,936010.378742932,623380.544958414,463067.103882148,391218.83735507,249613.121552275,344373.357288681,586291.849867155,629405.341641152,1041700.5726523,327794.976036464,464724.710592897,370950.448923379,322102.676806704,625828.141702878,915703.812475266,1283759.53401581,937538.688093114,TRUE,FALSE,FALSE,FALSE,FALSE,FALSE,FALSE,FALSE,FALSE,FALSE,FALSE,FALSE,FALSE,FALSE,FALSE,FALSE,FALSE,FALSE,FALSE,FALSE,FALSE,FALSE,FALSE,FALSE,FALSE,FALSE,FALSE,FALSE,FALSE,FALSE,FALSE,FALSE,FALSE,FALSE,FALSE,FALSE,FALSE,FALSE,FALSE,FALSE,FALSE,FALSE,FALSE,FALSE,FALSE,FALSE,FALSE,FALSE,FALSE,FALSE,FALSE,FALSE,FALSE,FALSE,FALSE,FALSE,FALSE,FALSE,FALSE,FALSE,FALSE,FALSE,FALSE,FALSE,FALSE,FALSE,FALSE,FALSE,FALSE,FALSE,FALSE,FALSE,FALSE,FALSE,FALSE,FALSE,FALSE,FALSE,FALSE,FALSE,FALSE,FALSE,FALSE,FALSE,FALSE,FALSE,FALSE,FALSE,FALSE,FALSE,FALSE,FALSE,FALSE,FALSE,FALSE,FALSE,FALSE,FALSE,FALSE,FALSE,FALSE,FALSE,FALSE,FALSE,FALSE,FALSE,FALSE,FALSE,FALSE,FALSE,FALSE,FALSE,FALSE,FALSE
"08 After",2023-05-08 11:56:28.89,"2023-05-08","11H 56M 28.89S","After","Aurora","V0333","Flow Core",1650,296,478,645,412,287,399,343,423,242,314,313,463,795,552,994,182,182,277,340,254,187,215,189,252,400,277,306,228,203,212,296,547,325,540,540,165,165,1028,452,470,456,463,299,548,444,692,516,321,408,671,643,187,304,363,295,230,330,573,252,-20.1,0,20.725,39.8,1.16,1.11,0.94,1.11,6.41,5.32,1.81,2.01,1.89,1.99,2.15,2.17,2.16,2.12,2.12,2.1,2.48,3.16,2.69,5.08,3.73,4.02,2.43,2.11,2.05,1.95,2.14,2.06,1.91,1.7,1.75,1.8,1.77,1.69,1.51,1.26,1.51,3.33,5.11,5.5,2.57,3.45,1.85,1.37,1.08,1.07,1.09,1.13,1.01,0.95,1.2,1.13,1.03,1.09,1.74,2.98,1.89,2.38,2.25,2.02,2.1,2.93,3.32,4.19,101783.829995164,717298.94387796,647862.338392855,587183.766139188,636762.397440312,995689.031498997,1390189.31548074,834080.412204511,1334029.62499906,1562342.52643218,844061.045639254,426355.7165641,397056.972982073,1296185.31179822,1723936.27863179,1892085.87279309,2025643.92764274,2023304.98995094,479708.025059811,1092706.03334841,1242491.71165388,1224546.62407758,1151284.79222346,844119.053924017,978377.821542496,1038797.05223387,1254236.6901607,2143218.06741955,1031649.95171171,515597.910581787,508545.987972456,1266607.1495466,1841533.60675163,1383878.4983523,1975842.74922272,2006746.43592558,1999387.83938666,1984129.11527701,146201.598561902,134991.315655242,281715.193109298,492237.009923431,701234.847151631,895936.456519697,634731.579910666,472225.371631597,402204.784135607,256098.19541915,348100.956160882,588854.4561577,623885.340039492,1017935.16757316,388793.869441736,526895.381263457,424536.065135118,361767.606344568,662041.509167385,951644.388887553,1311111.65019193,941377.505300063,TRUE,FALSE,FALSE,FALSE,FALSE,FALSE,FALSE,FALSE,FALSE,FALSE,FALSE,FALSE,FALSE,FALSE,FALSE,FALSE,FALSE,FALSE,FALSE,FALSE,FALSE,FALSE,FALSE,FALSE,FALSE,FALSE,FALSE,FALSE,FALSE,FALSE,FALSE,FALSE,FALSE,FALSE,FALSE,FALSE,FALSE,FALSE,FALSE,FALSE,FALSE,FALSE,FALSE,FALSE,FALSE,FALSE,FALSE,FALSE,FALSE,FALSE,FALSE,FALSE,FALSE,FALSE,FALSE,FALSE,FALSE,FALSE,FALSE,FALSE,FALSE,FALSE,FALSE,FALSE,FALSE,FALSE,FALSE,FALSE,FALSE,FALSE,FALSE,FALSE,FALSE,FALSE,FALSE,FALSE,FALSE,FALSE,FALSE,FALSE,FALSE,FALSE,FALSE,FALSE,FALSE,FALSE,FALSE,FALSE,FALSE,FALSE,FALSE,FALSE,FALSE,FALSE,FALSE,FALSE,FALSE,FALSE,FALSE,FALSE,FALSE,FALSE,FALSE,FALSE,FALSE,FALSE,FALSE,FALSE,FALSE,FALSE,FALSE,FALSE,FALSE,FALSE
"08 Before",2023-05-08 11:19:06.39,"2023-05-08","11H 19M 6.39S","Before","Aurora","V0333","Flow Core",1911,307,496,672,434,298,418,357,434,245,326,324,492,891,617,1199,184,184,289,353,257,186,213,190,254,408,276,311,240,209,208,271,500,307,556,556,157,157,997,451,461,448,445,282,533,437,674,506,317,405,672,648,201,323,383,308,241,347,608,273,-20.075,0,20.8,39.725,1.14,1.08,0.9,1.11,6.58,5.25,1.72,1.8,1.74,1.88,2.05,2.07,2.06,2.11,2.03,1.98,2.23,2.96,2.87,5.61,3.75,4.06,2.48,2.03,1.95,1.84,2.06,2,1.87,1.63,1.71,1.74,1.71,1.6,1.45,1.2,1.57,3.37,4.77,5.44,2.78,3.58,1.86,1.43,1.14,1.1,1.16,1.19,1.09,1.03,1.25,1.18,1.1,1.18,1.85,3.13,1.76,2.24,2.11,1.9,1.96,2.76,3.18,4.05,125908.448762336,768156.649749829,680450.583279712,611332.965779642,675096.355893534,1034465.48306291,1455225.99024246,881239.459824681,1383929.79629078,1593751.20247929,884067.997803106,447098.393048769,430422.78403639,1508684.89980746,1993203.07838055,2449247.8797064,2044456.80205441,2005236.7372755,492897.113090751,1119314.15075645,1251916.59656683,1194741.81240669,1121449.98389859,839884.511298985,967719.07628999,1037077.19572348,1229361.07399769,2138560.22980527,1058809.25124962,520626.469575725,492730.31842004,1150766.78397475,1672868.71134685,1301276.59890133,2059084.83779845,2024821.62135077,1921775.29754303,1866342.28045929,139825.855223804,131916.411049278,267829.141383694,467028.567664634,662927.836422277,826511.364852462,597199.566144403,451573.159523509,373654.462988374,244363.905533977,332643.863092227,568662.088698299,610054.714218429,1010356.06881923,397655.983035615,533072.539853019,422041.12771079,362463.842453515,663043.052012175,962325.37486785,1341946.75379432,996538.56547546,TRUE,FALSE,FALSE,FALSE,FALSE,FALSE,FALSE,FALSE,FALSE,FALSE,FALSE,FALSE,FALSE,FALSE,FALSE,FALSE,FALSE,FALSE,FALSE,FALSE,FALSE,FALSE,FALSE,FALSE,FALSE,FALSE,FALSE,FALSE,FALSE,FALSE,FALSE,FALSE,FALSE,FALSE,FALSE,FALSE,FALSE,FALSE,FALSE,FALSE,FALSE,FALSE,FALSE,FALSE,FALSE,FALSE,FALSE,FALSE,FALSE,FALSE,FALSE,FALSE,FALSE,FALSE,FALSE,FALSE,FALSE,FALSE,FALSE,FALSE,FALSE,FALSE,FALSE,FALSE,FALSE,FALSE,FALSE,FALSE,FALSE,FALSE,FALSE,FALSE,FALSE,FALSE,FALSE,FALSE,FALSE,FALSE,FALSE,FALSE,FALSE,FALSE,FALSE,FALSE,FALSE,FALSE,FALSE,FALSE,FALSE,FALSE,FALSE,FALSE,FALSE,FALSE,FALSE,FALSE,FALSE,FALSE,FALSE,FALSE,FALSE,FALSE,FALSE,FALSE,FALSE,FALSE,FALSE,FALSE,FALSE,FALSE,FALSE,FALSE,FALSE,FALSE
"03 After",2023-05-03 10:21:26.26,"2023-05-03","10H 21M 26.26S","After","Aurora","V0333","Flow Core",1651,298,486,658,423,293,417,353,430,248,325,328,474,798,561,986,179,179,271,326,246,185,223,193,248,376,257,296,251,227,226,288,515,290,545,545,161,161,1010,457,470,455,459,296,553,445,696,518,321,408,666,630,193,313,373,302,230,328,565,248,-20.175,0,20.6,39.525,1.17,1.12,0.96,1.11,6.07,5.32,1.24,1.09,1.15,1.28,1.35,1.38,1.34,1.56,1.41,1.39,1.33,1.35,2.39,4.92,3.73,3.94,2.52,2.37,2.21,1.98,1.95,1.91,1.91,1.8,1.88,1.88,1.67,1.62,1.52,1.35,1.47,2.92,1.36,1.13,4.59,4.99,3.56,3.33,3.19,2.98,2.94,2.72,2.66,2.66,2.82,2.77,2.78,2.93,3.31,4.69,1.73,2.12,2.02,1.86,1.88,2.64,2.96,3.69,102494.171105885,716826.030084136,641462.395281669,571137.908125159,626217.545850867,971670.398159614,1372494.59508637,827166.783252649,1298528.51086096,1535378.60528316,835638.061017155,428900.139248704,391864.564106913,1254749.44980413,1701541.41799382,1875180.12571366,2012765.14082278,2015599.25594237,485521.255158721,1095917.96803265,1259340.20569583,1228122.95055402,1163866.07236754,857989.452983624,984846.92101414,1059650.87537906,1262347.77788825,2144485.59840994,1045234.54720419,522926.806991361,514688.181618147,1280076.48306968,1855417.57183922,1398567.23917616,1992558.61835443,2015211.54413568,2001860.39936709,1996637.91369626,145282.425789587,138640.835072469,285414.418268948,499198.532498132,712787.101508232,900990.900257386,637756.092882199,475341.894048543,404620.179195364,262278.911213659,352438.914266915,596273.989904494,630928.351122161,1022151.75930054,397669.715167467,536617.022335224,435270.513652002,372498.450583522,672850.791490643,964544.634948861,1315572.88717703,957105.577022242,TRUE,FALSE,FALSE,FALSE,FALSE,FALSE,FALSE,FALSE,FALSE,FALSE,FALSE,FALSE,FALSE,FALSE,FALSE,FALSE,FALSE,FALSE,FALSE,FALSE,FALSE,FALSE,FALSE,FALSE,FALSE,FALSE,FALSE,FALSE,FALSE,FALSE,FALSE,FALSE,FALSE,FALSE,FALSE,FALSE,FALSE,FALSE,FALSE,FALSE,FALSE,FALSE,FALSE,FALSE,FALSE,FALSE,FALSE,FALSE,FALSE,FALSE,FALSE,FALSE,FALSE,FALSE,FALSE,FALSE,FALSE,FALSE,FALSE,FALSE,FALSE,FALSE,FALSE,FALSE,FALSE,FALSE,FALSE,FALSE,FALSE,FALSE,FALSE,FALSE,FALSE,FALSE,FALSE,FALSE,FALSE,FALSE,FALSE,FALSE,FALSE,FALSE,FALSE,FALSE,FALSE,FALSE,FALSE,FALSE,FALSE,FALSE,FALSE,FALSE,FALSE,FALSE,FALSE,FALSE,FALSE,FALSE,FALSE,FALSE,FALSE,FALSE,FALSE,FALSE,FALSE,FALSE,FALSE,FALSE,FALSE,FALSE,FALSE,FALSE,FALSE,FALSE
"03 Before",2023-05-03 10:16:43.95,"2023-05-03","10H 16M 43.95S","Before","Aurora","V0333","Flow Core",1843,307,496,675,432,298,424,361,442,252,335,334,503,900,611,1136,181,181,280,341,247,182,219,197,262,395,263,289,237,219,230,310,555,309,554,554,154,154,995,447,459,445,447,290,544,438,686,513,318,404,655,615,202,329,389,309,240,339,581,254,-20.15,0,20.6,39.625,1.16,1.09,0.92,1.11,6.73,5.46,1.18,1.05,1.09,1.21,1.29,1.32,1.3,1.53,1.41,1.37,1.38,1.58,2.55,5.18,3.77,4.01,2.55,2.34,2.18,1.94,1.91,1.89,1.86,1.74,1.8,1.78,1.62,1.58,1.48,1.34,1.46,3.06,1.34,1.07,4.93,5.24,3.91,3.69,3.64,3.48,3.32,3.12,3.05,3.01,3.16,3.19,3.22,3.19,3.64,5.01,1.76,2.28,2.13,1.88,1.87,2.61,2.91,3.74,107920.666429662,725741.46158082,638792.608374292,569254.082591448,630673.618420147,967611.01671759,1369996.7247238,831609.616534637,1313127.2144252,1549898.76177837,849577.800750098,429725.853190741,401441.171544903,1357380.75499133,1786891.80261002,2026956.09283465,2018799.58410351,2001168.11531676,489529.191510158,1120621.29348352,1242032.62155377,1181887.36547033,1124915.54067126,866097.74271947,1026529.92605484,1090834.81131182,1268307.64618895,2067885.34960467,959717.440797316,494205.584885297,511396.557075243,1345668.05800488,1978458.73844224,1475731.91368791,2017237.49260628,1992400.99441049,1901130.28743068,1851120.0169906,138934.446940386,129175.136301057,266163.810863919,466919.406690132,668551.152402112,853644.251064407,602381.246937193,448234.028764922,377827.010672081,246511.191651759,333739.959190705,565827.031360793,597506.602711392,965675.07412184,382840.24730872,527220.636773951,416341.089420182,355280.596294098,659498.076418261,941326.18355422,1290439.76846426,926898.203048358,TRUE,FALSE,FALSE,FALSE,FALSE,FALSE,FALSE,FALSE,FALSE,FALSE,FALSE,FALSE,FALSE,FALSE,FALSE,FALSE,FALSE,FALSE,FALSE,FALSE,FALSE,FALSE,FALSE,FALSE,FALSE,FALSE,FALSE,FALSE,FALSE,FALSE,FALSE,FALSE,FALSE,FALSE,FALSE,FALSE,FALSE,FALSE,FALSE,FALSE,FALSE,FALSE,FALSE,FALSE,FALSE,FALSE,FALSE,FALSE,FALSE,FALSE,FALSE,FALSE,FALSE,FALSE,FALSE,FALSE,FALSE,FALSE,FALSE,FALSE,FALSE,FALSE,FALSE,FALSE,FALSE,FALSE,FALSE,FALSE,FALSE,FALSE,FALSE,FALSE,FALSE,FALSE,FALSE,FALSE,FALSE,FALSE,FALSE,FALSE,FALSE,FALSE,FALSE,FALSE,FALSE,FALSE,FALSE,FALSE,FALSE,FALSE,FALSE,FALSE,FALSE,FALSE,FALSE,FALSE,FALSE,FALSE,FALSE,FALSE,FALSE,FALSE,FALSE,FALSE,FALSE,FALSE,FALSE,FALSE,FALSE,FALSE,FALSE,FALSE,FALSE,FALSE
"01 After",2023-05-01 11:45:12.87,"2023-05-01","11H 45M 12.87S","After","Aurora","V0333","Flow Core",1843,307,496,675,432,298,424,361,442,252,335,334,503,900,611,1136,181,181,280,341,247,182,219,197,262,395,263,289,237,219,230,310,555,309,554,554,154,154,995,447,459,445,447,290,544,438,686,513,318,404,655,615,202,329,389,309,240,339,581,254,-20.025,0,20.7,39.6,1.16,1.09,0.92,1.11,6.84,5.24,1.54,1.72,1.67,1.84,1.96,1.99,2.01,2.07,1.97,1.93,2.06,2.65,3.04,5.18,3.68,4.05,1.96,2,2.18,2.08,1.9,1.76,1.7,1.64,1.81,1.89,1.75,1.58,1.43,1.29,1.76,4.22,1.49,0.95,2.5,2.78,3.78,3.57,3.42,3.23,3.17,3.03,2.91,2.86,3.02,3.06,3.05,2.89,3.61,5.37,1.63,2.15,1.97,1.69,1.67,2.5,2.79,3.78,127071.878072253,766173.530377268,670376.695457008,605687.161584532,661547.195269046,1008006.98607756,1438269.98854943,870440.377279937,1385118.81269461,1616276.09024551,893955.552850618,453314.989101331,441644.069906773,1565998.6528061,1956745.31010905,2414144.63144363,2001064.21905124,2009031.37711681,475963.815234506,1094830.20638285,1250056.11230404,1222476.60481457,1148675.12025048,848029.360211389,975551.326925245,1051542.88688749,1255987.17020798,2134083.34042318,1026151.16299248,514221.332527519,507272.846182521,1267189.04955198,1835044.97185661,1374056.59236882,1983716.46651446,2007356.49939256,1980726.17935058,1971442.86396328,144484.832023814,134229.824720838,277417.835201575,485578.321087048,693135.61666592,883497.466836394,624405.375662423,462998.633634569,391528.545438538,255449.907117957,344144.417711354,583774.200578716,618814.787752533,1007500.93091803,388818.047075316,531819.830056989,419950.915309826,358595.058631683,662995.128158103,950738.57377875,1309941.89392146,946435.134971259,TRUE,FALSE,FALSE,FALSE,FALSE,FALSE,FALSE,FALSE,FALSE,FALSE,FALSE,FALSE,FALSE,FALSE,FALSE,FALSE,FALSE,FALSE,FALSE,FALSE,FALSE,FALSE,FALSE,FALSE,FALSE,FALSE,FALSE,FALSE,FALSE,FALSE,FALSE,FALSE,FALSE,FALSE,FALSE,FALSE,FALSE,FALSE,FALSE,FALSE,FALSE,FALSE,FALSE,FALSE,FALSE,FALSE,FALSE,FALSE,FALSE,FALSE,FALSE,FALSE,FALSE,FALSE,FALSE,FALSE,FALSE,FALSE,FALSE,FALSE,FALSE,FALSE,FALSE,FALSE,FALSE,FALSE,FALSE,FALSE,FALSE,FALSE,FALSE,FALSE,FALSE,FALSE,FALSE,FALSE,FALSE,FALSE,FALSE,FALSE,FALSE,FALSE,FALSE,FALSE,FALSE,FALSE,FALSE,FALSE,FALSE,FALSE,FALSE,FALSE,FALSE,FALSE,FALSE,FALSE,FALSE,FALSE,FALSE,FALSE,FALSE,FALSE,FALSE,FALSE,FALSE,FALSE,FALSE,FALSE,FALSE,FALSE,FALSE,FALSE,FALSE,FALSE
"01 Before",2023-05-01 11:35:48.79,"2023-05-01","11H 35M 48.79S","Before","Aurora","V0333","Flow Core",1808,300,479,652,413,287,405,346,424,243,322,323,489,860,579,1081,182,182,282,337,245,182,222,197,261,386,256,285,240,223,231,307,552,307,546,546,161,161,1005,449,473,456,458,292,551,449,706,524,321,406,664,627,201,324,383,308,235,332,569,249,-20.15,0,20.6,39.625,1.16,1.11,0.94,1.12,6.28,4.8,1.53,1.7,1.75,1.95,2.09,2.1,2.07,2.11,2,1.98,1.96,2.36,2.95,4.83,3.57,3.93,2.04,2.09,2.34,2.15,1.9,1.81,1.73,1.69,1.86,1.93,1.74,1.59,1.44,1.26,1.72,4.16,1.47,0.92,1.91,2.14,3.21,2.93,2.71,2.63,2.64,2.54,2.4,2.39,2.55,2.56,2.51,2.45,3.15,4.86,1.55,2.01,1.85,1.62,1.61,2.39,2.73,3.63,117041.571587299,747624.914269757,646778.404304246,595487.810114391,634132.220957711,987721.071765286,1397213.68288175,839679.786998069,1342197.5510901,1581561.56429275,857251.033110369,439136.847751947,420914.641768819,1428671.43123449,1806955.32601239,2181212.24263222,2016683.42502199,2037981.77619893,487454.365544498,1105945.63264231,1262702.92537812,1237968.55040888,1172716.19668221,853924.650675235,980357.26516885,1052206.72131562,1252859.55900366,2148757.46453627,1045525.62276857,518321.154436134,513011.333864261,1277131.62187836,1858380.71422089,1397933.47132146,1953677.35004398,2028873.81456478,2095125.4899956,2136142.6110639,150281.375902381,139481.060132495,295325.539647038,518070.368954689,734684.214864483,930045.277287984,656573.616346009,493786.749571846,413759.437057827,268376.805967086,359538.122204552,605934.587848149,647330.338584818,1059590.38305229,395374.492883815,536527.978407009,422989.318706355,367125.138548176,666161.599255168,960030.872902174,1310630.88842883,955544.703486606,TRUE,FALSE,FALSE,FALSE,FALSE,FALSE,FALSE,FALSE,FALSE,FALSE,FALSE,FALSE,FALSE,FALSE,FALSE,FALSE,FALSE,FALSE,FALSE,FALSE,FALSE,FALSE,FALSE,FALSE,FALSE,FALSE,FALSE,FALSE,FALSE,FALSE,FALSE,FALSE,FALSE,FALSE,FALSE,FALSE,FALSE,FALSE,FALSE,FALSE,FALSE,FALSE,FALSE,FALSE,FALSE,FALSE,FALSE,FALSE,FALSE,FALSE,FALSE,FALSE,FALSE,FALSE,FALSE,FALSE,FALSE,FALSE,FALSE,FALSE,FALSE,FALSE,FALSE,FALSE,FALSE,FALSE,FALSE,FALSE,FALSE,FALSE,FALSE,FALSE,FALSE,FALSE,FALSE,FALSE,FALSE,FALSE,FALSE,FALSE,FALSE,FALSE,FALSE,FALSE,FALSE,FALSE,FALSE,FALSE,FALSE,FALSE,FALSE,FALSE,FALSE,FALSE,FALSE,FALSE,FALSE,FALSE,FALSE,FALSE,FALSE,FALSE,FALSE,FALSE,FALSE,FALSE,FALSE,FALSE,FALSE,FALSE,FALSE,FALSE,FALSE,FALSE
"28 After",2023-04-28 11:32:45.93,"2023-04-28","11H 32M 45.93S","After","Aurora","V0333","Flow Core",1808,300,479,652,413,287,405,346,424,243,322,323,489,860,579,1081,182,182,282,337,245,182,222,197,261,386,256,285,240,223,231,307,552,307,546,546,161,161,1005,449,473,456,458,292,551,449,706,524,321,406,664,627,201,324,383,308,235,332,569,249,-20.15,0,20.6,39.625,1.16,1.11,0.94,1.12,10.47,9.29,2.34,2.4,2.51,2.75,2.97,3.02,3.04,3.12,3,2.92,2.98,3.52,4.79,9.08,5.07,5.66,3.14,3.24,3.53,3.03,2.98,2.84,2.76,2.67,2.77,2.84,2.56,2.41,2.26,1.91,2.4,5.15,3.8,3.15,7.4,8.28,5.04,5.08,4.73,4.6,4.5,4.18,4.12,4.07,4.36,4.35,4.25,5.06,5.87,8.59,3.15,3.86,3.78,3.64,3.84,5.43,6.02,7.22,98164.976999906,598789.75072886,533624.19506829,494381.690238331,526217.950111358,815285.529864481,1156378.50638259,693481.311399343,1104191.88380121,1290356.64310046,702664.519466036,358846.322041144,349438.878895194,1218026.23026535,1526329.41237756,1854129.74020086,1642654.13518519,1646826.79929891,387052.582917007,874998.350273397,998833.199050618,980141.555404524,929587.352467317,678558.523991544,778367.157836745,834043.650981583,990894.942824323,1708732.73129357,826490.508007778,411350.813104538,406997.102313398,1006562.1868904,1462895.88456007,1102925.83322429,1666878.09722222,1723759.53019025,1625934.8787037,1622620.91726615,116242.783958189,108292.022546661,225718.409139081,395986.7455962,559599.749538141,711863.183499742,504505.0585613,379619.099364108,318934.245340719,206232.350686657,277948.565273694,468066.600095064,497459.477765491,802191.745765637,308572.434097478,416096.151043152,329564.097370393,286301.966764409,522143.664630316,749076.675164628,1022392.68163854,741753.513979537,TRUE,TRUE,FALSE,FALSE,FALSE,FALSE,FALSE,FALSE,FALSE,FALSE,FALSE,FALSE,FALSE,FALSE,FALSE,TRUE,FALSE,FALSE,FALSE,FALSE,FALSE,FALSE,FALSE,FALSE,FALSE,FALSE,FALSE,FALSE,FALSE,FALSE,FALSE,FALSE,FALSE,FALSE,TRUE,FALSE,FALSE,FALSE,FALSE,FALSE,FALSE,FALSE,FALSE,FALSE,FALSE,FALSE,FALSE,FALSE,TRUE,FALSE,FALSE,FALSE,FALSE,FALSE,FALSE,TRUE,TRUE,FALSE,FALSE,FALSE,FALSE,FALSE,FALSE,FALSE,FALSE,FALSE,FALSE,FALSE,FALSE,FALSE,FALSE,FALSE,FALSE,FALSE,FALSE,FALSE,FALSE,FALSE,FALSE,FALSE,FALSE,FALSE,FALSE,FALSE,FALSE,FALSE,FALSE,FALSE,FALSE,FALSE,FALSE,FALSE,FALSE,FALSE,FALSE,FALSE,FALSE,FALSE,FALSE,FALSE,FALSE,FALSE,FALSE,FALSE,FALSE,FALSE,FALSE,FALSE,FALSE,FALSE,FALSE,FALSE,FALSE,FALSE
"28 Before",2023-04-28 11:21:36.3,"2023-04-28","11H 21M 36.3S","Before","Aurora","V0333","Flow Core",1747,288,474,640,410,283,400,340,418,236,316,315,473,840,569,1040,184,184,284,341,246,179,213,193,263,419,280,306,237,207,208,275,500,301,557,557,155,155,984,446,466,450,449,284,544,441,699,510,319,402,651,612,209,341,402,319,243,343,584,255,-20,0,20.7,39.6,1.15,1.09,0.91,1.12,5.47,4.66,1.38,1.43,1.49,1.67,1.8,1.8,1.8,1.85,1.76,1.77,1.74,1.75,2.18,4.35,3.3,3.54,2.11,2.15,2.32,2.08,1.92,1.84,1.78,1.7,1.81,1.87,1.7,1.58,1.45,1.24,1.39,3.16,1.49,1.18,3.62,4.04,3.16,3,2.9,2.72,2.67,2.48,2.47,2.46,2.57,2.56,2.58,2.71,3.17,4.64,1.65,2.05,1.93,1.75,1.84,2.54,2.95,3.71,115255.678870078,721350.622137284,673491.776415431,609750.824849751,660673.68238719,1014600.84792941,1433996.6151147,859745.12740322,1371395.90363614,1590914.47819582,869483.721686172,438520.217859706,417366.40838244,1445463.61841723,1852346.00226508,2110877.4918741,2032107.97012302,2012837.25840082,481092.426584284,1106120.07838055,1248708.5124652,1198347.11451164,1096576.19495926,819481.580130859,978715.302789034,1132351.29521973,1387377.54245799,2310575.7030233,999403.341597621,476363.654599837,453244.789225611,1149026.24811384,1682406.29540268,1365762.70773893,2028257.68760984,2026144.02797362,1926568.1129174,1895885.02329568,140582.167076257,133722.543993013,275789.173484242,485570.83910872,691832.463250545,866746.322070641,613937.278061451,455744.165078693,393292.125573615,250609.380672683,342393.073834202,576729.931406329,608853.462733608,983307.724756287,381567.429310807,533755.745884461,423667.330029887,356627.010682709,661203.86649704,947035.924357108,1292320.79041537,933693.075132,FALSE,FALSE,FALSE,FALSE,FALSE,FALSE,FALSE,FALSE,FALSE,FALSE,FALSE,FALSE,FALSE,FALSE,FALSE,FALSE,FALSE,FALSE,FALSE,FALSE,FALSE,FALSE,FALSE,FALSE,FALSE,FALSE,FALSE,FALSE,FALSE,FALSE,FALSE,FALSE,FALSE,FALSE,FALSE,FALSE,FALSE,FALSE,FALSE,FALSE,FALSE,FALSE,FALSE,FALSE,FALSE,FALSE,FALSE,FALSE,FALSE,FALSE,FALSE,FALSE,FALSE,FALSE,FALSE,FALSE,FALSE,FALSE,FALSE,FALSE,FALSE,FALSE,FALSE,FALSE,FALSE,FALSE,FALSE,FALSE,FALSE,FALSE,FALSE,FALSE,FALSE,FALSE,FALSE,FALSE,FALSE,FALSE,FALSE,FALSE,FALSE,FALSE,FALSE,FALSE,FALSE,FALSE,FALSE,FALSE,FALSE,FALSE,FALSE,FALSE,FALSE,FALSE,FALSE,FALSE,FALSE,FALSE,FALSE,FALSE,FALSE,FALSE,FALSE,FALSE,FALSE,FALSE,FALSE,FALSE,FALSE,FALSE,FALSE,FALSE,FALSE,FALSE
"25 After",2023-04-25 09:06:09.84,"2023-04-25","9H 6M 9.84S","After","Aurora","V0333","Flow Core",1747,288,474,640,410,283,400,340,418,236,316,315,473,840,569,1040,184,184,284,341,246,179,213,193,263,419,280,306,237,207,208,275,500,301,557,557,155,155,984,446,466,450,449,284,544,441,699,510,319,402,651,612,209,341,402,319,243,343,584,255,-20,0,20.7,39.6,1.15,1.09,0.91,1.12,5.9,5.02,1.27,1.31,1.48,1.65,1.74,1.76,1.77,1.87,1.74,1.71,1.54,1.48,2.71,4.68,3.19,3.54,1.92,1.94,2,1.98,2.01,1.94,1.81,1.64,1.71,1.73,1.65,1.61,1.45,1.28,1.86,3.97,1.42,1.03,2.3,2.6,3.71,3.36,3.24,3.16,3.13,3.04,2.89,2.83,2.95,3.06,2.94,2.82,3.51,5.14,1.62,2.14,1.98,1.76,1.82,2.57,2.97,3.84,127405.613030491,751260.623413607,681155.545304408,616850.1335363,666482.563991136,1024792.77721614,1447824.66940375,870310.051789107,1390977.49423478,1605570.82150635,885377.406189635,447184.582266871,433007.295342389,1526314.69170521,1914886.41888387,2280211.52596359,2009467.76516272,2010622.35669955,474809.052874754,1090261.75998923,1242601.18521029,1216750.57482921,1151730.4649042,845668.818513166,974859.47220949,1038201.2697103,1242843.75181547,2109873.87951934,1022312.48042838,513353.599350177,508126.177986335,1268571.57193678,1838330.33986823,1383868.83098371,1983432.10539941,2010188.48613455,1994730.84948225,1987416.16212135,142647.788904734,135164.812346213,279650.874880929,492110.09583871,695605.905473727,870588.170203743,622937.912791018,461029.152710407,398405.501018816,254422.466044276,345655.217804856,581750.553069202,617521.15899295,1002754.17205817,389788.5409557,535379.787093894,425288.413729499,358330.371683763,660201.635641044,949456.838815948,1299807.82919485,942640.424836729,FALSE,FALSE,FALSE,FALSE,FALSE,FALSE,FALSE,FALSE,FALSE,FALSE,FALSE,FALSE,FALSE,FALSE,FALSE,FALSE,FALSE,FALSE,FALSE,FALSE,FALSE,FALSE,FALSE,FALSE,FALSE,FALSE,FALSE,FALSE,FALSE,FALSE,FALSE,FALSE,FALSE,FALSE,FALSE,FALSE,FALSE,FALSE,FALSE,FALSE,FALSE,FALSE,FALSE,FALSE,FALSE,FALSE,FALSE,FALSE,FALSE,FALSE,FALSE,FALSE,FALSE,FALSE,FALSE,FALSE,FALSE,FALSE,FALSE,FALSE,FALSE,FALSE,FALSE,FALSE,FALSE,FALSE,FALSE,FALSE,FALSE,FALSE,FALSE,FALSE,FALSE,FALSE,FALSE,FALSE,FALSE,FALSE,FALSE,FALSE,FALSE,FALSE,FALSE,FALSE,FALSE,FALSE,FALSE,FALSE,FALSE,FALSE,FALSE,FALSE,FALSE,FALSE,FALSE,FALSE,FALSE,FALSE,FALSE,FALSE,FALSE,FALSE,FALSE,FALSE,FALSE,FALSE,FALSE,FALSE,FALSE,FALSE,FALSE,FALSE,FALSE,FALSE
"25 Before",2023-04-25 08:56:30.32,"2023-04-25","8H 56M 30.32S","Before","Aurora","V0333","Flow Core",1926,306,494,672,433,300,423,362,443,250,334,337,508,907,609,1140,183,183,270,330,250,188,221,191,248,382,262,302,256,228,225,284,506,289,555,555,157,157,1000,443,463,450,448,288,544,445,691,512,318,403,652,616,202,331,390,310,237,334,571,249,-20.1,0,20.625,39.525,1.16,1.11,0.93,1.11,6.38,5.07,1.31,1.28,1.43,1.56,1.63,1.65,1.7,1.91,1.75,1.68,1.52,1.83,3.41,5.19,3.29,3.69,2.05,2.08,2.21,2.15,2.14,1.99,1.88,1.69,1.75,1.77,1.7,1.62,1.49,1.3,2.07,4.29,1.51,0.95,1.79,2.01,3.26,2.88,2.68,2.65,2.62,2.55,2.41,2.35,2.6,2.56,2.49,2.46,3.27,4.99,1.6,2.06,1.94,1.68,1.77,2.59,3,4,124599.565643412,777118.411509531,687147.913867673,612348.36592593,679165.511567315,1053561.45382997,1479214.96555482,896798.796202348,1427849.60345071,1674890.63197327,918897.792275345,464693.449487396,442926.51755495,1521813.9504112,1937631.80957813,2295419.61537793,1975833.36195055,2011477.88580378,458118.044363726,1082818.12514532,1299019.39183414,1300571.79592744,1190006.53175634,823929.507261617,912942.96302821,960912.538776891,1181752.39812207,2149629.02813534,1135352.29856152,568680.475108281,556183.519849502,1311670.65407841,1847511.20319077,1309025.92750638,1971677.61675824,2034955.50066401,2028426.83482143,2075240.98684721,150061.743371896,137253.089671275,288229.484468962,507115.044423374,719380.823462657,910041.287152496,642294.624600285,482026.016841632,401925.305130562,261857.04211279,354918.347349127,602508.404126814,634817.70090371,1037472.2404955,384832.190963678,527229.638929566,422703.9655554,357329.131426619,660878.800997035,950717.983012791,1304801.73061665,944708.627853508,TRUE,FALSE,FALSE,FALSE,FALSE,FALSE,FALSE,FALSE,FALSE,FALSE,FALSE,FALSE,FALSE,FALSE,FALSE,FALSE,FALSE,FALSE,FALSE,FALSE,FALSE,FALSE,FALSE,FALSE,FALSE,FALSE,FALSE,FALSE,FALSE,FALSE,FALSE,FALSE,FALSE,FALSE,FALSE,FALSE,FALSE,FALSE,FALSE,FALSE,FALSE,FALSE,FALSE,FALSE,FALSE,FALSE,FALSE,FALSE,FALSE,FALSE,FALSE,FALSE,FALSE,FALSE,FALSE,FALSE,FALSE,FALSE,FALSE,FALSE,FALSE,FALSE,FALSE,FALSE,FALSE,FALSE,FALSE,FALSE,FALSE,FALSE,FALSE,FALSE,FALSE,FALSE,FALSE,FALSE,FALSE,FALSE,FALSE,FALSE,FALSE,FALSE,FALSE,FALSE,FALSE,FALSE,FALSE,FALSE,FALSE,FALSE,FALSE,FALSE,FALSE,FALSE,FALSE,FALSE,FALSE,FALSE,FALSE,FALSE,FALSE,FALSE,FALSE,FALSE,FALSE,FALSE,FALSE,FALSE,FALSE,FALSE,FALSE,FALSE,FALSE,FALSE
"24 After",2023-04-24 10:58:02.15,"2023-04-24","10H 58M 2.15S","After","Aurora","V0333","Flow Core",1926,306,494,672,433,300,423,362,443,250,334,337,508,907,609,1140,183,183,270,330,250,188,221,191,248,382,262,302,256,228,225,284,506,289,555,555,157,157,1000,443,463,450,448,288,544,445,691,512,318,403,652,616,202,331,390,310,237,334,571,249,-20.1,0,20.625,39.525,1.16,1.11,0.93,1.11,6.28,3.85,1.22,1.35,1.25,1.34,1.39,1.45,1.5,1.61,1.56,1.54,2.25,3.52,3.1,5.29,3.08,3.2,1.96,1.72,1.6,1.44,1.46,1.42,1.44,1.39,1.45,1.5,1.35,1.28,1.19,1.05,1.23,2.52,1,0.79,2.3,2.62,2.77,2.61,2.54,2.44,2.4,2.28,2.21,2.12,2.29,2.22,2.21,2.24,2.59,3.55,1.39,1.67,1.65,1.43,1.51,2.02,2.35,2.91,116681.875057487,736551.017939003,649317.537358081,580056.409614514,639109.98769492,988390.591566755,1383943.69232248,839304.341692448,1332599.83522939,1565645.28026708,858647.831261305,434154.29332989,413175.932848447,1421606.42915581,1838201.61001349,2151032.36597875,2009768.16555556,2012050.04957116,474072.067478258,1082775.84335283,1248233.66042764,1217196.16561656,1146526.46110737,841960.673722455,973896.958559544,1041124.44416125,1243323.45187906,2141520.63312326,1022940.41610854,511025.014360504,508958.813276875,1277845.1604535,1852837.21210574,1404016.83011529,1983093.37833333,2001498.52064742,2002123.46814815,2005975.77023529,147816.973964075,135376.161394861,282738.20212864,495792.886378965,704323.736686442,891879.48359029,627560.973984283,473090.419335153,393403.203244825,256224.127488759,348924.960455036,592658.070887652,625016.177639374,1023326.73715585,379686.315929409,522174.972709066,419066.887681224,354292.679071568,657689.25442723,945456.514621507,1298549.69734592,941407.49645592,TRUE,FALSE,FALSE,FALSE,FALSE,FALSE,FALSE,FALSE,FALSE,FALSE,FALSE,FALSE,FALSE,FALSE,FALSE,FALSE,FALSE,FALSE,FALSE,FALSE,FALSE,FALSE,FALSE,FALSE,FALSE,FALSE,FALSE,FALSE,FALSE,FALSE,FALSE,FALSE,FALSE,FALSE,FALSE,FALSE,FALSE,FALSE,FALSE,FALSE,FALSE,FALSE,FALSE,FALSE,FALSE,FALSE,FALSE,FALSE,FALSE,FALSE,FALSE,FALSE,FALSE,FALSE,FALSE,FALSE,FALSE,FALSE,FALSE,FALSE,FALSE,FALSE,FALSE,FALSE,FALSE,FALSE,FALSE,FALSE,FALSE,FALSE,FALSE,FALSE,FALSE,FALSE,FALSE,FALSE,FALSE,FALSE,FALSE,FALSE,FALSE,FALSE,FALSE,FALSE,FALSE,FALSE,FALSE,FALSE,FALSE,FALSE,FALSE,FALSE,FALSE,FALSE,FALSE,FALSE,FALSE,FALSE,FALSE,FALSE,FALSE,FALSE,FALSE,FALSE,FALSE,FALSE,FALSE,FALSE,FALSE,FALSE,FALSE,FALSE,FALSE,FALSE
"24 Before",2023-04-24 10:40:33.09,"2023-04-24","10H 40M 33.09S","Before","Aurora","V0333","Flow Core",1916,312,500,676,438,301,425,365,448,254,335,338,513,913,612,1142,183,183,282,340,250,182,220,197,263,396,262,287,236,221,230,311,557,310,548,548,160,160,1001,448,469,458,459,294,547,451,703,517,322,408,660,625,203,333,389,312,238,336,572,250,-20.15,0,20.65,39.6,1.16,1.11,0.94,1.11,7.49,5.02,1.27,1.36,1.42,1.58,1.72,1.75,1.81,1.89,1.8,1.79,2.22,3.46,3.62,6.03,3.21,3.58,2.37,1.89,1.81,1.64,1.72,1.74,1.75,1.61,1.68,1.69,1.49,1.43,1.32,1.14,1.75,3.86,1.54,1.07,3.2,3.4,3.54,3.38,3.26,3.14,3.05,2.88,2.81,2.82,2.95,2.96,2.96,3.01,3.61,5.23,1.59,2.02,1.87,1.64,1.68,2.43,2.8,3.67,114464.095238646,751117.935710198,661681.95396636,591999.182690464,652093.774198517,997481.196221004,1414654.91141973,856556.548643002,1360472.28874828,1607895.34421568,866455.76507167,444203.034568644,419476.84533824,1401334.65871212,1818979.86111939,2092817.43080052,1993010.63225256,2013950.62833701,498384.830744938,1109569.99621687,1240629.50703966,1180623.95184219,1168828.23032439,890656.334201631,1038092.62464777,1063619.70561588,1211139.81557533,2005491.19753974,956124.903005556,509045.321513168,530049.25338338,1405263.04806555,2055019.58400601,1506326.61604741,1974773.69411263,2020058.34862815,2062088.80443686,2085544.5039884,150561.545037525,139409.098416773,289913.501172558,505869.190612354,726112.300731715,911509.555566811,643511.387487646,483552.207948842,405347.960798676,258573.939043114,355239.06248462,600698.989045305,635262.953971537,1036901.00708422,395700.161373097,543160.385145806,424709.380342428,368167.435625498,670870.53864605,964227.566402563,1315855.91063307,956040.108283006,TRUE,FALSE,FALSE,FALSE,FALSE,FALSE,FALSE,FALSE,FALSE,FALSE,FALSE,FALSE,FALSE,FALSE,FALSE,TRUE,FALSE,FALSE,FALSE,FALSE,FALSE,FALSE,FALSE,FALSE,FALSE,FALSE,FALSE,FALSE,FALSE,FALSE,FALSE,FALSE,FALSE,FALSE,FALSE,FALSE,FALSE,FALSE,FALSE,FALSE,FALSE,FALSE,FALSE,FALSE,FALSE,FALSE,FALSE,FALSE,FALSE,FALSE,FALSE,FALSE,FALSE,FALSE,FALSE,FALSE,FALSE,FALSE,FALSE,FALSE,FALSE,FALSE,FALSE,FALSE,FALSE,FALSE,FALSE,FALSE,FALSE,FALSE,FALSE,FALSE,FALSE,FALSE,FALSE,FALSE,FALSE,FALSE,FALSE,FALSE,FALSE,FALSE,FALSE,FALSE,FALSE,FALSE,FALSE,FALSE,FALSE,FALSE,FALSE,FALSE,FALSE,FALSE,FALSE,FALSE,FALSE,FALSE,FALSE,FALSE,FALSE,FALSE,FALSE,FALSE,FALSE,FALSE,FALSE,FALSE,FALSE,FALSE,FALSE,FALSE,FALSE,FALSE
"21 After",2023-04-21 10:50:07.16,"2023-04-21","10H 50M 7.16S","After","Aurora","V0333","Flow Core",1916,312,500,676,438,301,425,365,448,254,335,338,513,913,612,1142,183,183,282,340,250,182,220,197,263,396,262,287,236,221,230,311,557,310,548,548,160,160,1001,448,469,458,459,294,547,451,703,517,322,408,660,625,203,333,389,312,238,336,572,250,-20.15,0,20.65,39.6,1.16,1.11,0.94,1.11,6.37,5.34,1.34,1.3,1.33,1.49,1.58,1.57,1.59,1.76,1.64,1.59,1.49,1.51,2.67,4.99,3.46,3.83,2.09,2.1,2.29,2.15,2.06,1.93,1.82,1.73,1.88,1.95,1.81,1.66,1.49,1.23,1.47,3.48,1.38,0.99,4.63,4.89,4,3.66,3.6,3.39,3.24,3.06,3,3.01,3.14,3.11,3.33,3.45,4,5.6,1.81,2.3,2.11,2.03,2.08,2.86,3.22,4.13,128645.255005574,751969.842802383,665764.675557583,601993.299250868,656785.114054944,997728.703674629,1425161.26052401,860532.924550112,1365372.02344642,1590655.49571383,870693.464014533,446899.842050575,439377.743055491,1544127.95882109,1949471.9292067,2392169.59891465,1968748.02795527,1966833.73963801,470152.075494804,1070217.74261311,1238411.10553689,1197637.70654745,1138932.30336273,834415.022087679,956806.407353586,1027948.19396652,1217617.28374333,2094922.5591015,1013185.1165242,512861.096903776,499543.665375521,1249027.38613479,1807478.9516858,1362421.39198431,1952063.88458466,1965563.98348112,1974893.54153355,1969621.16564157,145461.218198022,134867.559802026,281083.226150947,489268.531402468,699886.123507921,877449.267093748,625555.217753277,469923.520766017,395581.589164801,252225.137849009,345812.981848922,585086.073971053,618130.914450251,1009328.35677139,394856.937102656,542006.882880766,425198.384826233,367539.590883019,663487.543443232,950636.610536198,1298344.8637599,944597.175335016,TRUE,FALSE,FALSE,FALSE,FALSE,FALSE,FALSE,FALSE,FALSE,FALSE,FALSE,FALSE,FALSE,FALSE,FALSE,FALSE,FALSE,FALSE,FALSE,FALSE,FALSE,FALSE,FALSE,FALSE,FALSE,FALSE,FALSE,FALSE,FALSE,FALSE,FALSE,FALSE,FALSE,FALSE,FALSE,FALSE,FALSE,FALSE,FALSE,FALSE,FALSE,FALSE,FALSE,FALSE,FALSE,FALSE,FALSE,FALSE,FALSE,FALSE,FALSE,FALSE,FALSE,FALSE,FALSE,FALSE,FALSE,FALSE,FALSE,FALSE,FALSE,FALSE,FALSE,FALSE,FALSE,FALSE,FALSE,FALSE,FALSE,FALSE,FALSE,FALSE,FALSE,FALSE,FALSE,FALSE,FALSE,FALSE,FALSE,FALSE,FALSE,FALSE,FALSE,FALSE,FALSE,FALSE,FALSE,FALSE,FALSE,FALSE,FALSE,FALSE,FALSE,FALSE,FALSE,FALSE,FALSE,FALSE,FALSE,FALSE,FALSE,FALSE,FALSE,FALSE,FALSE,FALSE,FALSE,FALSE,FALSE,FALSE,FALSE,FALSE,FALSE,FALSE
"21 Before",2023-04-21 10:41:07.11,"2023-04-21","10H 41M 7.11S","Before","Aurora","V0333","Flow Core",1594,281,464,625,399,278,390,336,409,233,310,312,454,783,540,964,185,185,280,333,242,179,218,197,268,415,275,302,231,205,209,279,510,309,559,559,154,154,973,441,457,443,446,286,541,440,697,512,317,398,646,608,209,338,401,318,243,342,585,255,-20.1,0,20.725,39.625,1.15,1.09,0.91,1.12,6.81,5.59,1.44,1.43,1.35,1.46,1.57,1.61,1.64,1.75,1.63,1.58,1.75,2.31,2.99,5.56,3.46,3.82,2.03,2.07,2.25,2.17,1.98,1.87,1.77,1.72,1.85,1.93,1.8,1.63,1.46,1.23,1.57,3.66,1.48,0.98,4.7,4.99,4.01,3.89,3.82,3.64,3.53,3.31,3.28,3.26,3.38,3.41,3.45,3.58,4.12,5.85,1.93,2.42,2.27,2.08,2.18,3,3.39,4.3,107788.014560151,686650.553610871,620537.807746882,560681.69511867,601702.705881108,939523.369439333,1325294.14794724,803765.88028512,1266512.64564993,1474206.17989875,809483.168022927,412229.856619353,389679.816229805,1330932.32843201,1732503.05576856,2006569.78473457,2010000.18085106,1992649.88174663,461896.797929172,1042767.42052017,1198422.8729509,1172778.54347544,1118261.14264747,826969.158554375,968960.88235478,1080274.02256032,1291428.14345447,2201375.51672833,981404.489101649,469905.555905586,448228.282882497,1129371.27918551,1651705.59706973,1349851.50851127,2007513.19156995,2011119.17412216,1890604.87451644,1867186.48817273,135759.112277237,129760.218101795,267774.334784036,461950.928731086,672569.60138977,851126.744922616,602035.671313187,445557.109001076,385365.478214054,245786.21881487,331514.253473744,558645.525447471,593052.905786944,965246.780448354,378454.000240756,519028.634320022,412202.332521783,351375.832211864,647296.56856107,930366.131097641,1283396.04193623,925005.083746198,TRUE,FALSE,FALSE,FALSE,FALSE,FALSE,FALSE,FALSE,FALSE,FALSE,FALSE,FALSE,FALSE,FALSE,FALSE,FALSE,FALSE,FALSE,FALSE,FALSE,FALSE,FALSE,FALSE,FALSE,FALSE,FALSE,FALSE,FALSE,FALSE,FALSE,FALSE,FALSE,FALSE,FALSE,FALSE,FALSE,FALSE,FALSE,FALSE,FALSE,FALSE,FALSE,FALSE,FALSE,FALSE,FALSE,FALSE,FALSE,FALSE,FALSE,FALSE,FALSE,FALSE,FALSE,FALSE,FALSE,FALSE,FALSE,FALSE,FALSE,FALSE,FALSE,FALSE,FALSE,FALSE,FALSE,FALSE,FALSE,FALSE,FALSE,FALSE,FALSE,FALSE,FALSE,FALSE,FALSE,FALSE,FALSE,FALSE,FALSE,FALSE,FALSE,FALSE,FALSE,FALSE,FALSE,FALSE,FALSE,FALSE,FALSE,FALSE,FALSE,FALSE,FALSE,FALSE,FALSE,FALSE,FALSE,FALSE,FALSE,FALSE,FALSE,FALSE,FALSE,FALSE,FALSE,FALSE,FALSE,FALSE,FALSE,FALSE,FALSE,FALSE,FALSE
"19 After",2023-04-19 09:34:12.59,"2023-04-19","9H 34M 12.59S","After","Aurora","V0333","Flow Core",1594,281,464,625,399,278,390,336,409,233,310,312,454,783,540,964,185,185,280,333,242,179,218,197,268,415,275,302,231,205,209,279,510,309,559,559,154,154,973,441,457,443,446,286,541,440,697,512,317,398,646,608,209,338,401,318,243,342,585,255,-20.1,0,20.725,39.625,1.15,1.09,0.91,1.12,6.45,5.15,1.3,1.3,1.43,1.57,1.67,1.71,1.73,1.82,1.73,1.67,1.65,2.05,3.15,4.89,3.01,3.43,2.13,2.19,2.32,2.29,2.22,2.06,1.93,1.76,1.82,1.84,1.81,1.71,1.54,1.29,1.86,4.03,1.54,1.38,1.92,2.31,3.71,3.43,3.24,3.11,3.06,2.96,2.83,2.83,2.96,2.96,2.92,2.86,3.61,5.38,1.81,2.25,2.13,1.93,2.02,2.78,3.2,4.15,108903.743389335,729531.67827407,667207.321397871,601428.611598493,645887.42863012,1009520.87702948,1423251.89018047,863835.453529428,1359448.02766371,1584225.20260091,866369.636578339,442453.76916559,413928.569817642,1384227.83202522,1790420.54886442,2033370.35544348,2024071.66921642,2027303.08218324,477590.010681281,1097724.4193074,1261745.60077545,1230911.99988467,1162807.66491036,849047.454561291,977436.085632267,1048469.70918046,1242847.29935745,2152522.48092326,1032833.69343306,518477.821989233,512601.177537426,1276148.95153593,1839856.21891166,1389778.84743472,1985122.50485075,2015383.70762666,1984224.68320896,1983162.56253756,141234.456882429,135378.048066062,279450.173578081,483827.468432739,704340.956834515,890497.779562241,628539.041050495,466773.685104371,402208.050058419,257463.853189751,346475.871041372,582876.214853608,619451.797741367,1005949.54108814,392389.64689531,533558.077636221,423085.427546747,360797.420132608,664210.782038019,955141.767105734,1315091.71684415,947125.112114664,TRUE,FALSE,FALSE,FALSE,FALSE,FALSE,FALSE,FALSE,FALSE,FALSE,FALSE,FALSE,FALSE,FALSE,FALSE,FALSE,FALSE,FALSE,FALSE,FALSE,FALSE,FALSE,FALSE,FALSE,FALSE,FALSE,FALSE,FALSE,FALSE,FALSE,FALSE,FALSE,FALSE,FALSE,FALSE,FALSE,FALSE,FALSE,FALSE,FALSE,FALSE,FALSE,FALSE,FALSE,FALSE,FALSE,FALSE,FALSE,FALSE,FALSE,FALSE,FALSE,FALSE,FALSE,FALSE,FALSE,FALSE,FALSE,FALSE,FALSE,FALSE,FALSE,FALSE,FALSE,FALSE,FALSE,FALSE,FALSE,FALSE,FALSE,FALSE,FALSE,FALSE,FALSE,FALSE,FALSE,FALSE,FALSE,FALSE,FALSE,FALSE,FALSE,FALSE,FALSE,FALSE,FALSE,FALSE,FALSE,FALSE,FALSE,FALSE,FALSE,FALSE,FALSE,FALSE,FALSE,FALSE,FALSE,FALSE,FALSE,FALSE,FALSE,FALSE,FALSE,FALSE,FALSE,FALSE,FALSE,FALSE,FALSE,FALSE,FALSE,FALSE,FALSE
"19 Before",2023-04-19 09:26:21.01,"2023-04-19","9H 26M 21.01S","Before","Aurora","V0333","Flow Core",1817,302,498,686,435,301,426,362,443,246,330,337,506,896,604,1109,182,182,270,332,251,188,220,190,247,383,261,299,256,229,223,281,502,287,553,553,154,154,972,440,460,444,442,278,538,443,691,507,316,399,642,608,211,345,408,322,241,339,576,251,-20.15,0,20.675,39.6,1.16,1.11,0.93,1.11,6.3,5.05,1.21,1.18,1.31,1.43,1.52,1.52,1.54,1.68,1.55,1.5,1.55,2.07,3.36,5.08,3.02,3.57,2.01,2.08,2.28,2.13,1.98,1.83,1.74,1.6,1.7,1.77,1.71,1.6,1.42,1.23,1.98,4.17,2.34,2.23,1.89,2.13,2.18,1.77,1.59,1.54,1.54,1.52,1.39,1.4,1.58,1.54,1.55,1.57,2.32,3.99,1.6,2.02,1.92,1.67,1.76,2.58,2.96,3.92,111896.98104285,765691.749897322,695186.978842997,631737.377946896,687725.136861423,1063953.2930698,1512624.33845486,903007.050012164,1435355.36097852,1667061.79007075,909474.421071072,466012.256601667,441762.164913635,1471447.56700796,1900091.73464221,2159607.74283256,1974051.22223945,2010541.67840761,468409.224125077,1120557.67476879,1317007.71489366,1296039.42250886,1157526.2905751,804308.484060629,891018.866245097,974840.871606206,1207898.78360019,2186678.88008492,1155528.0560534,579677.288748088,548546.890892194,1275117.35296348,1783633.1485177,1266648.0751413,2008372.10995658,2076062.98535399,1953644.29016749,2006475.9996535,142957.901808729,137123.34326959,282984.351606088,496269.184724678,704010.969504892,883590.41135611,634740.326319825,478995.489883365,397671.025194566,255175.663786185,348463.183228622,591198.277809745,624456.312871119,1015372.71708382,404368.988754857,558482.754922099,444054.200955221,373371.392304462,673398.050029295,967729.531980417,1318841.82730679,955017.727899025,TRUE,FALSE,FALSE,FALSE,FALSE,FALSE,FALSE,FALSE,FALSE,FALSE,FALSE,FALSE,FALSE,FALSE,FALSE,FALSE,FALSE,FALSE,FALSE,FALSE,FALSE,FALSE,FALSE,FALSE,FALSE,FALSE,FALSE,FALSE,FALSE,FALSE,FALSE,FALSE,FALSE,FALSE,FALSE,FALSE,FALSE,FALSE,FALSE,FALSE,FALSE,FALSE,FALSE,FALSE,FALSE,FALSE,FALSE,FALSE,FALSE,FALSE,FALSE,FALSE,FALSE,FALSE,FALSE,FALSE,FALSE,FALSE,FALSE,FALSE,FALSE,FALSE,FALSE,FALSE,FALSE,FALSE,FALSE,FALSE,FALSE,FALSE,FALSE,FALSE,FALSE,FALSE,FALSE,FALSE,FALSE,FALSE,FALSE,FALSE,FALSE,FALSE,FALSE,FALSE,FALSE,FALSE,FALSE,FALSE,FALSE,FALSE,FALSE,FALSE,FALSE,FALSE,FALSE,FALSE,FALSE,FALSE,FALSE,FALSE,FALSE,FALSE,FALSE,FALSE,FALSE,FALSE,FALSE,FALSE,FALSE,FALSE,FALSE,FALSE,FALSE,FALSE
"18 After",2023-04-18 09:09:25.28,"2023-04-18","9H 9M 25.28S","After","Aurora","V0333","Flow Core",1817,302,498,686,435,301,426,362,443,246,330,337,506,896,604,1109,182,182,270,332,251,188,220,190,247,383,261,299,256,229,223,281,502,287,553,553,154,154,972,440,460,444,442,278,538,443,691,507,316,399,642,608,211,345,408,322,241,339,576,251,-20.15,0,20.675,39.6,1.16,1.11,0.93,1.11,6.54,5.28,1.04,1.04,1.12,1.28,1.36,1.38,1.36,1.5,1.38,1.41,1.31,1.46,2.92,4.96,3.27,3.55,2.43,2.15,2.06,1.9,1.94,1.93,1.96,1.83,1.85,1.83,1.67,1.6,1.5,1.3,1.59,3.36,1.77,1.69,3.02,3.42,4.44,4.34,4.21,4.04,3.96,3.74,3.71,3.72,3.75,3.77,3.8,3.8,4.23,5.71,1.73,2.24,2.07,1.82,1.86,2.7,3,3.81,120164.102195685,745901.047709818,666166.011434405,609614.364931547,655854.976948744,1009214.9088014,1438767.49991418,860101.94111068,1373542.5121325,1593470.3157758,867395.056761916,444211.262397356,434588.963215505,1507390.41817425,1912101.76017278,2285701.74625358,2012341.08589385,2014236.20409979,474739.957268107,1088869.39731467,1241458.49620803,1214051.85457406,1153527.89098107,847060.909468281,967305.995758867,1035374.10143318,1236774.11981736,2105054.02761019,1021736.35693069,516514.472809253,507401.106420223,1267927.35438029,1824412.69388907,1377984.87094934,1982099.40467877,2002704.89931586,1976346.89560056,1986154.87780654,141349.201877376,135415.401596598,279604.684059631,492005.99251156,701193.066812982,880244.840292172,629282.745853685,473210.76074833,393171.987951316,251431.78333904,345455.53710434,586392.113898346,619748.847785095,1008224.08635267,384649.810855509,536257.342494724,426690.96062374,360087.939701088,657215.994422841,944916.909990237,1289608.95096321,936545.806411203,TRUE,FALSE,FALSE,FALSE,FALSE,FALSE,FALSE,FALSE,FALSE,FALSE,FALSE,FALSE,FALSE,FALSE,FALSE,FALSE,FALSE,FALSE,FALSE,FALSE,FALSE,FALSE,FALSE,FALSE,FALSE,FALSE,FALSE,FALSE,FALSE,FALSE,FALSE,FALSE,FALSE,FALSE,FALSE,FALSE,FALSE,FALSE,FALSE,FALSE,FALSE,FALSE,FALSE,FALSE,FALSE,FALSE,FALSE,FALSE,FALSE,FALSE,FALSE,FALSE,FALSE,FALSE,FALSE,FALSE,FALSE,FALSE,FALSE,FALSE,FALSE,FALSE,FALSE,FALSE,FALSE,FALSE,FALSE,FALSE,FALSE,FALSE,FALSE,FALSE,FALSE,FALSE,FALSE,FALSE,FALSE,FALSE,FALSE,FALSE,FALSE,FALSE,FALSE,FALSE,FALSE,FALSE,FALSE,FALSE,FALSE,FALSE,FALSE,FALSE,FALSE,FALSE,FALSE,FALSE,FALSE,FALSE,FALSE,FALSE,FALSE,FALSE,FALSE,FALSE,FALSE,FALSE,FALSE,FALSE,FALSE,FALSE,FALSE,FALSE,FALSE,FALSE
"18 Before",2023-04-18 09:00:08.41,"2023-04-18","9H 0M 8.41S","Before","Aurora","V0333","Flow Core",1596,277,452,612,395,271,382,329,401,228,306,304,448,771,531,951,182,182,280,335,244,181,220,197,262,389,258,283,240,224,232,308,548,308,556,556,153,153,994,435,458,445,440,282,537,440,682,513,316,398,643,610,209,337,401,317,242,340,578,253,-20.125,0,20.75,39.675,1.15,1.1,0.92,1.12,6.67,5,1.38,1.48,1.48,1.59,1.72,1.73,1.77,1.83,1.73,1.7,1.85,2.44,3.25,5.19,3.16,3.53,2.39,1.98,1.89,1.74,1.84,1.86,1.84,1.68,1.72,1.72,1.55,1.5,1.36,1.17,1.75,3.93,1.59,1.43,1.89,2.36,3.59,3.3,3.09,3,2.96,2.87,2.74,2.69,2.88,2.82,2.82,2.75,3.39,4.93,1.63,2.11,1.95,1.74,1.77,2.54,2.92,3.78,108293.023634949,700973.97924668,616588.266164565,560892.58828904,613220.433906586,930371.55685183,1318540.05212382,802343.545150549,1275207.52775609,1524400.22514513,815780.298492021,410121.37222209,388257.257428104,1298751.54346804,1695284.69299795,1958272.48160739,2012045.24260707,2004062.25423226,492161.42612451,1092869.31271407,1211081.20271053,1169284.2164553,1168026.8930097,890796.1154933,1036449.99322115,1050088.02191042,1255021.5133327,2051491.79221542,978337.760576885,510372.702715058,533588.557523363,1393007.48973844,2030797.11811685,1495262.64029002,2000955.44187627,2015559.88977491,1990647.98597893,1991557.93869866,150519.731034537,136237.319777352,284161.409685693,504145.755260745,728810.47122236,925720.922235446,637845.16485116,472598.989082336,396399.960454563,258971.653330458,349409.19826931,591109.792379642,628467.028606887,1029144.50176587,361762.181600884,507121.009824138,400652.40520342,345052.903103755,653542.056249536,944563.356081443,1294456.07353623,940186.200071221,TRUE,FALSE,FALSE,FALSE,FALSE,FALSE,FALSE,FALSE,FALSE,FALSE,FALSE,FALSE,FALSE,FALSE,FALSE,FALSE,FALSE,FALSE,FALSE,FALSE,FALSE,FALSE,FALSE,FALSE,FALSE,FALSE,FALSE,FALSE,FALSE,FALSE,FALSE,FALSE,FALSE,FALSE,FALSE,FALSE,FALSE,FALSE,FALSE,FALSE,FALSE,FALSE,FALSE,FALSE,FALSE,FALSE,FALSE,FALSE,FALSE,FALSE,FALSE,FALSE,FALSE,FALSE,FALSE,FALSE,FALSE,FALSE,FALSE,FALSE,FALSE,FALSE,FALSE,FALSE,FALSE,FALSE,FALSE,FALSE,FALSE,FALSE,FALSE,FALSE,FALSE,FALSE,FALSE,FALSE,FALSE,FALSE,FALSE,FALSE,FALSE,FALSE,FALSE,FALSE,FALSE,FALSE,FALSE,FALSE,FALSE,FALSE,FALSE,FALSE,FALSE,FALSE,FALSE,FALSE,FALSE,FALSE,FALSE,FALSE,FALSE,FALSE,FALSE,FALSE,FALSE,FALSE,FALSE,FALSE,FALSE,FALSE,FALSE,FALSE,FALSE,FALSE
"14 after",2023-04-14 13:35:27.32,"2023-04-14","13H 35M 27.32S","After","Aurora","V0333","Flow Core",1579,288,471,631,409,283,398,338,410,235,303,299,442,772,551,1050,183,183,283,336,244,177,211,194,262,408,275,299,219,195,198,268,505,321,543,543,159,159,997,448,464,448,446,286,526,428,672,496,313,402,678,669,192,313,368,305,242,352,630,287,-20.2,0,20.725,39.675,1.16,1.11,0.93,1.12,7.12,5.63,2.2,2.3,2.22,2.27,2.42,2.41,2.46,2.45,2.44,2.44,2.83,3.5,3.73,5.94,3.59,4.03,2.61,2.59,2.72,2.67,2.62,2.53,2.42,2.23,2.35,2.35,2.24,2.16,2.05,1.96,2.23,3.25,1.9,1.97,4.43,4.93,3.39,3.05,2.99,2.86,2.83,2.66,2.56,2.52,2.74,2.73,2.68,2.88,3.4,4.78,4.16,4.49,4.42,4.31,4.45,5.08,5.47,6.32,95397.5059755843,690799.323676268,618472.600439365,556368.59441425,616470.507232377,954459.688269945,1330677.64681772,807940.982566205,1268558.13059502,1504129.5215336,822860.491220237,417881.262747666,382244.734063313,1239201.67413477,1661220.45904095,1820542.86066202,1962420.54227333,1942107.37581988,465632.921115783,1065070.0475667,1224304.01267535,1188759.83937208,1117102.13428949,833457.596517553,958391.939981916,1014324.35051536,1219861.3564376,2084177.70872502,1009105.40921355,506136.468218057,500657.685339006,1239892.53591918,1792466.95293457,1357957.10544671,1945281.65296161,1933376.38607536,1972647.13724355,1944274.35802575,143377.692119363,133812.843719208,277849.367551394,481107.644974391,686343.564121363,870396.472976408,614373.113889251,459266.486500596,392882.507722244,250855.887134686,341592.836118836,577279.972338477,609949.936224757,992901.210345985,376301.286283155,513102.375868835,410153.028357188,353857.666492056,640492.112594946,920311.720431159,1265277.67869229,911257.564291578,TRUE,FALSE,FALSE,FALSE,FALSE,FALSE,FALSE,FALSE,FALSE,FALSE,FALSE,FALSE,FALSE,FALSE,FALSE,FALSE,FALSE,FALSE,FALSE,FALSE,FALSE,FALSE,FALSE,FALSE,FALSE,FALSE,FALSE,FALSE,FALSE,FALSE,FALSE,FALSE,FALSE,FALSE,FALSE,FALSE,FALSE,FALSE,FALSE,FALSE,FALSE,FALSE,FALSE,FALSE,FALSE,FALSE,FALSE,FALSE,FALSE,FALSE,FALSE,FALSE,FALSE,FALSE,FALSE,FALSE,TRUE,FALSE,FALSE,FALSE,FALSE,FALSE,FALSE,FALSE,FALSE,FALSE,FALSE,FALSE,FALSE,FALSE,FALSE,FALSE,FALSE,FALSE,FALSE,FALSE,FALSE,FALSE,FALSE,FALSE,FALSE,FALSE,FALSE,FALSE,FALSE,FALSE,FALSE,FALSE,FALSE,FALSE,FALSE,FALSE,FALSE,FALSE,FALSE,FALSE,FALSE,FALSE,FALSE,FALSE,FALSE,FALSE,FALSE,FALSE,FALSE,FALSE,FALSE,FALSE,FALSE,FALSE,FALSE,FALSE,FALSE,FALSE
"13 After",2023-04-13 09:40:29.31,"2023-04-13","9H 40M 29.31S","After","Aurora","V0333","Flow Core",1808,294,473,639,409,283,399,342,421,239,317,320,481,854,577,1082,184,184,266,322,241,183,231,203,268,394,261,284,225,206,215,297,540,323,549,549,155,155,1003,444,464,450,448,290,543,446,690,512,319,404,656,617,219,360,426,339,258,363,616,268,-20.125,0,20.75,39.65,1.16,1.11,0.93,1.12,6.7,5.53,1.24,1.23,1.28,1.49,1.57,1.59,1.55,1.71,1.59,1.6,1.51,1.68,2.82,5.02,3.31,3.68,2.33,2.34,2.39,2.05,1.9,1.84,1.77,1.64,1.79,1.86,1.74,1.67,1.48,1.3,1.73,3.46,2.26,1.93,4.59,4.78,4.34,4.05,3.96,3.78,3.76,3.55,3.51,3.41,3.6,3.59,3.53,3.63,4.18,5.65,4.67,4.92,4.8,4.66,4.65,5.25,5.58,6.56,122761.518251786,756040.474989509,668861.423702906,597860.688084935,655450.44865321,1011750.17431401,1425334.14639414,858085.214239059,1361990.26553039,1588502.95037945,875149.981626256,449276.359463656,432844.790849075,1496660.26364661,1899589.99407658,2286815.63165716,2015431.06770833,2021704.62445015,480398.075234486,1100354.90988325,1255545.74339934,1227517.40922309,1166517.50403112,852098.41265482,974749.983863194,1033763.28029771,1248760.37003975,2139632.88533663,1039745.41514215,520950.470168793,514614.709272508,1282611.52660511,1848022.7960318,1394546.13070731,1971232.7094494,1992347.426457,2006934.28478423,2009728.8582409,147825.063711312,137915.594036131,285802.513178302,498441.849308002,705343.660988128,898059.727034943,633386.261980935,477721.021756342,398416.242462771,259667.03324707,353146.371578464,595462.050323569,633223.688276654,1024453.91160726,393050.688339217,535521.939689774,422695.486242055,364092.845926427,665593.44032214,953856.005992898,1306154.21299317,944851.161360401,TRUE,FALSE,FALSE,FALSE,FALSE,FALSE,FALSE,FALSE,FALSE,FALSE,FALSE,FALSE,FALSE,FALSE,FALSE,FALSE,FALSE,FALSE,FALSE,FALSE,FALSE,FALSE,FALSE,FALSE,FALSE,FALSE,FALSE,FALSE,FALSE,FALSE,FALSE,FALSE,FALSE,FALSE,FALSE,FALSE,FALSE,FALSE,FALSE,FALSE,FALSE,FALSE,FALSE,FALSE,FALSE,FALSE,FALSE,FALSE,FALSE,FALSE,FALSE,FALSE,FALSE,FALSE,FALSE,FALSE,TRUE,FALSE,FALSE,FALSE,FALSE,FALSE,FALSE,FALSE,FALSE,FALSE,FALSE,FALSE,FALSE,FALSE,FALSE,FALSE,FALSE,FALSE,FALSE,FALSE,FALSE,FALSE,FALSE,FALSE,FALSE,FALSE,FALSE,FALSE,FALSE,FALSE,FALSE,FALSE,FALSE,FALSE,FALSE,FALSE,FALSE,FALSE,FALSE,FALSE,FALSE,FALSE,FALSE,FALSE,FALSE,FALSE,FALSE,FALSE,FALSE,FALSE,FALSE,FALSE,FALSE,FALSE,FALSE,FALSE,FALSE,FALSE
"13 Before",2023-04-13 09:32:19.4,"2023-04-13","9H 32M 19.4S","Before","Aurora","V0333","Flow Core",1654,283,470,634,407,279,396,335,413,235,308,307,459,812,555,1029,183,183,265,334,255,192,232,199,255,372,251,280,231,214,227,312,568,333,571,571,156,156,999,441,460,452,451,288,538,438,684,510,316,402,651,618,212,349,415,331,255,361,623,272,-20.175,0,20.775,39.675,1.15,1.1,0.92,1.13,7.63,6.04,2.14,2.22,2.08,2.15,2.27,2.29,2.32,2.35,2.25,2.23,2.54,3.29,4.04,6.29,3.46,4.02,2.86,2.68,2.66,2.25,2.08,1.98,1.92,1.92,2.04,2.14,2.04,1.86,1.72,1.65,2.23,4.23,2.49,2.52,3.73,3.82,4.22,3.91,3.83,3.64,3.65,3.41,3.32,3.3,3.44,3.48,3.4,3.43,4.1,5.84,4.92,5.3,5.24,5.12,5.27,6.02,6.46,7.52,117505.799615474,731467.73595974,658031.491595491,597495.085418303,644773.681066443,987421.465016922,1404818.56456268,836291.847644258,1342030.41611352,1551428.1431404,843534.085319625,431568.057302861,416304.058372238,1441483.03962624,1847880.92802314,2224404.43056228,1953350.61321885,1947888.63700424,463512.379046138,1108902.61149621,1269469.67956756,1221290.53399662,1115720.18279189,805060.240117419,909931.067534885,973140.852776957,1182778.32946681,2058726.27487454,1023642.85422727,515878.334818496,513826.131149099,1271985.27328656,1841360.27509726,1371754.13534496,2017185.33825879,2044406.9206075,1997068.15874601,1995002.74025999,143677.723667886,132199.874670655,273133.223487806,483937.652578284,682881.536952894,861305.65355018,615751.190586998,456173.775306422,386551.825462184,252118.279888611,337105.131695095,574052.107888874,609296.710555004,1001339.33346665,370118.062131628,500454.454734312,404946.726622078,344286.174761982,637815.528285782,921653.615813578,1278198.97223432,934223.807098774,TRUE,TRUE,FALSE,FALSE,FALSE,FALSE,FALSE,FALSE,FALSE,FALSE,FALSE,FALSE,FALSE,FALSE,FALSE,TRUE,FALSE,FALSE,FALSE,FALSE,FALSE,FALSE,FALSE,FALSE,FALSE,FALSE,FALSE,FALSE,FALSE,FALSE,FALSE,FALSE,FALSE,FALSE,FALSE,FALSE,FALSE,FALSE,FALSE,FALSE,FALSE,FALSE,FALSE,FALSE,FALSE,FALSE,FALSE,FALSE,FALSE,FALSE,FALSE,FALSE,FALSE,FALSE,TRUE,TRUE,TRUE,FALSE,FALSE,FALSE,FALSE,FALSE,FALSE,FALSE,FALSE,FALSE,FALSE,FALSE,FALSE,FALSE,FALSE,FALSE,FALSE,FALSE,FALSE,FALSE,FALSE,FALSE,FALSE,FALSE,FALSE,FALSE,FALSE,FALSE,FALSE,FALSE,FALSE,FALSE,FALSE,FALSE,FALSE,FALSE,FALSE,FALSE,FALSE,FALSE,FALSE,FALSE,FALSE,FALSE,FALSE,FALSE,FALSE,FALSE,FALSE,FALSE,FALSE,FALSE,FALSE,FALSE,FALSE,FALSE,FALSE,FALSE
"12 Before",2023-04-12 09:38:26.3,"2023-04-12","9H 38M 26.3S","Before","Aurora","V0333","Flow Core",1654,283,470,634,407,279,396,335,413,235,308,307,459,812,555,1029,183,183,265,334,255,192,232,199,255,372,251,280,231,214,227,312,568,333,571,571,156,156,999,441,460,452,451,288,538,438,684,510,316,402,651,618,212,349,415,331,255,361,623,272,-20.175,0,20.775,39.675,1.15,1.1,0.92,1.13,6.33,5.07,1.17,1.18,1.28,1.46,1.52,1.54,1.52,1.64,1.54,1.51,1.42,1.74,2.87,5.07,3.18,3.52,2.51,2.24,2.16,2.01,2,1.94,1.92,1.86,1.95,2,1.85,1.75,1.58,1.37,1.7,3.36,3.82,3.94,2.48,3.11,2.05,1.63,1.46,1.41,1.39,1.35,1.25,1.21,1.39,1.34,1.29,1.4,1.99,3.27,4.12,4.52,4.4,4.34,4.52,5.09,5.47,6.37,116131.811934962,745069.2200211,681180.463937684,615047.650954005,665499.974459654,1016828.05944113,1450393.88069626,860101.560122546,1379897.29782882,1591693.44978011,867279.359370899,443717.10601425,427883.79127779,1475961.34123907,1887797.17867451,2236972.67165434,2001090.30630631,1986632.69092879,462863.930083362,1075049.02872434,1228335.47682295,1203649.81294919,1164361.80757607,863587.193335634,989802.505281788,1044608.91923936,1243219.76614426,2101046.7024943,1001267.65839781,498692.320469337,495442.686655086,1249589.92325345,1818706.32374216,1386015.87261308,2086396.48581081,2090538.93936251,1954171.71599099,1938264.05526931,142542.954771063,131803.016407498,272032.579450342,481267.993989085,678218.504025526,856882.653863364,614713.518176613,455776.651469961,386353.53331547,251770.027376712,336936.340931583,574548.462631184,609657.319898205,997718.686902322,380871.726495868,514482.249884292,416441.028922003,353135.94905923,651612.1978961,939051.564036655,1300063.15246014,946419.283114768,TRUE,FALSE,FALSE,FALSE,FALSE,FALSE,FALSE,FALSE,FALSE,FALSE,FALSE,FALSE,FALSE,FALSE,FALSE,FALSE,FALSE,FALSE,FALSE,FALSE,FALSE,FALSE,FALSE,FALSE,FALSE,FALSE,FALSE,FALSE,FALSE,FALSE,FALSE,FALSE,FALSE,FALSE,FALSE,FALSE,FALSE,FALSE,FALSE,FALSE,FALSE,FALSE,FALSE,FALSE,FALSE,FALSE,FALSE,FALSE,FALSE,FALSE,FALSE,FALSE,FALSE,FALSE,FALSE,FALSE,TRUE,FALSE,FALSE,FALSE,FALSE,FALSE,FALSE,FALSE,FALSE,FALSE,FALSE,FALSE,FALSE,FALSE,FALSE,FALSE,FALSE,FALSE,FALSE,FALSE,FALSE,FALSE,FALSE,FALSE,FALSE,FALSE,FALSE,FALSE,FALSE,FALSE,FALSE,FALSE,FALSE,FALSE,FALSE,FALSE,FALSE,FALSE,FALSE,FALSE,FALSE,FALSE,FALSE,FALSE,FALSE,FALSE,FALSE,FALSE,FALSE,FALSE,FALSE,FALSE,FALSE,FALSE,FALSE,FALSE,FALSE,FALSE
"10 After",2023-04-10 14:35:39.59,"2023-04-10","14H 35M 39.59S","After","Aurora","V0333","Flow Core",1654,283,470,634,407,279,396,335,413,235,308,307,459,812,555,1029,183,183,265,334,255,192,232,199,255,372,251,280,231,214,227,312,568,333,571,571,156,156,999,441,460,452,451,288,538,438,684,510,316,402,651,618,212,349,415,331,255,361,623,272,-20.175,0,20.775,39.675,1.15,1.1,0.92,1.13,5.83,4.81,1.45,1.53,1.55,1.66,1.71,1.72,1.7,1.84,1.72,1.7,1.68,1.83,2.89,4.62,3.28,3.59,2.61,2.39,2.3,2.06,2.02,1.96,1.96,1.88,1.95,2,1.9,1.78,1.65,1.44,1.65,3.08,2.1,1.79,1.38,2.1,2.5,2.08,1.92,1.88,1.87,1.85,1.74,1.7,1.85,1.8,1.73,1.88,2.32,3.33,3.84,4.19,4.16,4.04,4.17,4.76,5.14,5.87,118363.631503248,749201.122449083,676269.551256506,611342.411999205,661556.971505602,1013678.51639404,1443599.58655478,860458.470340507,1378623.09363326,1590004.31601365,872368.153030363,446615.619598094,430406.031991522,1482981.090201,1892733.20715063,2234844.76130806,1992991.46046644,1990138.53334855,470849.778886562,1099245.6494926,1247144.84315758,1213564.29037991,1150728.91540238,849805.224746655,974043.419993621,1038012.59941615,1239002.95579669,2112704.5976107,1024683.04555188,513232.511667795,508283.459749257,1270833.15947092,1836619.41631002,1381899.18377466,1982854.60423777,2005746.19319717,2000756.67605233,1999468.73231177,145961.284347717,134864.333736958,279115.322779091,494447.963901097,694698.138956354,878010.625843542,633729.957357391,469692.667357704,398356.750602627,259567.662406013,346731.087040922,588836.179809846,621982.192768289,1012931.11342395,388592.308691167,523264.020455559,424224.191931009,359030.644070278,655606.045164927,939039.134340388,1290701.4994155,935091.675231394,FALSE,FALSE,FALSE,FALSE,FALSE,FALSE,FALSE,FALSE,FALSE,FALSE,FALSE,FALSE,FALSE,FALSE,FALSE,FALSE,FALSE,FALSE,FALSE,FALSE,FALSE,FALSE,FALSE,FALSE,FALSE,FALSE,FALSE,FALSE,FALSE,FALSE,FALSE,FALSE,FALSE,FALSE,FALSE,FALSE,FALSE,FALSE,FALSE,FALSE,FALSE,FALSE,FALSE,FALSE,FALSE,FALSE,FALSE,FALSE,FALSE,FALSE,FALSE,FALSE,FALSE,FALSE,FALSE,FALSE,FALSE,FALSE,FALSE,FALSE,FALSE,FALSE,FALSE,FALSE,FALSE,FALSE,FALSE,FALSE,FALSE,FALSE,FALSE,FALSE,FALSE,FALSE,FALSE,FALSE,FALSE,FALSE,FALSE,FALSE,FALSE,FALSE,FALSE,FALSE,FALSE,FALSE,FALSE,FALSE,FALSE,FALSE,FALSE,FALSE,FALSE,FALSE,FALSE,FALSE,FALSE,FALSE,FALSE,FALSE,FALSE,FALSE,FALSE,FALSE,FALSE,FALSE,FALSE,FALSE,FALSE,FALSE,FALSE,FALSE,FALSE,FALSE
"10 Before",2023-04-10 14:26:15.68,"2023-04-10","14H 26M 15.68S","Before","Aurora","V0333","Flow Core",1571,275,450,600,389,268,380,324,391,221,302,301,441,759,530,945,185,185,265,324,246,188,236,204,268,388,251,274,230,214,223,304,557,330,567,567,156,156,1016,447,466,451,446,282,558,450,710,524,324,408,661,623,244,394,475,371,272,378,648,282,-20.075,0,20.8,39.65,1.14,1.08,0.9,1.13,287.36,213.33,199.25,237.39,206.62,175.07,123.56,183.14,206.45,272.42,245.22,246.09,338.05,323.87,278.73,268.89,83.63,80.13,203.14,147.24,213.95,205.12,167.9,180.85,164.11,163.15,205.41,182.81,183.9,221.65,257.4,234.66,306.25,393.61,71.77,79.74,72.51,74.2,284.83,221.7,289.6,261.27,308.3,196.77,247.37,254.08,339.36,332.46,288.46,298.7,286.99,411.79,228.41,294.98,231.37,278.07,204.06,304.74,239.6,303.88,21966.9002060446,145542.9491658,127013.822874135,113438.737939974,122710.937237509,189326.721783546,270346.157579096,161222.424967642,255936.323868609,294196.659005403,163950.655862008,83634.8002130345,78491.1050398233,263502.65346348,351798.043440946,412027.600307133,474382.950980392,473498.258945633,92034.6124424686,207656.472869672,234354.742593306,232146.31692766,231518.542502385,172729.28129814,202462.72133761,213685.524301982,250528.496397757,417541.734822377,196835.525200768,98246.2632555734,96343.134304212,239109.626683891,351484.248733083,278596.20908918,567042.544117647,800472.121706495,462325.453431373,459232.2309461,28220.1892630844,26421.544688047,54598.0936996368,95790.0850257979,136537.182614904,170920.017010176,125069.021204873,92400.7748728367,79192.5371861992,50479.9328601898,68348.2243956631,115064.529326907,122090.866953809,203374.465896264,82279.0235007037,112168.842034796,89379.3968937095,76202.3906196844,135584.487547168,192274.218207247,266243.489068093,194404.24801166,TRUE,TRUE,TRUE,TRUE,TRUE,TRUE,TRUE,TRUE,TRUE,TRUE,TRUE,TRUE,TRUE,TRUE,TRUE,TRUE,TRUE,TRUE,TRUE,TRUE,TRUE,TRUE,TRUE,TRUE,TRUE,TRUE,TRUE,TRUE,TRUE,TRUE,TRUE,TRUE,TRUE,TRUE,TRUE,TRUE,TRUE,TRUE,TRUE,TRUE,TRUE,TRUE,TRUE,TRUE,TRUE,TRUE,TRUE,TRUE,TRUE,TRUE,TRUE,TRUE,TRUE,TRUE,TRUE,TRUE,TRUE,FALSE,FALSE,FALSE,FALSE,FALSE,FALSE,FALSE,FALSE,FALSE,FALSE,FALSE,FALSE,FALSE,FALSE,FALSE,FALSE,FALSE,FALSE,FALSE,FALSE,FALSE,FALSE,FALSE,FALSE,FALSE,FALSE,FALSE,FALSE,FALSE,FALSE,FALSE,FALSE,FALSE,FALSE,FALSE,FALSE,FALSE,FALSE,FALSE,FALSE,FALSE,FALSE,FALSE,FALSE,FALSE,FALSE,FALSE,FALSE,FALSE,FALSE,FALSE,FALSE,FALSE,FALSE,FALSE,FALSE,FALSE
"07 Before",2023-04-07 10:13:25.65,"2023-04-07","10H 13M 25.65S","Before","Aurora","V0333","Flow Core",1525,278,448,594,389,268,373,320,390,225,292,293,425,730,514,932,181,181,276,341,253,183,212,191,257,397,269,292,224,204,215,300,555,329,543,543,159,159,1008,454,472,457,458,293,538,440,682,507,318,406,674,654,206,336,394,318,250,358,628,281,-20.125,0,20.75,39.7,1.16,1.11,0.94,1.13,6.5,5.03,1.25,1.31,1.42,1.64,1.73,1.71,1.67,1.87,1.83,1.81,1.48,1.37,2.86,4.93,3.46,3.81,2.87,2.56,2.38,2.05,2.13,2.05,2.12,1.97,2.08,2.05,1.81,1.72,1.61,1.38,1.54,3.87,2.23,1.69,1.72,2.41,3.2,2.65,2.43,2.4,2.4,2.3,2.23,2.18,2.39,2.34,2.18,2.32,2.98,4.15,4.75,5.04,4.97,4.97,5.02,5.72,6.12,7.16,106336.734346979,724257.020377774,641956.933090963,567806.649207342,624258.500437012,960721.015385458,1346531.41909822,810580.343664469,1280275.50884058,1517670.53659505,802522.959395551,413767.451883111,387180.511658838,1308425.4834164,1729344.74941435,2040610.73775985,1949811.785,1974119.86523172,477824.868861049,1110825.38942788,1252734.24857326,1173521.03533389,1083679.73064676,822457.820157275,990875.036390404,1067338.66234669,1264090.46745943,2030052.91289854,896440.860208575,451073.375680814,471668.023523262,1295989.57130947,1958974.34438415,1548513.56923521,1863708.815,1939288.28079427,2014250.56166667,2035961.78778916,144771.868104795,137084.119038582,282879.88513502,496037.368801832,703514.50841578,894307.821322967,620484.847159301,460336.898239453,389242.177494275,248793.174646124,344347.819147425,587384.51234229,640720.386035,1072989.11492092,355301.830525084,485292.229858047,380895.473220077,330573.786954605,629016.343279297,920097.806049797,1308345.41090555,969347.601938608,TRUE,FALSE,FALSE,FALSE,FALSE,FALSE,FALSE,FALSE,FALSE,FALSE,FALSE,FALSE,FALSE,FALSE,FALSE,FALSE,FALSE,FALSE,FALSE,FALSE,FALSE,FALSE,FALSE,FALSE,FALSE,FALSE,FALSE,FALSE,FALSE,FALSE,FALSE,FALSE,FALSE,FALSE,FALSE,FALSE,FALSE,FALSE,FALSE,FALSE,FALSE,FALSE,FALSE,FALSE,FALSE,FALSE,FALSE,FALSE,FALSE,FALSE,FALSE,FALSE,FALSE,FALSE,FALSE,TRUE,TRUE,FALSE,FALSE,FALSE,FALSE,FALSE,FALSE,FALSE,FALSE,FALSE,FALSE,FALSE,FALSE,FALSE,FALSE,FALSE,FALSE,FALSE,FALSE,FALSE,FALSE,FALSE,FALSE,FALSE,FALSE,FALSE,FALSE,FALSE,FALSE,FALSE,FALSE,FALSE,FALSE,FALSE,FALSE,FALSE,FALSE,FALSE,FALSE,FALSE,FALSE,FALSE,FALSE,FALSE,FALSE,FALSE,FALSE,FALSE,FALSE,FALSE,FALSE,FALSE,FALSE,FALSE,FALSE,FALSE,FALSE,FALSE
"06 After",2023-04-06 10:27:55.09,"2023-04-06","10H 27M 55.09S","After","Aurora","V0333","Flow Core",1525,278,448,594,389,268,373,320,390,225,292,293,425,730,514,932,181,181,276,341,253,183,212,191,257,397,269,292,224,204,215,300,555,329,543,543,159,159,1008,454,472,457,458,293,538,440,682,507,318,406,674,654,206,336,394,318,250,358,628,281,-20.225,0,20.7,39.775,1.16,1.11,0.94,1.13,6.37,5.51,1.4,1.29,1.32,1.48,1.6,1.61,1.55,1.66,1.57,1.58,1.62,1.91,2.53,5.11,3.45,3.68,2.09,2,2.03,1.97,2.08,1.93,1.81,1.65,1.69,1.78,1.72,1.57,1.41,1.22,1.52,3.24,2.09,2.16,4.14,4.78,2.85,2.61,2.46,2.3,2.22,2.06,2,1.95,2.12,2.18,2.13,2.35,2.89,4.41,4.33,4.72,4.62,4.52,4.64,5.25,5.67,6.47,96933.5235342894,712395.886400988,642742.062576265,567078.655733506,627846.94321489,972834.970403527,1362130.47616141,822679.960566172,1285806.25670858,1536813.15030844,826501.349342871,426253.089801697,384903.940576812,1247632.36450782,1678472.6106362,1806923.15615839,2014079.66387615,2014025.76714837,475238.806468608,1091837.02763118,1255908.43501859,1217988.88571381,1154836.54621528,844592.51909988,981998.682372484,1037083.25997526,1249741.34166846,2135399.0238775,1038796.61674311,516535.452624725,508566.976541022,1270806.09693111,1844907.82659018,1381984.60656842,1983328.51055046,1992362.7518931,2000462.79151376,1994419.64629913,144615.383366471,136618.39263824,284217.841266583,497832.372472382,700966.240855067,891385.933363362,634127.761362519,472326.385599297,399565.3957638,254983.762202657,349494.392194327,591159.231233525,628976.933525715,1021784.05283728,392370.450832788,534511.201389255,420027.424801522,359626.443994415,660696.10920045,944877.146575321,1308109.17891679,941807.253837231,TRUE,FALSE,FALSE,FALSE,FALSE,FALSE,FALSE,FALSE,FALSE,FALSE,FALSE,FALSE,FALSE,FALSE,FALSE,FALSE,FALSE,FALSE,FALSE,FALSE,FALSE,FALSE,FALSE,FALSE,FALSE,FALSE,FALSE,FALSE,FALSE,FALSE,FALSE,FALSE,FALSE,FALSE,FALSE,FALSE,FALSE,FALSE,FALSE,FALSE,FALSE,FALSE,FALSE,FALSE,FALSE,FALSE,FALSE,FALSE,FALSE,FALSE,FALSE,FALSE,FALSE,FALSE,FALSE,FALSE,TRUE,FALSE,FALSE,FALSE,FALSE,FALSE,FALSE,FALSE,FALSE,FALSE,FALSE,FALSE,FALSE,FALSE,FALSE,FALSE,FALSE,FALSE,FALSE,FALSE,FALSE,FALSE,FALSE,FALSE,FALSE,FALSE,FALSE,FALSE,FALSE,FALSE,FALSE,FALSE,FALSE,FALSE,FALSE,FALSE,FALSE,FALSE,FALSE,FALSE,FALSE,FALSE,FALSE,FALSE,FALSE,FALSE,FALSE,FALSE,FALSE,FALSE,FALSE,FALSE,FALSE,FALSE,FALSE,FALSE,FALSE,FALSE
"06 Before",2023-04-06 10:22:42.17,"2023-04-06","10H 22M 42.17S","Before","Aurora","V0333","Flow Core",1789,291,467,628,408,279,392,339,414,236,314,317,473,842,564,1048,184,184,278,334,246,186,227,198,257,379,255,290,251,230,234,301,535,298,545,545,157,157,1016,449,467,455,456,293,550,451,700,522,322,408,664,624,222,365,436,344,261,368,627,272,-20.15,0,20.775,39.75,1.15,1.1,0.92,1.12,6.79,5.28,1.8,1.97,1.78,1.78,1.95,1.95,1.99,1.85,1.95,1.94,2.74,3.99,3.26,5.9,3.35,3.64,2.06,2.02,2.04,1.97,2.05,1.91,1.81,1.65,1.72,1.78,1.75,1.62,1.46,1.25,1.55,3.15,2.08,2.03,4.06,4.57,2.91,2.65,2.52,2.36,2.32,2.14,2.08,2.08,2.25,2.26,2.25,2.46,2.99,4.48,4.18,4.59,4.47,4.42,4.59,5.27,5.67,6.52,117934.471779312,744092.985868945,679510.557148878,606436.642946439,667678.823030286,1022718.35938339,1447194.48947412,877826.114975977,1387097.40566925,1618308.26253097,903530.210335947,468052.561621228,437082.430076757,1496125.46211717,1880169.962637,2113706.47933173,2039457.20538991,2018697.67477542,473352.217937916,1067252.66888927,1208370.42121171,1227470.51867477,1214702.11379738,868709.667132552,968758.629504371,977832.178251755,1176675.42940795,2116910.87353941,1139627.81509726,570043.97772719,545082.930672436,1254689.26435614,1752159.06858652,1241336.05369667,1985174.26708716,1995418.06782495,1970594.72729358,1945233.63835704,143016.10230397,133342.211456763,277494.468903788,493016.939649159,692842.20675288,881649.437918778,639290.469816064,482811.094994896,404424.771561768,261907.688830832,350137.132870522,587641.42527802,612832.347294125,966249.959392299,419608.412153448,567776.614228126,456907.964400017,381170.015064356,677685.18809905,952502.857628846,1271856.80069018,898486.223926121,TRUE,FALSE,FALSE,FALSE,FALSE,FALSE,FALSE,FALSE,FALSE,FALSE,FALSE,FALSE,FALSE,FALSE,FALSE,FALSE,FALSE,FALSE,FALSE,FALSE,FALSE,FALSE,FALSE,FALSE,FALSE,FALSE,FALSE,FALSE,FALSE,FALSE,FALSE,FALSE,FALSE,FALSE,FALSE,FALSE,FALSE,FALSE,FALSE,FALSE,FALSE,FALSE,FALSE,FALSE,FALSE,FALSE,FALSE,FALSE,FALSE,FALSE,FALSE,FALSE,FALSE,FALSE,FALSE,FALSE,TRUE,FALSE,FALSE,FALSE,FALSE,FALSE,FALSE,FALSE,FALSE,FALSE,FALSE,FALSE,FALSE,FALSE,FALSE,FALSE,FALSE,FALSE,FALSE,FALSE,FALSE,FALSE,FALSE,FALSE,FALSE,FALSE,FALSE,FALSE,FALSE,FALSE,FALSE,FALSE,FALSE,FALSE,FALSE,FALSE,FALSE,FALSE,FALSE,FALSE,FALSE,FALSE,FALSE,FALSE,FALSE,FALSE,FALSE,FALSE,FALSE,FALSE,FALSE,FALSE,FALSE,FALSE,FALSE,FALSE,FALSE,FALSE
"05 After",2023-04-05 09:26:26.15,"2023-04-05","9H 26M 26.15S","After","Aurora","V0333","Flow Core",1789,291,467,628,408,279,392,339,414,236,314,317,473,842,564,1048,184,184,278,334,246,186,227,198,257,379,255,290,251,230,234,301,535,298,545,545,157,157,1016,449,467,455,456,293,550,451,700,522,322,408,664,624,222,365,436,344,261,368,627,272,-20.15,0,20.775,39.75,1.15,1.1,0.92,1.12,6.43,5.69,1.34,1.16,1.16,1.28,1.39,1.42,1.46,1.61,1.51,1.47,1.46,1.76,2.91,5.26,3.25,3.59,2.2,2.31,2.28,1.97,1.75,1.74,1.72,1.71,1.87,1.9,1.64,1.54,1.38,1.22,1.63,3.92,2.74,2.67,2.76,3.26,2.56,2.32,2.14,1.99,1.92,1.81,1.75,1.72,1.84,1.86,1.91,2,2.66,4.27,4.49,4.91,4.77,4.77,4.83,5.55,5.97,6.93,109858.677642279,722473.88127587,653020.698990718,580793.066715216,642612.700433996,988260.543927771,1383202.00051127,839784.032135637,1323240.02031253,1557962.47588586,849669.432145588,440748.756413076,407311.031045874,1361868.69575628,1767842.94123129,2004628.4575939,2001810.60724234,1995601.10037088,473673.753734838,1095852.85368044,1235708.56661283,1218749.90429132,1142980.6255338,835887.584863893,966458.493136657,1024941.93390015,1235542.98557331,2125310.79645944,1035216.52085807,511525.610975607,506234.44836008,1251611.77911507,1815363.20842323,1367379.61674725,1960191.17931755,1988642.08319007,1976672.87708914,1969383.32125269,145644.57793169,135435.770321465,279088.296382706,494260.208689512,696726.573681316,884967.613038786,629801.028352071,474623.038266062,398050.303144812,259170.728559799,347887.716431579,586301.777668673,624922.667099915,1009231.12371033,390443.618545068,528392.717072149,425383.754542295,359525.211798047,657070.171082256,941230.747790879,1287840.26462128,935325.429719922,TRUE,FALSE,FALSE,FALSE,FALSE,FALSE,FALSE,FALSE,FALSE,FALSE,FALSE,FALSE,FALSE,FALSE,FALSE,FALSE,FALSE,FALSE,FALSE,FALSE,FALSE,FALSE,FALSE,FALSE,FALSE,FALSE,FALSE,FALSE,FALSE,FALSE,FALSE,FALSE,FALSE,FALSE,FALSE,FALSE,FALSE,FALSE,FALSE,FALSE,FALSE,FALSE,FALSE,FALSE,FALSE,FALSE,FALSE,FALSE,FALSE,FALSE,FALSE,FALSE,FALSE,FALSE,FALSE,FALSE,TRUE,FALSE,FALSE,FALSE,FALSE,FALSE,FALSE,FALSE,FALSE,FALSE,FALSE,FALSE,FALSE,FALSE,FALSE,FALSE,FALSE,FALSE,FALSE,FALSE,FALSE,FALSE,FALSE,FALSE,FALSE,FALSE,FALSE,FALSE,FALSE,FALSE,FALSE,FALSE,FALSE,FALSE,FALSE,FALSE,FALSE,FALSE,FALSE,FALSE,FALSE,FALSE,FALSE,FALSE,FALSE,FALSE,FALSE,FALSE,FALSE,FALSE,FALSE,FALSE,FALSE,FALSE,FALSE,FALSE,FALSE,FALSE
"05 Before",2023-04-05 09:15:06.95,"2023-04-05","9H 15M 6.95S","Before","Aurora","V0333","Flow Core",1555,278,453,602,395,272,380,327,399,231,305,303,441,752,522,926,184,184,283,334,244,179,214,195,265,417,279,303,232,204,208,277,506,303,547,547,157,157,1016,452,472,460,457,294,554,451,703,519,324,410,665,628,223,369,441,344,262,368,628,272,-20.125,0,20.75,39.7,1.15,1.1,0.92,1.13,7.41,6.33,2.24,2.22,2.18,2.11,2.18,2.13,2.12,2.15,2.06,2.05,2.31,2.91,4.02,6.06,3.47,3.96,2.69,2.64,2.62,2.24,2.17,2.17,2.2,2.17,2.3,2.32,2.04,1.9,1.82,1.81,2.31,4.46,2.82,2.95,2.79,3.43,2.75,2.41,2.23,2.21,2.16,2.07,1.99,2.03,2.11,2.15,2.12,2.3,2.95,4.5,4.94,5.37,5.28,5.17,5.35,6.01,6.37,7.42,105024.269545076,709639.033759236,631354.781658713,568506.316214083,631531.4254923,973289.673840223,1361431.17128936,819827.720479837,1301218.52394806,1556215.68887489,831767.386146301,424520.097677619,393167.362340644,1296062.37657008,1709209.24060311,1938433.03556713,1971437.10831234,1957996.94480304,479843.642629465,1080702.93565617,1206094.63450824,1137203.65480435,1066858.37410443,817817.874908702,993178.856685376,1125275.15462759,1357832.49259384,2201594.78342179,932585.693529175,445670.838328886,445423.525460068,1167495.78520878,1732226.25640722,1401578.20299877,1956464.76102015,1959211.50415962,1980191.52078086,1966935.61637563,144099.956558876,135710.020919256,280651.255227312,494677.361310378,706509.649683206,896919.029386159,624404.535088391,469958.662574009,392868.606743396,255111.502637993,345915.908596118,588771.614795522,621239.967106459,1011048.56221506,365544.620555605,511566.645583348,405276.263565887,343961.234521235,645489.327143482,924442.204255371,1276843.73554057,923037.117982778,TRUE,TRUE,FALSE,FALSE,FALSE,FALSE,FALSE,FALSE,FALSE,FALSE,FALSE,FALSE,FALSE,FALSE,FALSE,TRUE,FALSE,FALSE,FALSE,FALSE,FALSE,FALSE,FALSE,FALSE,FALSE,FALSE,FALSE,FALSE,FALSE,FALSE,FALSE,FALSE,FALSE,FALSE,FALSE,FALSE,FALSE,FALSE,FALSE,FALSE,FALSE,FALSE,FALSE,FALSE,FALSE,FALSE,FALSE,FALSE,FALSE,FALSE,FALSE,FALSE,FALSE,FALSE,TRUE,TRUE,TRUE,FALSE,FALSE,FALSE,FALSE,FALSE,FALSE,FALSE,FALSE,FALSE,FALSE,FALSE,FALSE,FALSE,FALSE,FALSE,FALSE,FALSE,FALSE,FALSE,FALSE,FALSE,FALSE,FALSE,FALSE,FALSE,FALSE,FALSE,FALSE,FALSE,FALSE,FALSE,FALSE,FALSE,FALSE,FALSE,FALSE,FALSE,FALSE,FALSE,FALSE,FALSE,FALSE,FALSE,FALSE,FALSE,FALSE,FALSE,FALSE,FALSE,FALSE,FALSE,FALSE,FALSE,FALSE,FALSE,FALSE,FALSE
"04 After",2023-04-04 09:25:13.68,"2023-04-04","9H 25M 13.68S","After","Aurora","V0333","Flow Core",1555,278,453,602,395,272,380,327,399,231,305,303,441,752,522,926,184,184,283,334,244,179,214,195,265,417,279,303,232,204,208,277,506,303,547,547,157,157,1016,452,472,460,457,294,554,451,703,519,324,410,665,628,223,369,441,344,262,368,628,272,-20.125,0,20.75,39.7,1.15,1.1,0.92,1.13,7.39,6.04,1.29,1.13,1.22,1.39,1.45,1.5,1.49,1.64,1.55,1.53,1.52,2.01,3.39,5.87,3.33,3.76,2.36,2.38,2.55,2.49,2.43,2.28,2.17,1.97,2.02,2.07,1.97,1.91,1.71,1.45,2,4.04,1.74,1.33,5.74,5.94,4.46,4.27,4.16,3.96,3.84,3.57,3.57,3.55,3.71,3.74,3.82,3.98,4.66,6.61,5.3,5.74,5.63,5.61,5.77,6.45,6.89,8,95960.5623779538,696326.698656238,621266.843774795,554437.730696243,618127.63804437,955632.470873569,1333749.38880046,803628.003764285,1264896.35565678,1507547.38236093,815455.49956745,416051.955115012,376316.757166834,1205670.27039372,1624564.61240652,1775410.83255568,1991674.90307571,1985182.26458162,470554.865815475,1075932.36680312,1234650.30295838,1201944.61004911,1132550.53435209,828271.204182504,958783.074234416,1027338.47212635,1235608.60264459,2104550.75014896,1014581.73434822,502456.180794349,501979.548956527,1245661.64170265,1809578.09427199,1354577.85323976,1959643.40875394,1977009.29331686,1978723.86821767,1975281.02490588,142736.760379306,134584.897796747,277094.106331102,485540.180657173,689105.375671999,874970.173968914,619535.635308671,465402.247989269,390582.030441048,253516.072195112,342688.617605116,582869.963922128,615930.650885849,1002997.85930394,379925.638993823,521835.939343157,413385.867186696,349908.063062634,647709.275149195,927089.54212755,1280928.30913061,923579.984309085,TRUE,TRUE,FALSE,FALSE,FALSE,FALSE,FALSE,FALSE,FALSE,FALSE,FALSE,FALSE,FALSE,FALSE,FALSE,FALSE,FALSE,FALSE,FALSE,FALSE,FALSE,FALSE,FALSE,FALSE,FALSE,FALSE,FALSE,FALSE,FALSE,FALSE,FALSE,FALSE,FALSE,FALSE,FALSE,FALSE,FALSE,FALSE,FALSE,FALSE,FALSE,FALSE,FALSE,FALSE,FALSE,FALSE,FALSE,FALSE,TRUE,FALSE,FALSE,FALSE,FALSE,FALSE,TRUE,TRUE,TRUE,FALSE,FALSE,FALSE,FALSE,FALSE,FALSE,FALSE,FALSE,FALSE,FALSE,FALSE,FALSE,FALSE,FALSE,FALSE,FALSE,FALSE,FALSE,FALSE,FALSE,FALSE,FALSE,FALSE,FALSE,FALSE,FALSE,FALSE,FALSE,FALSE,FALSE,FALSE,FALSE,FALSE,FALSE,FALSE,FALSE,FALSE,FALSE,FALSE,FALSE,FALSE,FALSE,FALSE,FALSE,FALSE,FALSE,FALSE,FALSE,FALSE,FALSE,FALSE,FALSE,FALSE,FALSE,FALSE,FALSE,FALSE
"04 Before",2023-04-04 09:14:57.75,"2023-04-04","9H 14M 57.75S","Before","Aurora","V0333","Flow Core",1667,283,469,632,408,279,395,340,414,235,312,313,462,805,549,1000,185,185,294,352,258,185,207,183,240,377,261,300,260,239,242,316,564,317,569,569,157,157,1006,445,466,455,449,287,545,449,693,516,320,404,650,612,224,370,442,347,262,370,627,271,-20.175,0,20.8,39.725,1.15,1.1,0.93,1.13,7.63,5.55,1.3,1.32,1.28,1.41,1.54,1.59,1.62,1.69,1.7,1.66,2.4,3.97,3.88,6.45,3.2,3.56,2.18,2.23,2.36,2.28,2.24,2.12,2.01,1.8,1.85,1.89,1.82,1.77,1.58,1.27,1.76,3.84,1.63,1.13,5.5,5.68,4.2,3.99,3.9,3.68,3.6,3.35,3.34,3.35,3.46,3.52,3.55,3.76,4.31,6.13,4.77,5.17,5.12,5.05,5.23,5.82,6.21,7.26,116728.653572403,744570.439890579,680534.945741914,617152.321313271,665104.073057427,1016815.37190316,1447886.69945534,877058.319955158,1398578.21603622,1646211.41483874,869034.104532202,443080.029214673,425985.848029232,1459896.74116371,1864007.58384671,2208308.93960742,2026000.45953624,2021797.9977851,490412.10093231,1136288.00473753,1308513.02905221,1253080.7824233,1106794.43882111,784919.866916588,873094.902677628,953170.691599407,1219204.5764478,2203598.09784566,1132850.27871738,580480.18351941,587050.883897783,1428248.22915633,2047747.01673401,1443552.39732668,2067061.19479423,2101127.39273949,1992406.66354423,1994795.90919676,143987.733422948,133839.177107238,275570.416227068,495450.97487691,708155.610427159,897113.139938365,610604.297542103,468384.272922197,390009.321495698,249085.04384574,341052.761462781,577917.164402797,611438.629071348,992323.246118374,354237.872520352,500804.035479542,400783.830969706,341798.634718424,645912.307545176,935031.095338035,1280179.25593217,927868.977759369,TRUE,FALSE,FALSE,FALSE,FALSE,FALSE,FALSE,FALSE,FALSE,FALSE,FALSE,FALSE,FALSE,FALSE,FALSE,TRUE,FALSE,FALSE,FALSE,FALSE,FALSE,FALSE,FALSE,FALSE,FALSE,FALSE,FALSE,FALSE,FALSE,FALSE,FALSE,FALSE,FALSE,FALSE,FALSE,FALSE,FALSE,FALSE,FALSE,FALSE,FALSE,FALSE,FALSE,FALSE,FALSE,FALSE,FALSE,FALSE,TRUE,FALSE,FALSE,FALSE,FALSE,FALSE,FALSE,TRUE,TRUE,FALSE,FALSE,FALSE,FALSE,FALSE,FALSE,FALSE,FALSE,FALSE,FALSE,FALSE,FALSE,FALSE,FALSE,FALSE,FALSE,FALSE,FALSE,FALSE,FALSE,FALSE,FALSE,FALSE,FALSE,FALSE,FALSE,FALSE,FALSE,FALSE,FALSE,FALSE,FALSE,FALSE,FALSE,FALSE,FALSE,FALSE,FALSE,FALSE,FALSE,FALSE,FALSE,FALSE,FALSE,FALSE,FALSE,FALSE,FALSE,FALSE,FALSE,FALSE,FALSE,FALSE,FALSE,FALSE,FALSE,FALSE
"31 After",2023-03-31 09:47:46.86,"2023-03-31","9H 47M 46.86S","After","Aurora","V0333","Flow Core",1667,283,469,632,408,279,395,340,414,235,312,313,462,805,549,1000,185,185,294,352,258,185,207,183,240,377,261,300,260,239,242,316,564,317,569,569,157,157,1006,445,466,455,449,287,545,449,693,516,320,404,650,612,224,370,442,347,262,370,627,271,-20.175,0,20.8,39.725,1.15,1.1,0.93,1.13,7.62,5.63,1.32,1.23,1.3,1.44,1.54,1.61,1.66,1.8,1.76,1.74,2.22,3.31,3.74,6.14,3.18,3.53,2.24,2.22,2.24,2.16,2.23,2.2,2.17,2.01,2.07,2.09,1.94,1.82,1.65,1.41,1.72,3.53,2.4,1.73,1.51,2.38,2.6,2.23,2,1.98,2.02,1.96,1.85,1.83,1.98,1.95,1.86,1.89,2.45,3.69,4.74,5.12,4.99,4.95,5.09,5.73,6.08,7.02,104335.172036405,720353.335868203,650453.454434552,583562.928954034,637002.684101047,982115.834081706,1389702.77748018,844387.140873336,1321935.89740099,1547600.88063482,839898.214355933,429108.913061227,398818.758175074,1310922.480646,1731693.73549489,1952948.91047335,2019269.73530351,2015362.93442815,475980.782326066,1088799.04601022,1255557.7798491,1221949.79129636,1145192.75100544,846822.483084249,966830.972141923,1030985.62518677,1237562.49675854,2118549.44778582,1023717.13093285,510554.384237517,508272.585191318,1267751.2969565,1833832.47033717,1384819.89346666,1988260.74177316,2011592.82523275,1998705.64353035,1998826.67926032,146277.881218583,136151.317737155,280808.08345233,497933.672455417,697030.350661264,882575.639276478,625230.496155363,477067.771271738,399659.801983884,255371.714895547,347217.117830274,586831.543500038,621953.150415866,1008769.58540734,389887.267579686,531102.604738618,426831.419068707,362051.214134992,661881.793284073,951017.112798027,1297954.84171134,940171.353907116,TRUE,FALSE,FALSE,FALSE,FALSE,FALSE,FALSE,FALSE,FALSE,FALSE,FALSE,FALSE,FALSE,FALSE,FALSE,TRUE,FALSE,FALSE,FALSE,FALSE,FALSE,FALSE,FALSE,FALSE,FALSE,FALSE,FALSE,FALSE,FALSE,FALSE,FALSE,FALSE,FALSE,FALSE,FALSE,FALSE,FALSE,FALSE,FALSE,FALSE,FALSE,FALSE,FALSE,FALSE,FALSE,FALSE,FALSE,FALSE,FALSE,FALSE,FALSE,FALSE,FALSE,FALSE,FALSE,TRUE,TRUE,FALSE,FALSE,FALSE,FALSE,FALSE,FALSE,FALSE,FALSE,FALSE,FALSE,FALSE,FALSE,FALSE,FALSE,FALSE,FALSE,FALSE,FALSE,FALSE,FALSE,FALSE,FALSE,FALSE,FALSE,FALSE,FALSE,FALSE,FALSE,FALSE,FALSE,FALSE,FALSE,FALSE,FALSE,FALSE,FALSE,FALSE,FALSE,FALSE,FALSE,FALSE,FALSE,FALSE,FALSE,FALSE,FALSE,FALSE,FALSE,FALSE,FALSE,FALSE,FALSE,FALSE,FALSE,FALSE,FALSE,FALSE
"31 Before",2023-03-31 09:38:13.47,"2023-03-31","9H 38M 13.47S","Before","Aurora","V0333","Flow Core",1734,287,472,637,409,280,397,340,416,237,316,317,474,849,567,1058,184,184,278,349,263,192,220,190,243,367,251,286,248,230,239,319,576,326,548,548,154,154,1011,450,472,458,452,292,555,452,701,518,322,408,657,619,222,364,432,344,260,367,621,270,-20.175,0,20.7,39.6,1.15,1.1,0.93,1.13,7.06,5.79,1.32,1.31,1.29,1.43,1.47,1.48,1.49,1.64,1.53,1.48,1.71,2.91,3.57,5.77,3.29,3.81,2.18,2.1,2.1,1.97,2.1,2.1,2.09,1.98,2.04,2.07,1.89,1.76,1.6,1.5,2.03,4.18,3.65,2.98,1.51,2.22,2.31,1.95,1.82,1.82,1.77,1.83,1.82,1.81,1.9,1.89,1.84,1.96,2.35,3.23,4.81,5.25,5.11,5,5.2,5.87,6.27,7.31,110729.160549205,738214.582155331,666796.997978324,600533.759657214,660684.185930973,1012257.75000778,1419848.83346964,861108.205381429,1369642.61079753,1634710.20584896,873007.542034599,444827.024549401,417671.620648434,1432838.59905052,1826532.04144837,2124646.33319916,1999925.51672318,1999181.77796176,451347.076072285,1075835.72039902,1280682.00676696,1273694.54759007,1215549.35551926,879751.191108446,980225.225871852,1016534.63306054,1243415.44031194,2098535.47921444,965915.078705978,489037.005309094,496436.938577769,1280727.58742362,1876157.92087556,1423407.23795699,1929576.02681874,1936784.03290149,1965010.47318126,1964637.27810426,146646.791298754,136642.678047102,285663.433242075,507160.004982414,735862.892160357,940127.222369183,636107.220194685,478221.09012181,398101.002988385,258690.988140839,351796.13699816,595870.320359898,628707.060822789,1025757.26674814,356102.309677154,500118.139974828,393182.315592933,341944.671425989,646814.397692531,942286.38144754,1284721.64098813,935777.15654271,TRUE,FALSE,FALSE,FALSE,FALSE,FALSE,FALSE,FALSE,FALSE,FALSE,FALSE,FALSE,FALSE,FALSE,FALSE,FALSE,FALSE,FALSE,FALSE,FALSE,FALSE,FALSE,FALSE,FALSE,FALSE,FALSE,FALSE,FALSE,FALSE,FALSE,FALSE,FALSE,FALSE,FALSE,FALSE,FALSE,FALSE,FALSE,FALSE,FALSE,FALSE,FALSE,FALSE,FALSE,FALSE,FALSE,FALSE,FALSE,FALSE,FALSE,FALSE,FALSE,FALSE,FALSE,FALSE,TRUE,TRUE,FALSE,FALSE,FALSE,FALSE,FALSE,FALSE,FALSE,FALSE,FALSE,FALSE,FALSE,FALSE,FALSE,FALSE,FALSE,FALSE,FALSE,FALSE,FALSE,FALSE,FALSE,FALSE,FALSE,FALSE,FALSE,FALSE,FALSE,FALSE,FALSE,FALSE,FALSE,FALSE,FALSE,FALSE,FALSE,FALSE,FALSE,FALSE,FALSE,FALSE,FALSE,FALSE,FALSE,FALSE,FALSE,FALSE,FALSE,FALSE,FALSE,FALSE,FALSE,FALSE,FALSE,FALSE,FALSE,FALSE,FALSE
"30 after",2023-03-30 09:46:19.4,"2023-03-30","9H 46M 19.4S","After","Aurora","V0333","Flow Core",1734,287,472,637,409,280,397,340,416,237,316,317,474,849,567,1058,184,184,278,349,263,192,220,190,243,367,251,286,248,230,239,319,576,326,548,548,154,154,1011,450,472,458,452,292,555,452,701,518,322,408,657,619,222,364,432,344,260,367,621,270,-20.175,0,20.7,39.6,1.15,1.1,0.93,1.13,7.7,5.36,1.25,1.33,1.3,1.44,1.57,1.62,1.64,1.68,1.73,1.74,2.63,4.54,4.01,6.8,3.23,3.6,2.3,2.09,2.06,1.93,1.93,1.89,1.88,1.8,1.87,1.91,1.78,1.67,1.51,1.25,1.6,3.44,2.16,1.55,6.35,6.36,5.35,5.26,5.19,4.92,4.86,4.6,4.55,4.58,4.69,4.69,4.67,4.76,5.22,6.86,4.74,5.14,5.03,4.95,5.08,5.65,6.09,6.95,120193.602722331,752191.951597995,675896.927534848,611626.154233239,668047.91916364,1018257.16345058,1436918.969168,871745.935261726,1372478.95985368,1601212.94757654,884805.812697008,453176.085533934,435403.248573809,1527482.58250116,1905158.48129357,2296292.02695032,2011354.30412705,2005584.41915475,471284.924205933,1085056.28840609,1246976.79938326,1207466.96012918,1142836.4095768,842921.364281916,962036.315892657,1034329.09914677,1239726.42306195,2117159.4365267,1018606.42899226,510349.145994786,505146.478855218,1258306.95226359,1828209.72820172,1366655.64995681,1961253.57065687,1970767.39010507,1975186.91929559,1965455.8223202,141351.51321221,132216.095166005,277938.887967713,488403.324057141,694685.239964061,884594.399740094,623823.470064525,467861.719772402,392678.303455463,254418.621271596,344629.272563145,582634.500680288,615115.047135486,1003576.56583657,386304.778355778,524461.332130237,413799.841675415,356645.335637098,653847.006663766,944775.841126349,1285888.63627527,935931.434973366,TRUE,FALSE,FALSE,FALSE,FALSE,FALSE,FALSE,FALSE,FALSE,FALSE,FALSE,FALSE,FALSE,FALSE,FALSE,TRUE,FALSE,FALSE,FALSE,FALSE,FALSE,FALSE,FALSE,FALSE,FALSE,FALSE,FALSE,FALSE,FALSE,FALSE,FALSE,FALSE,FALSE,FALSE,FALSE,FALSE,FALSE,FALSE,FALSE,FALSE,FALSE,FALSE,FALSE,FALSE,FALSE,FALSE,FALSE,FALSE,TRUE,FALSE,FALSE,FALSE,FALSE,FALSE,FALSE,TRUE,TRUE,FALSE,FALSE,FALSE,FALSE,FALSE,FALSE,FALSE,FALSE,FALSE,FALSE,FALSE,FALSE,FALSE,FALSE,FALSE,FALSE,FALSE,FALSE,FALSE,FALSE,FALSE,FALSE,FALSE,FALSE,FALSE,FALSE,FALSE,FALSE,FALSE,FALSE,FALSE,FALSE,FALSE,FALSE,FALSE,FALSE,FALSE,FALSE,FALSE,FALSE,FALSE,FALSE,FALSE,FALSE,FALSE,FALSE,FALSE,FALSE,FALSE,FALSE,FALSE,FALSE,FALSE,FALSE,FALSE,FALSE,FALSE
"30 Before",2023-03-30 09:37:41.02,"2023-03-30","9H 37M 41.02S","Before","Aurora","V0333","Flow Core",1829,297,485,653,421,290,410,353,426,244,325,324,487,869,589,1090,185,185,269,323,243,184,233,206,272,398,264,285,226,206,217,299,545,326,566,566,156,156,985,439,464,450,449,289,543,446,700,518,320,404,653,618,224,371,442,346,262,369,630,273,-20.15,0,20.45,39.4,1.15,1.09,0.91,1.13,7.59,5.55,1.43,1.5,1.46,1.55,1.62,1.63,1.62,1.74,1.64,1.66,2.23,3.7,4.01,6.61,3.35,3.76,2.32,2.08,2.07,1.91,1.95,1.92,1.93,1.9,2.03,2.1,1.88,1.72,1.57,1.38,1.86,3.72,2.35,2.13,5.48,5.51,5.51,5.45,5.3,5.12,4.94,4.69,4.69,4.68,4.77,4.76,4.82,4.9,5.37,7.02,4.7,5.08,4.99,4.9,5.09,5.72,6.16,7.07,130036.751553675,773979.408180285,693446.886076726,632932.215292987,684802.052168143,1050072.65102739,1489718.46593915,901677.079255636,1415682.5191757,1682782.8179436,902985.948549529,457181.139063011,447043.126075216,1562893.28232073,1975984.79731598,2392719.55653378,2013802.49626866,2008882.87158545,448601.315868312,989785.009925355,1146535.7706987,1160856.32483826,1216631.25678139,930465.442082884,1082413.73755646,1108901.51039758,1306506.02336504,2109625.15183691,915676.25657782,450349.994805915,452447.825360042,1175210.57964926,1723946.68169858,1370327.50146696,2018361.56747512,2033327.60734697,2021359.53109453,2002881.62506289,138579.093392606,130688.762155048,273839.280037788,482734.463576037,690302.656883278,882854.495161312,608465.376175067,457322.924951284,388428.272585154,252486.394675027,339372.291070899,573806.600440476,613043.2777736,1001489.71336604,364570.168518863,505122.362349201,404740.794847569,344302.738059758,639281.82150485,921100.842283816,1270837.43424543,921971.157054655,TRUE,FALSE,FALSE,FALSE,FALSE,FALSE,FALSE,FALSE,FALSE,FALSE,FALSE,FALSE,FALSE,FALSE,FALSE,TRUE,FALSE,FALSE,FALSE,FALSE,FALSE,FALSE,FALSE,FALSE,FALSE,FALSE,FALSE,FALSE,FALSE,FALSE,FALSE,FALSE,FALSE,FALSE,FALSE,FALSE,FALSE,FALSE,FALSE,FALSE,FALSE,FALSE,FALSE,FALSE,FALSE,FALSE,FALSE,FALSE,TRUE,FALSE,FALSE,FALSE,FALSE,FALSE,FALSE,TRUE,TRUE,FALSE,FALSE,FALSE,FALSE,FALSE,FALSE,FALSE,FALSE,FALSE,FALSE,FALSE,FALSE,FALSE,FALSE,FALSE,FALSE,FALSE,FALSE,FALSE,FALSE,FALSE,FALSE,FALSE,FALSE,FALSE,FALSE,FALSE,FALSE,FALSE,FALSE,FALSE,FALSE,FALSE,FALSE,FALSE,FALSE,FALSE,FALSE,FALSE,FALSE,FALSE,FALSE,FALSE,FALSE,FALSE,FALSE,FALSE,FALSE,FALSE,FALSE,FALSE,FALSE,FALSE,FALSE,FALSE,FALSE,FALSE
"38 after",2023-03-28 09:25:14.02,"2023-03-28","9H 25M 14.02S","After","Aurora","V0333","Flow Core",1829,297,485,653,421,290,410,353,426,244,325,324,487,869,589,1090,185,185,269,323,243,184,233,206,272,398,264,285,226,206,217,299,545,326,566,566,156,156,985,439,464,450,449,289,543,446,700,518,320,404,653,618,224,371,442,346,262,369,630,273,-20.1,0,20.8,39.65,1.15,1.09,0.91,1.13,6.95,5.2,1.43,1.59,1.45,1.54,1.69,1.69,1.74,1.8,1.7,1.68,2,3.05,3.51,5.49,3.16,3.51,2.1,2.12,2.2,1.85,1.68,1.61,1.55,1.49,1.6,1.69,1.58,1.46,1.3,1.21,1.88,4.13,3.28,2.33,1.62,2.09,2.06,1.67,1.47,1.51,1.53,1.56,1.51,1.48,1.64,1.57,1.49,1.57,1.98,2.81,4.48,4.9,4.79,4.74,4.86,5.49,5.86,6.84,123971.524506865,751245.337128402,662677.943253098,599952.922578625,654343.925170154,1008191.24906962,1423571.7527037,863807.901730031,1350520.77598552,1610626.25534032,875204.14747757,443841.092545687,426920.96941655,1462275.93530488,1875954.07841685,2231127.77703426,2031850.48407838,2034786.9288451,480508.69340062,1095219.46275724,1262693.31827657,1235547.77126957,1174135.38854313,860751.330194254,987461.34185719,1039114.33126849,1255302.93356193,2140374.54549377,1028919.22865351,516402.968605844,516452.179053678,1285520.57332826,1858168.68346881,1394745.72786316,1997100.85471525,2019201.73329408,2020478.73920698,2021351.66059715,145403.59011605,136609.81558844,285152.601070116,499166.88908037,707116.96404845,902267.039527046,632308.369232645,475436.27778407,405195.442594449,263176.944869099,351302.93901032,592898.654722727,631849.234075921,1028995.95497461,391353.36257087,533477.291416586,430065.786437902,363567.60829162,662923.124101951,952212.720590122,1309317.59404469,946349.004780875,TRUE,FALSE,FALSE,FALSE,FALSE,FALSE,FALSE,FALSE,FALSE,FALSE,FALSE,FALSE,FALSE,FALSE,FALSE,FALSE,FALSE,FALSE,FALSE,FALSE,FALSE,FALSE,FALSE,FALSE,FALSE,FALSE,FALSE,FALSE,FALSE,FALSE,FALSE,FALSE,FALSE,FALSE,FALSE,FALSE,FALSE,FALSE,FALSE,FALSE,FALSE,FALSE,FALSE,FALSE,FALSE,FALSE,FALSE,FALSE,FALSE,FALSE,FALSE,FALSE,FALSE,FALSE,FALSE,FALSE,TRUE,FALSE,FALSE,FALSE,FALSE,FALSE,FALSE,FALSE,FALSE,FALSE,FALSE,FALSE,FALSE,FALSE,FALSE,FALSE,FALSE,FALSE,FALSE,FALSE,FALSE,FALSE,FALSE,FALSE,FALSE,FALSE,FALSE,FALSE,FALSE,FALSE,FALSE,FALSE,FALSE,FALSE,FALSE,FALSE,FALSE,FALSE,FALSE,FALSE,FALSE,FALSE,FALSE,FALSE,FALSE,FALSE,FALSE,FALSE,FALSE,FALSE,FALSE,FALSE,FALSE,FALSE,FALSE,FALSE,FALSE,FALSE
"28 Before",2023-03-28 09:18:18.42,"2023-03-28","9H 18M 18.42S","Before","Aurora","V0333","Flow Core",1545,278,461,620,400,275,385,331,403,232,302,302,438,771,536,983,187,187,270,325,243,186,233,202,267,391,261,283,220,204,216,300,550,339,550,550,157,157,998,441,457,445,446,287,540,436,668,499,314,402,647,630,192,311,366,301,235,335,586,259,-20.15,0,20.45,39.4,1.16,1.1,0.92,1.13,6.9,5.23,1.13,1.18,1.3,1.5,1.61,1.61,1.61,1.72,1.63,1.58,1.49,2.25,3.41,5.19,3.23,3.57,2.35,2.21,2.16,1.78,1.68,1.64,1.6,1.53,1.66,1.74,1.62,1.47,1.34,1.26,1.96,4.26,4.43,3.42,2.24,2.32,1.98,1.68,1.48,1.55,1.59,1.66,1.59,1.57,1.69,1.64,1.52,1.65,1.96,2.47,4.48,4.9,4.86,4.75,4.94,5.62,6.01,7.14,109263.650891255,719748.739110052,656578.227234691,593765.92153481,641502.777656661,981923.924036918,1381343.18927401,829565.990992732,1337327.67224782,1594632.93960866,824121.381073898,420320.773586372,397328.809502838,1372464.72216037,1781521.1075135,2129958.66737397,2035340.81423841,2069981.55012054,491014.338903325,1112103.10515219,1249694.05512143,1221419.90482966,1167838.6934019,847879.253896107,991239.812290567,1077168.91792745,1340554.08818703,2259623.60178232,1010692.45167272,501764.344186265,501469.46480371,1268392.43112001,1837746.38946672,1447891.74603781,1948026.27980132,1987122.99729279,2033489.84602649,2056812.60921809,150849.747334587,138424.810063618,284661.801707736,504230.699073997,737268.278605902,933645.979105012,639109.868489936,472360.829674534,389110.934328634,250264.977263207,348632.262799279,596960.853003465,634357.998105043,1055307.18427827,309425.04746314,434313.674999984,340400.810265247,300184.0688017,585632.611857425,863901.660415943,1219881.55891273,895781.005781917,TRUE,FALSE,FALSE,FALSE,FALSE,FALSE,FALSE,FALSE,FALSE,FALSE,FALSE,FALSE,FALSE,FALSE,FALSE,FALSE,FALSE,FALSE,FALSE,FALSE,FALSE,FALSE,FALSE,FALSE,FALSE,FALSE,FALSE,FALSE,FALSE,FALSE,FALSE,FALSE,FALSE,FALSE,FALSE,FALSE,FALSE,FALSE,FALSE,FALSE,FALSE,FALSE,FALSE,FALSE,FALSE,FALSE,FALSE,FALSE,FALSE,FALSE,FALSE,FALSE,FALSE,FALSE,FALSE,TRUE,TRUE,FALSE,FALSE,FALSE,FALSE,FALSE,FALSE,FALSE,FALSE,FALSE,FALSE,FALSE,FALSE,FALSE,FALSE,FALSE,FALSE,FALSE,FALSE,FALSE,FALSE,FALSE,FALSE,FALSE,FALSE,FALSE,FALSE,FALSE,FALSE,FALSE,FALSE,FALSE,FALSE,FALSE,FALSE,FALSE,FALSE,FALSE,FALSE,FALSE,FALSE,FALSE,FALSE,FALSE,FALSE,FALSE,FALSE,FALSE,FALSE,FALSE,FALSE,FALSE,FALSE,FALSE,FALSE,FALSE,FALSE,FALSE
"27 before",2023-03-27 11:36:36.34,"2023-03-27","11H 36M 36.34S","Before","Aurora","V0333","Flow Core",2449,448,692,904,583,413,576,490,592,342,459,463,685,1219,893,1555,246,246,318,388,293,219,279,240,320,464,303,334,272,254,261,359,652,401,532,532,168,168,1061,469,493,475,470,299,567,465,723,537,331,421,694,645,175,281,338,266,198,275,483,212,-22.025,0,21.3,41.95,0.88,0.99,1.04,0.74,9.72,10.96,2.51,1.61,1.49,1.44,1.33,1.31,1.29,1.56,1.92,2.79,4.78,8.16,10.1,9.52,3.78,2.83,2.55,2.31,2.26,2.06,1.95,1.91,1.91,1.83,1.85,1.86,1.75,1.63,1.44,1.29,1.71,4.35,1.53,0.77,6.91,5.46,4.7,4.62,4.4,4.33,4.19,3.86,3.78,3.84,3.96,3.97,3.98,3.97,4.48,6.24,1.58,1.88,1.78,1.8,2.07,3.57,4.51,7.12,91802.9304632093,703391.474639135,641808.374370919,573997.513976391,636878.95475493,963088.234948645,1367212.58751595,823058.672347851,1283758.52582792,1492295.68285598,819361.432835849,428071.380775523,383715.770205644,1210073.30267666,1627750.17735206,1715477.19017173,1980208.41484899,2038871.50263099,481908.993655024,1093238.33926484,1240350.77032636,1213310.22800415,1165753.65711457,869510.193640967,1000333.95496171,1063046.31517648,1255732.98262359,2122539.59958747,1032453.47443319,515252.493594182,505650.958845771,1257922.36159745,1820815.47271313,1382113.7556556,1872255.1057047,1897968.56084181,1923663.9567953,1984078.1715833,147561.14056926,137015.132228891,287723.520122192,499559.266556965,692199.747269718,881063.454642501,646064.778044518,480606.734680719,407999.437670394,260162.654355356,355399.436589555,604155.773728705,634644.627371758,1033905.9768061,426859.217721782,565539.603275189,451769.021609339,378110.232131886,680056.833009692,964874.774387324,1316072.66318962,951421.795248481,TRUE,TRUE,FALSE,FALSE,FALSE,FALSE,FALSE,FALSE,FALSE,FALSE,FALSE,FALSE,FALSE,TRUE,TRUE,TRUE,FALSE,FALSE,FALSE,FALSE,FALSE,FALSE,FALSE,FALSE,FALSE,FALSE,FALSE,FALSE,FALSE,FALSE,FALSE,FALSE,FALSE,FALSE,FALSE,FALSE,FALSE,FALSE,FALSE,FALSE,FALSE,FALSE,FALSE,FALSE,FALSE,FALSE,FALSE,FALSE,TRUE,FALSE,FALSE,FALSE,FALSE,FALSE,FALSE,FALSE,TRUE,TRUE,FALSE,FALSE,FALSE,FALSE,FALSE,FALSE,FALSE,FALSE,FALSE,FALSE,FALSE,FALSE,FALSE,FALSE,FALSE,FALSE,FALSE,FALSE,FALSE,FALSE,FALSE,FALSE,FALSE,FALSE,FALSE,FALSE,FALSE,FALSE,FALSE,FALSE,FALSE,FALSE,FALSE,FALSE,FALSE,FALSE,FALSE,FALSE,FALSE,FALSE,FALSE,FALSE,FALSE,FALSE,FALSE,FALSE,FALSE,FALSE,FALSE,FALSE,FALSE,FALSE,FALSE,FALSE,FALSE,FALSE
"24 after 2005",2023-03-24 13:02:16.7,"2023-03-24","13H 2M 16.7S","After","Aurora","V0333","Flow Core",2531,457,701,928,593,421,583,485,570,341,427,414,674,1442,1137,2446,249,249,334,398,290,210,264,235,318,464,309,340,247,215,242,391,754,569,574,574,173,173,1006,443,446,423,431,276,495,400,623,481,342,472,864,924,139,209,257,216,202,316,616,309,-22.15,0,21.225,42,0.87,0.98,1.06,0.74,9.48,10.94,2.82,2,1.76,1.64,1.61,1.67,1.8,1.91,2.52,3.42,5.12,8.14,9.71,9.35,3.87,2.93,1.89,1.97,2.16,2.15,2.03,1.76,1.73,1.76,1.74,1.76,1.8,1.84,1.34,1.95,2.71,5.99,2.89,2.15,6.77,4.52,4.5,4.21,4.21,4.15,4.04,3.83,3.8,3.87,4.01,3.84,3.57,3.73,4.29,6.34,2.82,3.51,3.39,2.76,2.52,4.08,5.27,7.36,114986.450965577,756267.454889296,676772.69565029,611975.286727014,667429.328959386,1016859.42668593,1434051.26500294,844796.418260422,1290221.15288077,1566650.08091956,811226.550824546,413021.080694965,414951.322300049,1656867.07649966,2253634.36602014,3107421.2026082,2029516.33896169,2052832.01568567,488345.489007865,1123539.07454242,1271694.76609134,1229508.99690644,1145648.05552974,840817.540144778,962034.810015455,998559.50601747,1203149.72935193,2077302.44540876,965812.531514358,472282.60197506,502818.874776694,1432625.72411392,2216497.84333388,1906243.9979683,2000956.03603831,2019996.82160999,1990714.34022177,2003957.99489591,143546.073100949,132320.968600062,268671.480398591,458959.207793476,660347.780193868,848859.771568601,587845.819837118,431796.049272504,360012.118160287,242176.766969168,369708.383807913,676187.845734842,765009.636440967,1385644.17851538,345800.301307553,451674.012665216,364249.882663837,328013.450561018,699361.168212743,1101543.40131627,1616390.0555804,1283164.08442921,TRUE,TRUE,FALSE,FALSE,FALSE,FALSE,FALSE,FALSE,FALSE,FALSE,FALSE,FALSE,FALSE,TRUE,TRUE,TRUE,FALSE,FALSE,FALSE,FALSE,FALSE,FALSE,FALSE,FALSE,FALSE,FALSE,FALSE,FALSE,FALSE,FALSE,FALSE,FALSE,FALSE,FALSE,FALSE,FALSE,FALSE,FALSE,FALSE,FALSE,FALSE,FALSE,FALSE,FALSE,FALSE,FALSE,FALSE,FALSE,TRUE,FALSE,FALSE,FALSE,FALSE,FALSE,FALSE,FALSE,TRUE,TRUE,FALSE,FALSE,FALSE,FALSE,FALSE,FALSE,FALSE,FALSE,FALSE,FALSE,FALSE,FALSE,FALSE,FALSE,TRUE,FALSE,FALSE,FALSE,FALSE,FALSE,FALSE,FALSE,FALSE,FALSE,FALSE,FALSE,FALSE,FALSE,FALSE,FALSE,FALSE,FALSE,FALSE,FALSE,FALSE,FALSE,FALSE,FALSE,FALSE,FALSE,FALSE,FALSE,FALSE,FALSE,FALSE,FALSE,FALSE,FALSE,FALSE,FALSE,FALSE,FALSE,FALSE,FALSE,FALSE,FALSE
"24 before 2005",2023-03-24 12:20:38.39,"2023-03-24","12H 20M 38.39S","Before","Aurora","V0333","Flow Core",2731,449,679,887,571,405,562,469,550,326,422,410,673,1427,1104,2378,250,250,321,381,279,203,253,227,316,495,330,379,289,253,266,389,726,486,565,565,183,183,1063,470,479,454,456,291,535,431,676,514,357,484,860,891,148,225,280,229,204,309,594,288,-22.175,0,21.175,41.9,0.86,0.97,1.07,0.76,9.43,10.5,2.75,1.77,1.72,1.68,1.75,2.06,2.15,1.72,2.86,4.16,5.2,6.46,7.63,7.32,3.83,2.89,2.27,2.41,2.57,2.49,2.4,2.2,2.16,2.19,1.97,1.98,2.15,2.34,1.56,3.61,4.98,7.4,2.46,2.06,6.14,4.09,3.53,3.58,3.77,3.91,3.35,2.9,3.17,3.55,3.73,3.28,2.03,2.94,4.09,5.96,3.81,4.59,4.41,3.57,2.15,3.86,4.89,6.46,135395.302778844,744070.132305141,657403.875090618,596686.043354826,643517.542751951,994317.2305301,1410629.98016834,859964.811666647,1361451.54830668,1613666.38124357,895621.297334391,454134.11908158,438625.078559749,1563076.495116,1881979.99053498,2421876.93522718,2028326.85091743,1989211.60095239,454308.449249228,1034009.30215702,1175482.70032944,1136637.67451101,1059277.47356867,795739.153395854,943119.510565078,1115607.45633796,1359637.2054833,2436891.7619944,1209397.44967819,592404.362786905,551280.427591385,1223735.80496711,1661987.72062212,1110811.23635434,2018350.96502294,2002581.48809982,2114039.01720183,2088009.81340057,148366.524509804,140532.856812277,294903.912097804,515142.823905989,736483.684094075,932194.125537007,659927.777840494,500987.273710999,417427.257202049,269515.995325158,358111.917016404,589052.735595581,599472.888648208,943666.949467974,419835.72186673,564821.63515591,452837.159192949,384322.944163888,672787.959678906,935432.898067835,1244988.89267305,864217.919133532,TRUE,TRUE,FALSE,FALSE,FALSE,FALSE,FALSE,FALSE,FALSE,FALSE,FALSE,FALSE,FALSE,TRUE,TRUE,TRUE,FALSE,FALSE,FALSE,FALSE,FALSE,FALSE,FALSE,FALSE,FALSE,FALSE,FALSE,FALSE,FALSE,FALSE,FALSE,FALSE,TRUE,FALSE,FALSE,FALSE,FALSE,FALSE,FALSE,FALSE,FALSE,FALSE,FALSE,FALSE,FALSE,FALSE,FALSE,FALSE,FALSE,FALSE,FALSE,FALSE,FALSE,FALSE,FALSE,FALSE,TRUE,TRUE,FALSE,FALSE,FALSE,FALSE,FALSE,FALSE,FALSE,FALSE,FALSE,FALSE,FALSE,FALSE,FALSE,FALSE,TRUE,FALSE,FALSE,FALSE,FALSE,FALSE,FALSE,FALSE,FALSE,FALSE,FALSE,FALSE,FALSE,FALSE,FALSE,FALSE,FALSE,FALSE,FALSE,FALSE,FALSE,FALSE,FALSE,FALSE,FALSE,FALSE,FALSE,FALSE,FALSE,FALSE,FALSE,FALSE,FALSE,FALSE,FALSE,FALSE,FALSE,FALSE,FALSE,FALSE,FALSE,FALSE
"22 After",2023-03-22 09:06:14.29,"2023-03-22","9H 6M 14.29S","After","Aurora","V0333","Flow Core",2882,451,683,909,584,414,577,495,598,344,467,465,716,1332,951,1815,247,247,309,368,274,203,257,232,324,516,346,388,306,270,263,338,596,347,549,549,176,176,1073,475,504,486,486,307,582,480,740,552,337,428,705,656,170,275,332,260,194,272,475,208,-22.075,0,21.275,41.975,0.88,0.98,1.05,0.75,8.96,10.36,2.15,1.37,1.22,1.22,1.17,1.17,1.17,1.43,1.68,2.54,4.41,7.37,9.25,8.83,3.85,2.84,2.14,2.15,2.33,2.34,2.45,2.2,2.21,2.07,1.97,1.95,1.82,1.74,1.6,1.56,1.9,4.89,7.46,7.11,5.96,3.9,1.69,1.21,0.98,1.12,1.17,1.27,1.15,1.1,1.31,1.22,1,1.17,1.69,2.94,1.62,1.92,1.86,1.84,2.1,3.58,4.57,6.8,136880.61425898,758185.694904863,661303.061809836,603369.974572484,664217.810950552,1012579.38317224,1427925.83598782,872900.068779668,1358166.62329548,1571160.53197042,872767.478228066,448941.259350351,442093.471849473,1568307.91358128,1968778.6578188,2535766.46691066,2000555.475,2018520.62077389,470765.929647554,1078585.80828111,1239216.20308626,1212908.04008878,1140708.81362335,841564.842198016,972609.459862306,1022107.96736151,1222938.55561909,2099185.7187864,1024579.25895739,508374.761726543,503690.239435192,1251570.38725928,1809050.50877115,1360954.70701561,1932849.51677215,1942790.36987737,1940827.89493671,1961929.85717279,144848.047392917,133231.828606705,280152.383660427,489051.933699576,700449.874545399,875855.72906,627703.743196934,467463.696975014,398336.888208745,258550.003821855,347047.981624702,588479.997148184,620389.486531524,1012999.27987404,391746.741701459,531635.662183528,424108.851127456,356846.772614688,655798.691786925,938952.836520937,1286187.6986989,926359.505854319,TRUE,TRUE,FALSE,FALSE,FALSE,FALSE,FALSE,FALSE,FALSE,FALSE,FALSE,FALSE,FALSE,TRUE,TRUE,TRUE,FALSE,FALSE,FALSE,FALSE,FALSE,FALSE,FALSE,FALSE,FALSE,FALSE,FALSE,FALSE,FALSE,FALSE,FALSE,FALSE,FALSE,TRUE,FALSE,FALSE,FALSE,FALSE,FALSE,FALSE,FALSE,FALSE,FALSE,FALSE,FALSE,FALSE,FALSE,FALSE,FALSE,FALSE,FALSE,FALSE,FALSE,FALSE,FALSE,FALSE,TRUE,TRUE,FALSE,FALSE,FALSE,FALSE,FALSE,FALSE,FALSE,FALSE,FALSE,FALSE,FALSE,FALSE,FALSE,FALSE,FALSE,FALSE,FALSE,FALSE,FALSE,FALSE,FALSE,FALSE,FALSE,FALSE,FALSE,FALSE,FALSE,FALSE,FALSE,FALSE,FALSE,FALSE,FALSE,FALSE,FALSE,FALSE,FALSE,FALSE,FALSE,FALSE,FALSE,FALSE,FALSE,FALSE,FALSE,FALSE,FALSE,FALSE,FALSE,FALSE,FALSE,FALSE,FALSE,FALSE,FALSE,FALSE
"22 Before",2023-03-22 09:00:51.21,"2023-03-22","9H 0M 51.21S","Before","Aurora","V0333","Flow Core",1849,437,709,884,570,411,567,493,597,346,460,455,677,1217,895,1615,212,212,313,374,279,205,258,233,328,525,353,394,308,274,267,344,607,349,591,591,156,156,1050,467,487,478,479,303,575,474,737,501,316,429,720,648,171,281,341,265,209,284,492,206,-22.125,0,21.25,41.9,0.87,0.97,1.05,0.75,9.84,11.24,2.28,1.38,1.22,1.25,1.16,1.13,1.14,1.39,1.77,2.67,4.57,7.84,9.83,9.22,3.79,2.84,2.24,2.3,2.52,2.52,2.6,2.43,2.45,2.3,2.14,2.13,2.07,2,1.81,1.67,1.97,5.19,9.06,7.43,6.13,4.47,1.92,1.52,1.21,1.32,1.34,1.43,1.3,1.23,1.42,1.3,1.09,1.34,1.87,3.35,1.82,2.08,2.01,1.95,2.21,3.64,4.68,7.14,78402.3610093832,710806.10204269,660316.772851315,567205.37267235,626012.263230633,977787.917036908,1365113.49074853,838470.165928819,1323652.55668024,1581092.58013166,850138.730384021,429547.666008492,387411.969550682,1273455.83454507,1728662.23999148,1927281.05947619,1721760.51468254,1694432.64079085,483028.422231293,1098721.16901132,1245761.39926246,1195840.00613539,1116955.58672356,825016.546753937,957828.197538709,1041631.67894909,1258344.81610137,2149497.51661112,1040247.4285995,521896.120632957,513123.244304543,1285376.89553259,1858449.2843795,1370093.74387222,2147918.27936508,2142991.31428106,1782877.15515873,1762753.43732772,142377.671270866,132229.720164459,273560.721503498,485612.449267037,698908.039512642,878213.132907638,626951.603291839,467659.761832378,397845.921443445,234992.485867055,323233.078059737,587289.14981042,633364.335893154,996278.869779404,386635.543102568,538110.051119471,435010.294439683,360324.225231556,699952.359457628,980551.985698728,1316733.60412431,911831.799665773,TRUE,TRUE,FALSE,FALSE,FALSE,FALSE,FALSE,FALSE,FALSE,FALSE,FALSE,FALSE,FALSE,TRUE,TRUE,TRUE,FALSE,FALSE,FALSE,FALSE,FALSE,FALSE,FALSE,FALSE,FALSE,FALSE,FALSE,FALSE,FALSE,FALSE,FALSE,FALSE,FALSE,TRUE,FALSE,FALSE,FALSE,FALSE,FALSE,FALSE,FALSE,FALSE,FALSE,FALSE,FALSE,FALSE,FALSE,FALSE,FALSE,FALSE,FALSE,FALSE,FALSE,FALSE,FALSE,FALSE,TRUE,FALSE,FALSE,FALSE,FALSE,FALSE,FALSE,FALSE,FALSE,FALSE,FALSE,FALSE,FALSE,FALSE,FALSE,FALSE,FALSE,FALSE,FALSE,FALSE,FALSE,FALSE,FALSE,FALSE,FALSE,FALSE,FALSE,FALSE,FALSE,FALSE,FALSE,FALSE,FALSE,FALSE,FALSE,FALSE,FALSE,FALSE,FALSE,FALSE,FALSE,FALSE,FALSE,FALSE,FALSE,FALSE,FALSE,FALSE,FALSE,FALSE,FALSE,FALSE,FALSE,FALSE,FALSE,FALSE,FALSE,FALSE
"21 After",2023-03-21 10:00:55.77,"2023-03-21","10H 0M 55.77S","After","Aurora","V0333","Flow Core",1849,437,709,884,570,411,567,493,597,346,460,455,677,1217,895,1615,212,212,313,374,279,205,258,233,328,525,353,394,308,274,267,344,607,349,591,591,156,156,1050,467,487,478,479,303,575,474,737,501,316,429,720,648,171,281,341,265,209,284,492,206,-22.125,0,21.25,41.9,0.87,0.97,1.05,0.75,12.27,11.65,5.15,5.06,4.54,4.44,4.43,4.47,4.41,4.32,4.5,5.29,6.78,9.43,10.89,10.78,4.13,2.22,2.44,2.5,2.64,2.62,2.72,2.57,2.55,2.38,2.39,2.26,2.21,2.2,2.21,2.01,2.34,4.83,2.86,2.48,7.74,6.34,5.07,4.96,4.84,4.63,4.56,4.16,4.17,4.21,4.35,4.36,4.52,4.81,5.25,6.76,2.31,2.68,2.48,2.3,2.27,3.71,4.63,6.76,9919.62576765871,79215.8529041998,200065.307650873,249963.344987249,362127.753662719,599222.800277805,895604.585006531,493868.23999973,578633.587563059,653152.991733119,327776.720430138,159480.582118931,117279.826132615,171383.708966958,135956.697515231,115628.350377414,1947796.355121,1956572.99767227,470262.145257176,1117749.66396035,1315075.30127368,1324787.4198856,1262942.85370126,924540.443341422,1012671.72462074,835149.549764136,964797.864712334,1584969.25117485,743497.302465489,374452.857235798,289624.030026399,324852.277304582,308707.502195912,170740.730748642,2010518.40514261,2021948.00451861,1955369.27668539,1963298.34980646,130407.349216621,122895.16987022,229566.667836753,362195.765011643,530579.985183183,654919.711685767,461378.731707811,349652.307930555,296822.670025034,162555.647978138,123919.808325861,133920.054067158,109631.771023782,133514.852333658,393963.221493386,625949.362463706,521197.028296279,391307.289898188,409299.634251605,378787.184933304,391702.667182645,209943.726276082,TRUE,TRUE,FALSE,FALSE,FALSE,FALSE,FALSE,FALSE,FALSE,FALSE,FALSE,FALSE,TRUE,TRUE,TRUE,TRUE,FALSE,FALSE,FALSE,FALSE,FALSE,FALSE,FALSE,FALSE,FALSE,FALSE,FALSE,FALSE,FALSE,FALSE,FALSE,FALSE,FALSE,FALSE,FALSE,FALSE,FALSE,FALSE,FALSE,FALSE,FALSE,FALSE,FALSE,FALSE,FALSE,FALSE,FALSE,FALSE,TRUE,FALSE,FALSE,FALSE,FALSE,FALSE,FALSE,FALSE,TRUE,FALSE,FALSE,FALSE,FALSE,FALSE,FALSE,FALSE,FALSE,FALSE,FALSE,FALSE,FALSE,FALSE,FALSE,FALSE,FALSE,FALSE,FALSE,FALSE,FALSE,FALSE,FALSE,FALSE,FALSE,FALSE,FALSE,FALSE,FALSE,FALSE,FALSE,FALSE,FALSE,FALSE,FALSE,FALSE,FALSE,FALSE,FALSE,FALSE,FALSE,FALSE,FALSE,FALSE,FALSE,FALSE,FALSE,FALSE,FALSE,FALSE,FALSE,FALSE,FALSE,FALSE,FALSE,FALSE,FALSE,FALSE
"21 Before",2023-03-21 09:50:19.45,"2023-03-21","9H 50M 19.45S","Before","Aurora","V0333","Flow Core",2054,457,742,958,599,426,594,518,617,351,478,480,736,1380,983,1855,211,211,329,383,283,204,250,221,312,505,334,381,311,283,276,351,622,361,580,580,146,146,986,444,459,452,443,281,548,450,715,484,300,409,685,619,181,288,350,277,213,289,503,212,-22.05,0,21.3,41.875,0.88,0.99,1.03,0.75,12.77,12.23,5.27,4.96,4.62,4.65,4.55,4.62,4.51,4.5,4.93,5.72,7.3,10.12,11.43,11.82,4.19,3.08,3,3,3.19,3.1,3.21,3.05,3.05,2.85,2.89,2.74,2.77,2.78,2.75,2.57,2.85,5.16,3.1,2.98,7.4,6.11,5.57,5.38,5.21,5,4.96,4.61,4.58,4.65,4.73,4.79,4.93,5.27,5.66,7.26,3.16,3.42,3.23,3.02,3.03,4.4,5.33,7.34,9141.96454641974,78705.4512231366,203437.670764215,254577.410042337,361706.17408483,597533.282353949,890347.639612062,498610.979261781,576067.116342416,658689.618978028,320818.431525718,157414.445195035,113192.983049244,160950.017849534,128706.395593443,105151.59242231,1946436.0234047,1955452.5975085,498956.688926616,1156268.23217167,1336914.57428098,1327512.45199689,1211659.5597012,874154.521982273,958089.252573646,816420.690181398,968508.690746313,1623065.74183384,753121.966646976,385315.392740453,300215.864750945,336309.775140025,320306.664941969,178125.848138785,1976790.46127204,2008898.44510341,1852016.40302267,1883318.57437602,125076.564066044,121405.205975218,223169.014846492,358489.909159188,523543.868288465,659759.144286145,449627.719198841,342101.622318105,288782.433554416,157000.982545397,121021.440891771,131020.278653675,107469.155607767,131812.488681867,366669.950828893,590205.26429209,490808.547818753,378192.432627202,396406.908002895,371697.825802026,389022.450500996,209863.16599625,TRUE,TRUE,FALSE,FALSE,FALSE,FALSE,FALSE,FALSE,FALSE,FALSE,FALSE,FALSE,TRUE,TRUE,TRUE,TRUE,FALSE,FALSE,FALSE,FALSE,FALSE,FALSE,FALSE,FALSE,FALSE,FALSE,FALSE,FALSE,FALSE,FALSE,FALSE,FALSE,FALSE,FALSE,FALSE,FALSE,FALSE,FALSE,FALSE,FALSE,FALSE,FALSE,FALSE,FALSE,FALSE,FALSE,FALSE,FALSE,TRUE,FALSE,FALSE,FALSE,FALSE,FALSE,FALSE,FALSE,TRUE,TRUE,FALSE,FALSE,FALSE,FALSE,FALSE,FALSE,FALSE,FALSE,FALSE,FALSE,FALSE,FALSE,FALSE,FALSE,FALSE,FALSE,FALSE,FALSE,FALSE,FALSE,FALSE,FALSE,FALSE,FALSE,FALSE,FALSE,FALSE,FALSE,FALSE,FALSE,FALSE,FALSE,FALSE,FALSE,FALSE,FALSE,FALSE,FALSE,FALSE,FALSE,FALSE,FALSE,FALSE,FALSE,FALSE,FALSE,FALSE,FALSE,FALSE,FALSE,FALSE,FALSE,FALSE,FALSE,FALSE,FALSE
"16 After",2023-03-16 09:35:44.33,"2023-03-16","9H 35M 44.33S","After","Aurora","V0333","Flow Core",2002,450,729,922,587,419,585,508,614,351,469,470,721,1348,960,1818,214,214,321,379,283,204,256,228,320,518,349,397,315,280,276,350,618,356,564,564,159,159,1083,485,495,494,490,313,588,490,762,513,325,439,735,664,172,282,338,267,209,284,493,206,-22.125,0,21.225,41.95,0.86,0.97,1.05,0.75,12.31,11.4,5.09,5.1,4.47,4.37,4.46,4.43,4.41,4.15,4.44,5.06,6.79,9.66,10.62,11.25,4.02,2.17,2.35,2.42,2.57,2.53,2.69,2.5,2.51,2.39,2.41,2.23,2.17,2.19,2.15,2.01,2.3,4.76,3.97,3.27,9.91,8.66,4.13,3.64,3.44,3.28,3.48,3.1,3.14,3.26,3.41,3.45,3.51,4.05,4.63,6.02,2.38,2.76,2.52,2.36,2.33,3.71,4.56,6.69,9378.50003436982,79774.0829213669,202860.761130902,252867.535135333,368260.250886799,607850.593254073,908787.805546889,499785.933682756,585427.352419077,653434.513495771,324982.212009728,160707.297431974,115697.70018439,165409.967812087,130353.720616883,108310.633364695,1964735.05174904,1965920.6742142,466900.570534122,1102460.62968986,1312055.41398221,1325559.86344528,1273727.56707691,920178.468807919,1000972.17813181,832693.807041393,958139.791311029,1602096.36359909,738435.607457968,370555.441572256,290447.946193757,323164.938897368,305348.532682579,170376.291677552,2008647.93252567,2040248.0102514,1982772.16776316,2000114.53766693,131911.191798239,126286.646253088,229420.080147685,365846.330866638,529550.749853396,664050.934933775,460489.841018059,354435.649576987,298882.090447705,162484.069950558,125703.873818648,135582.407640824,110691.418877523,135263.014518881,394214.8221325,627722.135956464,515774.203085556,397642.337727233,411036.614193154,380525.890018607,396551.721897279,211129.38250646,TRUE,TRUE,FALSE,FALSE,FALSE,FALSE,FALSE,FALSE,FALSE,FALSE,FALSE,FALSE,TRUE,TRUE,TRUE,TRUE,FALSE,FALSE,FALSE,FALSE,FALSE,FALSE,FALSE,FALSE,FALSE,FALSE,FALSE,FALSE,FALSE,FALSE,FALSE,FALSE,FALSE,FALSE,TRUE,FALSE,FALSE,FALSE,FALSE,FALSE,FALSE,FALSE,FALSE,FALSE,FALSE,FALSE,FALSE,FALSE,TRUE,FALSE,FALSE,FALSE,FALSE,FALSE,FALSE,FALSE,TRUE,TRUE,FALSE,FALSE,FALSE,FALSE,FALSE,FALSE,FALSE,FALSE,FALSE,FALSE,FALSE,FALSE,FALSE,FALSE,FALSE,FALSE,FALSE,FALSE,FALSE,FALSE,FALSE,FALSE,FALSE,FALSE,FALSE,FALSE,FALSE,FALSE,FALSE,FALSE,FALSE,FALSE,FALSE,FALSE,FALSE,FALSE,FALSE,FALSE,FALSE,FALSE,FALSE,FALSE,FALSE,FALSE,FALSE,FALSE,FALSE,FALSE,FALSE,FALSE,FALSE,FALSE,FALSE,FALSE,FALSE,FALSE
"16 Before",2023-03-16 09:23:34.19,"2023-03-16","9H 23M 34.19S","Before","Aurora","V0333","Flow Core",1915,446,743,923,596,421,592,514,618,354,473,464,713,1319,938,1759,213,213,349,423,308,215,252,215,292,470,318,371,309,284,289,374,667,393,604,604,153,153,1027,462,472,459,464,293,552,457,718,488,305,415,700,636,169,276,332,263,207,284,496,209,-22.125,0,21.225,41.875,0.86,0.97,1.05,0.75,12.37,11.95,5.02,4.83,4.4,4.41,4.32,4.41,4.27,4.23,4.5,5.33,6.78,9.55,11.06,11.06,4.13,2.54,2.61,2.69,2.83,2.81,2.96,2.8,2.79,2.67,2.7,2.58,2.5,2.5,2.47,2.34,2.71,5.34,3.88,3.42,10.49,9.68,5.23,4.88,4.68,4.45,4.52,4.19,4.22,4.3,4.47,4.53,4.66,5.33,5.89,7.51,2.68,3.05,2.77,2.62,2.61,4.08,5.05,7.21,8978.95107253547,78293.1904859803,206374.839293714,248046.534018018,368375.432364556,600463.68159944,908363.59427164,500735.449151904,583828.04166406,671103.642139355,321751.110350983,155815.558460606,111701.093889438,155974.959361761,125023.351338714,102255.122421677,1961443.62204418,1938246.44280759,511708.448740335,1242784.8591967,1431702.27991452,1402437.533125,1231678.01891228,858672.973869009,904993.5225803,752250.700888491,893581.11799502,1524454.09694352,732926.842985999,380699.545759953,303995.982847009,347958.162885917,337102.225552106,189241.186049462,2175304.86815495,2186572.0011379,1955549.49751089,1946308.50150542,127557.562421516,121636.322311534,222538.337045917,349040.666552503,519317.314199551,646261.659714833,433427.870422913,335586.445227051,280726.369088554,155164.645966942,118895.468917679,129021.925472566,106090.189279023,131313.837348655,364358.91199065,592020.142241954,483684.595254292,375890.652426749,401461.842442525,379384.420091202,398210.301041678,214363.718994551,TRUE,TRUE,FALSE,FALSE,FALSE,FALSE,FALSE,FALSE,FALSE,FALSE,FALSE,FALSE,TRUE,TRUE,TRUE,TRUE,FALSE,FALSE,FALSE,FALSE,FALSE,FALSE,FALSE,FALSE,FALSE,FALSE,FALSE,FALSE,FALSE,FALSE,FALSE,FALSE,FALSE,FALSE,TRUE,FALSE,FALSE,FALSE,FALSE,FALSE,FALSE,FALSE,FALSE,FALSE,FALSE,FALSE,FALSE,FALSE,TRUE,FALSE,FALSE,FALSE,FALSE,FALSE,FALSE,FALSE,TRUE,FALSE,FALSE,FALSE,FALSE,FALSE,FALSE,FALSE,FALSE,FALSE,FALSE,FALSE,FALSE,FALSE,FALSE,FALSE,FALSE,FALSE,FALSE,FALSE,FALSE,FALSE,FALSE,FALSE,FALSE,FALSE,FALSE,FALSE,FALSE,FALSE,FALSE,FALSE,FALSE,FALSE,FALSE,FALSE,FALSE,FALSE,FALSE,FALSE,FALSE,FALSE,FALSE,FALSE,FALSE,FALSE,FALSE,FALSE,FALSE,FALSE,FALSE,FALSE,FALSE,FALSE,FALSE,FALSE,FALSE,FALSE
"14 After",2023-03-14 11:24:17.38,"2023-03-14","11H 24M 17.38S","After","Aurora","V0333","Flow Core",1915,446,743,923,596,421,592,514,618,354,473,464,713,1319,938,1759,213,213,349,423,308,215,252,215,292,470,318,371,309,284,289,374,667,393,604,604,153,153,1027,462,472,459,464,293,552,457,718,488,305,415,700,636,169,276,332,263,207,284,496,209,-22.125,0,21.225,41.875,0.86,0.97,1.05,0.75,12.33,11.7,4.88,4.86,4.49,4.38,4.32,4.44,4.39,4.33,4.47,5.18,6.64,9.34,10.67,11.73,4.08,2.17,2.35,2.32,2.45,2.31,2.43,2.32,2.43,2.43,2.41,2.2,2.13,2.17,2.12,2.12,2.67,5.67,3.77,3.14,6.31,4.22,4.25,3.98,3.93,3.67,3.87,3.4,3.42,3.42,3.44,3.67,3.54,4.02,4.62,6.07,2.48,3.21,2.93,2.56,2.34,3.98,5.14,7.21,10175.7015113963,81140.3388712718,218299.550755648,265083.290698262,384741.305617819,622611.96705096,951325.073438113,522954.486271576,607273.922715802,677973.483427668,338246.508431295,165206.748572099,125711.682489541,187944.57369076,141591.824719442,125567.455364335,1951523.76280624,1948654.09230544,467180.979606206,1123610.22251671,1313878.85166306,1332227.1482455,1268795.58117162,922680.516835353,1000122.44074396,833574.638796354,957946.628806254,1582050.89855588,745564.763507699,377752.907801875,292341.118763073,324406.591812156,308790.174450602,170626.203497964,2027815.87221604,2053443.20494763,1987593.53507795,1983569.22415256,129945.273432612,123892.362996045,230241.10022444,359540.39694377,526106.440802185,652745.6288213,454866.341313427,352520.721733997,296059.449389667,163006.391146122,123968.12519651,133894.857537999,109089.173107858,133418.957111599,399625.377142611,636464.32750634,520653.071045415,400380.941528085,413467.264140409,383664.536796363,397655.612312789,211857.74939581,TRUE,TRUE,FALSE,FALSE,FALSE,FALSE,FALSE,FALSE,FALSE,FALSE,FALSE,FALSE,TRUE,TRUE,TRUE,TRUE,FALSE,FALSE,FALSE,FALSE,FALSE,FALSE,FALSE,FALSE,FALSE,FALSE,FALSE,FALSE,FALSE,FALSE,FALSE,FALSE,FALSE,FALSE,FALSE,FALSE,FALSE,FALSE,FALSE,FALSE,FALSE,FALSE,FALSE,FALSE,FALSE,FALSE,FALSE,FALSE,TRUE,FALSE,FALSE,FALSE,FALSE,FALSE,FALSE,FALSE,TRUE,FALSE,FALSE,FALSE,FALSE,FALSE,FALSE,FALSE,FALSE,FALSE,FALSE,FALSE,FALSE,FALSE,FALSE,FALSE,FALSE,FALSE,FALSE,FALSE,FALSE,FALSE,FALSE,FALSE,FALSE,FALSE,FALSE,FALSE,FALSE,FALSE,FALSE,FALSE,FALSE,FALSE,FALSE,FALSE,FALSE,FALSE,FALSE,FALSE,FALSE,FALSE,FALSE,FALSE,FALSE,FALSE,FALSE,FALSE,FALSE,FALSE,FALSE,FALSE,FALSE,FALSE,FALSE,FALSE,FALSE,FALSE
"14 Before",2023-03-14 11:15:24.75,"2023-03-14","11H 15M 24.75S","Before","Aurora","V0333","Flow Core",1991,455,742,967,608,431,603,520,623,354,481,478,728,1315,955,1736,210,210,331,388,282,202,246,216,302,494,328,373,311,283,277,351,624,361,575,575,150,150,1017,454,470,462,455,288,555,461,717,498,308,415,702,629,183,289,353,276,213,287,496,209,-22.125,0,21.275,41.9,0.88,0.98,1.04,0.75,12.75,12.69,5.82,5.67,5.28,5.26,5.23,5.25,5.19,5.05,5.35,6.1,7.61,10.34,11.59,11.61,4.26,3.44,3.35,3.15,3.3,3.27,3.47,3.37,3.41,3.39,3.46,3.27,3.17,3.38,3.26,3,3.31,5.66,3.88,3.89,6.3,4.62,4.4,4.06,3.98,3.85,3.95,3.64,3.7,3.81,3.84,3.89,4,4.3,4.68,5.94,3.55,3.94,3.72,3.46,3.29,4.51,5.5,7.61,10540.4753043341,79596.2332110811,209649.465695429,266749.956810024,376313.904528892,615310.466451733,931888.406068151,512105.278050563,602922.3300039,670329.793485443,331836.097460136,164029.345638913,123751.95223208,183628.102863579,141168.678647701,123221.560953243,1916586.26835664,1923431.4302284,437723.182712044,1021603.1284835,1196680.57073433,1220666.64496665,1220963.25292189,921387.04674759,1021671.93715434,868864.097846217,1000619.54815033,1640957.956308,736490.325713652,367740.358887664,278321.592633605,302292.422430125,285403.409706505,156340.973302523,1903098.80222902,1924159.44712221,1936806.42067308,1932360.88643983,128677.096534959,121091.214982371,227513.998320427,364098.091994992,525943.655982782,648585.782546799,449233.775195625,347489.687171442,290694.479917407,162973.288964569,124001.083133314,132310.186228763,108728.189298155,130712.572379431,391007.868040065,614619.541832135,519127.747444452,392503.090785848,402482.823643082,369061.370330881,381242.433091583,203767.869594195,TRUE,TRUE,FALSE,FALSE,FALSE,FALSE,FALSE,FALSE,FALSE,FALSE,FALSE,TRUE,TRUE,TRUE,TRUE,TRUE,FALSE,FALSE,FALSE,FALSE,FALSE,FALSE,FALSE,FALSE,FALSE,FALSE,FALSE,FALSE,FALSE,FALSE,FALSE,FALSE,FALSE,FALSE,FALSE,FALSE,FALSE,FALSE,FALSE,FALSE,FALSE,FALSE,FALSE,FALSE,FALSE,FALSE,FALSE,FALSE,FALSE,FALSE,FALSE,FALSE,FALSE,FALSE,FALSE,FALSE,TRUE,TRUE,FALSE,FALSE,FALSE,FALSE,FALSE,FALSE,FALSE,FALSE,FALSE,FALSE,FALSE,FALSE,FALSE,FALSE,FALSE,FALSE,FALSE,FALSE,FALSE,FALSE,FALSE,FALSE,FALSE,FALSE,FALSE,FALSE,FALSE,FALSE,FALSE,FALSE,FALSE,FALSE,FALSE,FALSE,FALSE,FALSE,FALSE,FALSE,FALSE,FALSE,FALSE,FALSE,FALSE,FALSE,FALSE,FALSE,FALSE,FALSE,FALSE,FALSE,FALSE,FALSE,FALSE,FALSE,FALSE,FALSE
"09 after",2023-03-09 12:08:39.3,"2023-03-09","12H 8M 39.3S","After","Aurora","V0333","Flow Core",1724,426,699,877,567,406,559,492,588,339,449,446,658,1146,838,1484,215,215,349,416,301,209,250,216,296,478,325,376,318,289,291,372,659,381,595,595,158,158,1055,477,487,481,475,304,574,477,739,505,317,430,725,650,175,284,343,269,210,284,491,205,-22.175,0,21.2,41.84999,0.86,0.97,1.06,0.76,12.53,12.21,5.57,5.36,4.81,4.74,4.74,4.76,4.83,4.67,5.04,5.79,7.48,10.58,11.54,11.85,4.19,2.94,2.8,2.77,2.85,2.77,2.93,2.82,2.84,2.79,2.93,2.77,2.58,2.59,2.55,2.48,2.78,5.36,4.5,4.35,6.69,5.12,3.07,2.8,2.72,2.55,2.8,2.52,2.52,2.6,2.66,2.69,2.71,3.21,3.69,4.94,2.78,3.15,2.93,2.81,2.88,4.26,5.24,7.4,8622.18248131866,76010.7238558362,196402.894706232,242298.523203156,357306.84118279,587765.285042076,871148.001840965,488569.034774841,560830.149125768,637307.255278838,313890.665169907,152204.956394654,108293.260330101,148126.45850266,118302.929926295,94751.2085390249,1972216.20287652,1961737.92998358,466855.392692801,1108546.76888795,1307422.3952152,1308867.31221918,1263867.62967468,927262.659241884,998343.212207936,824133.07004627,957306.435130576,1572201.74030521,742073.714654332,373909.670774476,291294.569809265,322917.393654325,307403.00892486,170096.482550072,2028446.71176333,2045447.61270984,1968448.20240879,1979648.79741174,129636.026117916,125860.362473453,229241.756710626,368175.89108879,526798.164089637,657120.874537465,453026.915223889,348683.925097068,297066.558046235,162364.707460142,124513.026862339,134675.162081446,110732.923885059,134605.885973953,401643.979691646,625683.753008987,520788.351747001,397385.646810622,413652.064204701,382590.543604586,395851.183357152,211814.068811263,TRUE,TRUE,FALSE,FALSE,FALSE,FALSE,FALSE,FALSE,FALSE,FALSE,FALSE,FALSE,TRUE,TRUE,TRUE,TRUE,FALSE,FALSE,FALSE,FALSE,FALSE,FALSE,FALSE,FALSE,FALSE,FALSE,FALSE,FALSE,FALSE,FALSE,FALSE,FALSE,FALSE,FALSE,FALSE,FALSE,FALSE,FALSE,FALSE,FALSE,FALSE,FALSE,FALSE,FALSE,FALSE,FALSE,FALSE,FALSE,FALSE,FALSE,FALSE,FALSE,FALSE,FALSE,FALSE,FALSE,TRUE,FALSE,FALSE,FALSE,FALSE,FALSE,FALSE,FALSE,FALSE,FALSE,FALSE,FALSE,FALSE,FALSE,FALSE,FALSE,FALSE,FALSE,FALSE,FALSE,FALSE,FALSE,FALSE,FALSE,FALSE,FALSE,FALSE,FALSE,FALSE,FALSE,FALSE,FALSE,FALSE,FALSE,FALSE,FALSE,FALSE,FALSE,FALSE,FALSE,FALSE,FALSE,FALSE,FALSE,FALSE,FALSE,FALSE,FALSE,FALSE,FALSE,FALSE,FALSE,FALSE,FALSE,FALSE,FALSE,FALSE,FALSE
"09 before",2023-03-09 11:57:37.94,"2023-03-09","11H 57M 37.94S","Before","Aurora","V0333","Flow Core",1805,436,695,886,569,404,561,492,591,336,454,456,671,1196,881,1589,213,213,347,412,297,208,248,214,294,479,322,370,313,287,288,368,651,380,587,587,156,156,1064,474,489,474,472,297,569,470,733,507,316,427,715,648,178,287,347,273,211,285,495,207,-22.15,0,21.2,41.875,0.86,0.97,1.05,0.76,13.14,13.14,5.81,5.51,5.07,5.06,5.08,4.99,4.86,4.83,5.29,6,7.36,10.49,11.86,12.12,4.4,3.05,2.92,2.98,3.11,3.02,3.14,3.06,3.14,3.04,3.07,2.84,2.81,2.85,2.87,2.86,3.24,5.91,4.96,4.9,7.4,5.67,3.31,3.06,2.88,2.76,3,2.64,2.72,2.82,2.73,2.83,2.99,3.44,3.72,5.16,3.04,3.35,3.09,3.04,3.08,4.55,5.66,7.9,9862.43155225714,80796.0805443366,201507.252560405,255833.642712177,371928.462482699,606032.144760141,902252.400848899,506742.103636714,599127.550996843,668688.912168801,328196.093777843,160913.895621586,117435.668729488,172787.049122288,136954.218879473,120203.546972519,1943146.47291667,1924346.96708421,465806.597714536,1103806.76796394,1287413.60404632,1301169.29954709,1241299.42946876,904522.854460584,989367.952559859,824569.496807118,968201.662391056,1584174.77375072,726316.956302192,363869.631688522,284799.928232743,317365.208186336,304699.437683908,172785.866129971,2009795.896875,2021118.53108724,1939441.26145833,1935658.04773568,129733.994956277,124145.812202471,228639.436212927,365961.297025033,531834.843696201,658722.26605132,450705.1469004,341182.02259301,287100.565294206,160663.998872196,123131.93923746,132721.899866939,108829.959973488,135029.773927478,374203.033671633,596776.936887199,495815.832381141,383619.376282579,400665.517824567,372760.468864218,388187.857838845,209886.692146216,TRUE,TRUE,FALSE,FALSE,FALSE,FALSE,FALSE,FALSE,FALSE,FALSE,FALSE,TRUE,TRUE,TRUE,TRUE,TRUE,FALSE,FALSE,FALSE,FALSE,FALSE,FALSE,FALSE,FALSE,FALSE,FALSE,FALSE,FALSE,FALSE,FALSE,FALSE,FALSE,FALSE,FALSE,FALSE,FALSE,FALSE,FALSE,FALSE,FALSE,FALSE,FALSE,FALSE,FALSE,FALSE,FALSE,FALSE,FALSE,FALSE,FALSE,FALSE,FALSE,FALSE,FALSE,FALSE,FALSE,TRUE,FALSE,FALSE,FALSE,FALSE,FALSE,FALSE,FALSE,FALSE,FALSE,FALSE,FALSE,FALSE,FALSE,FALSE,FALSE,FALSE,FALSE,FALSE,FALSE,FALSE,FALSE,FALSE,FALSE,FALSE,FALSE,FALSE,FALSE,FALSE,FALSE,FALSE,FALSE,FALSE,FALSE,FALSE,FALSE,FALSE,FALSE,FALSE,FALSE,FALSE,FALSE,FALSE,FALSE,FALSE,FALSE,FALSE,FALSE,FALSE,FALSE,FALSE,FALSE,FALSE,FALSE,FALSE,FALSE,FALSE,FALSE
"08 after passed QC on new bead",2023-03-08 18:29:58.41,"2023-03-08","18H 29M 58.41S","After","Aurora","V0333","Flow Core",1805,436,695,886,569,404,561,492,591,336,454,456,671,1196,881,1589,213,213,347,412,297,208,248,214,294,479,322,370,313,287,288,368,651,380,587,587,156,156,1064,474,489,474,472,297,569,470,733,507,316,427,715,648,178,287,347,273,211,285,495,207,-22.15,0,21.2,41.875,0.86,0.97,1.05,0.76,11.42,11.04,4.77,4.63,4.33,4.21,4.15,4.29,4.15,4.09,4.25,5.01,6.42,8.44,10.15,9.77,3.83,1.98,2.16,2.22,2.29,2.23,2.37,2.22,2.32,2.25,2.23,2.04,1.95,1.95,1.97,1.92,2.35,4.79,3.34,3.14,7.03,5.62,3.97,3.66,3.52,3.29,3.38,2.99,3.03,3.11,3.28,3.4,3.41,3.73,4.11,5.55,2.39,2.77,2.53,2.34,2.3,3.61,4.52,6.55,9119.78411092777,79301.4558436329,196208.383060151,246414.324984845,361426.686455743,594123.122235004,881404.5888084,495430.081977086,580282.21148859,650579.528173097,323552.962217458,159111.364511726,112387.557044033,157728.889791798,127430.168019816,103108.149308466,1975852.85420744,1966566.63667852,472138.157486868,1124681.66094921,1312939.4066891,1328928.67004752,1265797.88011234,921716.328951944,1009645.10420546,834823.797418337,964102.046305081,1579475.6776996,745638.939198172,375683.680281843,293463.754661103,325105.201388552,309818.727834534,171309.541800484,2036077.93052838,2048012.15006574,1989169.88209393,1990641.28841586,131106.859162275,125384.120091054,232070.713567165,369239.721177201,529600.167521387,656376.034499401,459165.718363139,348857.435648116,294650.836090657,164377.357207241,125719.260901285,135064.969775977,110059.554480555,134123.036607182,406144.673048482,638492.342069232,530633.853723741,408668.318088808,418934.79011292,385524.077844663,397927.12997086,212291.497131404,TRUE,TRUE,FALSE,FALSE,FALSE,FALSE,FALSE,FALSE,FALSE,FALSE,FALSE,FALSE,TRUE,TRUE,TRUE,TRUE,FALSE,FALSE,FALSE,FALSE,FALSE,FALSE,FALSE,FALSE,FALSE,FALSE,FALSE,FALSE,FALSE,FALSE,FALSE,FALSE,FALSE,FALSE,FALSE,FALSE,FALSE,FALSE,FALSE,FALSE,FALSE,FALSE,FALSE,FALSE,FALSE,FALSE,FALSE,FALSE,FALSE,FALSE,FALSE,FALSE,FALSE,FALSE,FALSE,FALSE,TRUE,FALSE,FALSE,FALSE,FALSE,FALSE,FALSE,FALSE,FALSE,FALSE,FALSE,FALSE,FALSE,FALSE,FALSE,FALSE,FALSE,FALSE,FALSE,FALSE,FALSE,FALSE,FALSE,FALSE,FALSE,FALSE,FALSE,FALSE,FALSE,FALSE,FALSE,FALSE,FALSE,FALSE,FALSE,FALSE,FALSE,FALSE,FALSE,FALSE,FALSE,FALSE,FALSE,FALSE,FALSE,FALSE,FALSE,FALSE,FALSE,FALSE,FALSE,FALSE,FALSE,FALSE,FALSE,FALSE,FALSE,FALSE
"08 after passed QC on new bead",2023-03-08 18:29:58.41,"2023-03-08","18H 29M 58.41S","After","Aurora","V0333","Flow Core",1805,436,695,886,569,404,561,492,591,336,454,456,671,1196,881,1589,213,213,347,412,297,208,248,214,294,479,322,370,313,287,288,368,651,380,587,587,156,156,1064,474,489,474,472,297,569,470,733,507,316,427,715,648,178,287,347,273,211,285,495,207,-22.15,0,21.2,41.875,0.86,0.97,1.05,0.76,11.42,11.04,4.77,4.63,4.33,4.21,4.15,4.29,4.15,4.09,4.25,5.01,6.42,8.44,10.15,9.77,3.83,1.98,2.16,2.22,2.29,2.23,2.37,2.22,2.32,2.25,2.23,2.04,1.95,1.95,1.97,1.92,2.35,4.79,3.34,3.14,7.03,5.62,3.97,3.66,3.52,3.29,3.38,2.99,3.03,3.11,3.28,3.4,3.41,3.73,4.11,5.55,2.39,2.77,2.53,2.34,2.3,3.61,4.52,6.55,9119.78411092777,79301.4558436329,196208.383060151,246414.324984845,361426.686455743,594123.122235004,881404.5888084,495430.081977086,580282.21148859,650579.528173097,323552.962217458,159111.364511726,112387.557044033,157728.889791798,127430.168019816,103108.149308466,1975852.85420744,1966566.63667852,472138.157486868,1124681.66094921,1312939.4066891,1328928.67004752,1265797.88011234,921716.328951944,1009645.10420546,834823.797418337,964102.046305081,1579475.6776996,745638.939198172,375683.680281843,293463.754661103,325105.201388552,309818.727834534,171309.541800484,2036077.93052838,2048012.15006574,1989169.88209393,1990641.28841586,131106.859162275,125384.120091054,232070.713567165,369239.721177201,529600.167521387,656376.034499401,459165.718363139,348857.435648116,294650.836090657,164377.357207241,125719.260901285,135064.969775977,110059.554480555,134123.036607182,406144.673048482,638492.342069232,530633.853723741,408668.318088808,418934.79011292,385524.077844663,397927.12997086,212291.497131404,TRUE,TRUE,FALSE,FALSE,FALSE,FALSE,FALSE,FALSE,FALSE,FALSE,FALSE,FALSE,TRUE,TRUE,TRUE,TRUE,FALSE,FALSE,FALSE,FALSE,FALSE,FALSE,FALSE,FALSE,FALSE,FALSE,FALSE,FALSE,FALSE,FALSE,FALSE,FALSE,FALSE,FALSE,FALSE,FALSE,FALSE,FALSE,FALSE,FALSE,FALSE,FALSE,FALSE,FALSE,FALSE,FALSE,FALSE,FALSE,FALSE,FALSE,FALSE,FALSE,FALSE,FALSE,FALSE,FALSE,TRUE,FALSE,FALSE,FALSE,FALSE,FALSE,FALSE,FALSE,FALSE,FALSE,FALSE,FALSE,FALSE,FALSE,FALSE,FALSE,FALSE,FALSE,FALSE,FALSE,FALSE,FALSE,FALSE,FALSE,FALSE,FALSE,FALSE,FALSE,FALSE,FALSE,FALSE,FALSE,FALSE,FALSE,FALSE,FALSE,FALSE,FALSE,FALSE,FALSE,FALSE,FALSE,FALSE,FALSE,FALSE,FALSE,FALSE,FALSE,FALSE,FALSE,FALSE,FALSE,FALSE,FALSE,FALSE,FALSE,FALSE,FALSE
"Tube_001",2023-03-08 18:23:57.33,"2023-03-08","18H 23M 57.33S","Unknown","Aurora","V0333","Flow Core",1823,447,719,905,580,413,566,483,630,587,704,651,920,1803,1538,2842,213,213,346,411,299,207,237,202,269,448,420,599,452,401,410,653,1365,895,588,588,155,155,957,421,425,452,577,433,767,626,953,648,449,730,1298,1260,235,426,517,417,401,695,1375,618,-22.15,0,21.25,41.9,0.86,0.97,1.06,0.76,11.79,11,4.95,4.81,4.37,4.26,4.25,4.33,4.25,4.22,4.48,5.21,6.65,9.28,10.26,11.01,3.86,2,2.21,2.29,2.35,2.24,2.37,2.25,2.31,2.2,2.24,2.02,1.91,1.92,1.98,2.15,2.78,4.91,3.1,2.79,7.31,5.83,3.68,3.5,3.31,3.16,3.16,2.79,2.84,2.95,3.11,3.16,3.17,3.55,4.1,5.34,2.5,2.94,2.7,2.45,2.27,3.62,4.59,6.28,8970.71257080698,79576.7697238792,203825.748003556,252646.557906207,368330.946924699,603175.44959477,897352.658569493,488679.127820672,626495.075561793,1146783.59319713,497033.411666267,225692.011243177,152136.601827973,227684.427253728,213810.266052981,168209.876388983,1965023.54109116,1958192.59713101,469534.856780388,1105081.48306683,1320974.874839,1310991.53039939,1200753.55072708,854516.410817275,915136.513269604,783118.396812509,1282909.19578762,2652996.005313,1076643.19472538,524826.326064377,417163.739651904,592785.911180686,655457.930923773,396737.555937446,2047944.32723297,2088879.07934256,1951553.51162523,1957037.12939587,118938.325571393,110747.590448877,202016.152990464,352062.361291171,668747.272013222,989212.865387751,624575.962575314,465787.363860379,389089.648608877,212360.776559762,181673.734942672,232157.250855481,199677.915851301,256608.045735642,511030.088150074,948202.186909276,772344.451079509,624219.48996274,792679.440521846,934661.822469505,1098178.11597354,623617.921627313,TRUE,TRUE,FALSE,FALSE,FALSE,FALSE,FALSE,FALSE,FALSE,FALSE,FALSE,FALSE,TRUE,TRUE,TRUE,TRUE,FALSE,FALSE,FALSE,FALSE,FALSE,FALSE,FALSE,FALSE,FALSE,FALSE,FALSE,FALSE,FALSE,FALSE,FALSE,FALSE,FALSE,FALSE,FALSE,FALSE,FALSE,FALSE,FALSE,FALSE,FALSE,FALSE,FALSE,FALSE,FALSE,FALSE,FALSE,FALSE,FALSE,FALSE,FALSE,FALSE,FALSE,FALSE,FALSE,FALSE,TRUE,FALSE,FALSE,FALSE,FALSE,FALSE,FALSE,FALSE,FALSE,FALSE,FALSE,FALSE,FALSE,FALSE,FALSE,TRUE,TRUE,FALSE,FALSE,FALSE,FALSE,FALSE,FALSE,FALSE,FALSE,FALSE,FALSE,FALSE,FALSE,FALSE,FALSE,TRUE,TRUE,TRUE,FALSE,FALSE,FALSE,FALSE,FALSE,FALSE,FALSE,FALSE,FALSE,FALSE,FALSE,FALSE,FALSE,FALSE,FALSE,FALSE,FALSE,FALSE,FALSE,FALSE,TRUE,TRUE,TRUE,TRUE
"Tube_001",2023-03-08 18:23:57.33,"2023-03-08","18H 23M 57.33S","Unknown","Aurora","V0333","Flow Core",1823,447,719,905,580,413,566,483,630,587,704,651,920,1803,1538,2842,213,213,346,411,299,207,237,202,269,448,420,599,452,401,410,653,1365,895,588,588,155,155,957,421,425,452,577,433,767,626,953,648,449,730,1298,1260,235,426,517,417,401,695,1375,618,-22.15,0,21.25,41.9,0.86,0.97,1.06,0.76,11.79,11,4.95,4.81,4.37,4.26,4.25,4.33,4.25,4.22,4.48,5.21,6.65,9.28,10.26,11.01,3.86,2,2.21,2.29,2.35,2.24,2.37,2.25,2.31,2.2,2.24,2.02,1.91,1.92,1.98,2.15,2.78,4.91,3.1,2.79,7.31,5.83,3.68,3.5,3.31,3.16,3.16,2.79,2.84,2.95,3.11,3.16,3.17,3.55,4.1,5.34,2.5,2.94,2.7,2.45,2.27,3.62,4.59,6.28,8970.71257080698,79576.7697238792,203825.748003556,252646.557906207,368330.946924699,603175.44959477,897352.658569493,488679.127820672,626495.075561793,1146783.59319713,497033.411666267,225692.011243177,152136.601827973,227684.427253728,213810.266052981,168209.876388983,1965023.54109116,1958192.59713101,469534.856780388,1105081.48306683,1320974.874839,1310991.53039939,1200753.55072708,854516.410817275,915136.513269604,783118.396812509,1282909.19578762,2652996.005313,1076643.19472538,524826.326064377,417163.739651904,592785.911180686,655457.930923773,396737.555937446,2047944.32723297,2088879.07934256,1951553.51162523,1957037.12939587,118938.325571393,110747.590448877,202016.152990464,352062.361291171,668747.272013222,989212.865387751,624575.962575314,465787.363860379,389089.648608877,212360.776559762,181673.734942672,232157.250855481,199677.915851301,256608.045735642,511030.088150074,948202.186909276,772344.451079509,624219.48996274,792679.440521846,934661.822469505,1098178.11597354,623617.921627313,TRUE,TRUE,FALSE,FALSE,FALSE,FALSE,FALSE,FALSE,FALSE,FALSE,FALSE,FALSE,TRUE,TRUE,TRUE,TRUE,FALSE,FALSE,FALSE,FALSE,FALSE,FALSE,FALSE,FALSE,FALSE,FALSE,FALSE,FALSE,FALSE,FALSE,FALSE,FALSE,FALSE,FALSE,FALSE,FALSE,FALSE,FALSE,FALSE,FALSE,FALSE,FALSE,FALSE,FALSE,FALSE,FALSE,FALSE,FALSE,FALSE,FALSE,FALSE,FALSE,FALSE,FALSE,FALSE,FALSE,TRUE,FALSE,FALSE,FALSE,FALSE,FALSE,FALSE,FALSE,FALSE,FALSE,FALSE,FALSE,FALSE,FALSE,FALSE,TRUE,TRUE,FALSE,FALSE,FALSE,FALSE,FALSE,FALSE,FALSE,FALSE,FALSE,FALSE,FALSE,FALSE,FALSE,FALSE,TRUE,TRUE,TRUE,FALSE,FALSE,FALSE,FALSE,FALSE,FALSE,FALSE,FALSE,FALSE,FALSE,FALSE,FALSE,FALSE,FALSE,FALSE,FALSE,FALSE,FALSE,FALSE,FALSE,TRUE,TRUE,TRUE,TRUE
"08 after",2023-03-08 11:14:44.51,"2023-03-08","11H 14M 44.51S","After","Aurora","V0333","Flow Core",1955,455,730,918,582,409,568,482,623,514,643,600,923,1967,1596,3368,210,210,338,398,287,201,234,203,275,459,399,537,413,365,372,584,1184,770,582,582,148,148,940,411,408,431,519,378,689,565,860,588,408,648,1144,1125,221,376,454,374,359,597,1167,524,-22.05,0,21.25,41.85,0.88,0.98,1.04,0.76,248.42,593.83,1024.42,399.38,707.76,781.5,508.95,1010.7,544.07,422.71,328.89,1341.78,467.38,332.16,277.51,161.75,46.05,347.73,1888.72,333.19,625.03,401.34,411.85,742.64,702.91,1017.69,533.31,962.62,427.37,936.7,2229,964.3,553.03,405.54,44,90.46,41.61,441.36,589.8,452.4,404.83,2332.14,894.16,262.36,739.77,1061.49,2099.43,576.96,1106.65,1245.91,370.76,383.75,933.85,606.04,695.22,506.37,546.5,659.59,229.05,341.07,149.757636109256,59.9241953451979,52.1421398799269,97.254846878453,119.825222064843,125.029752761962,489.137670501938,123.756020331413,116.44438957874,252.924726540494,119.256506935564,27.034717774578,60.6596228039549,113.789483080518,141.186074877652,413.597014115531,11789.4478862974,13705.0715803773,93.2772905132557,213.297151520131,178.705121048017,209.790120230764,204.695527911056,137.552127674952,195.980477755481,142.400580975504,142.028237067511,142.161178768463,131.351968744468,61.6860390058596,35.3798920979585,49.9040781353864,87.0875991950078,113.900253311886,291875.241982507,638661.928137954,15972.805393586,18858.4515209736,66.4535736670397,95.0959476450344,112.355203320047,28.718972690751,54.3575572007425,168.330994756366,63.5215435173395,43.7444583186296,33.4775553582665,64.2290819753342,39.7171916728866,62.1157204089007,123.486832709969,116.70804024541,34.0091519419473,64.1366202000491,70.2038199213651,70.4084523167059,85.6689265883927,64.3185037416637,199.265528601198,169.166605053942,TRUE,TRUE,TRUE,TRUE,TRUE,TRUE,TRUE,TRUE,TRUE,TRUE,TRUE,TRUE,TRUE,TRUE,TRUE,TRUE,TRUE,TRUE,TRUE,TRUE,TRUE,TRUE,TRUE,TRUE,TRUE,TRUE,TRUE,TRUE,TRUE,TRUE,TRUE,TRUE,TRUE,TRUE,TRUE,TRUE,TRUE,TRUE,TRUE,TRUE,TRUE,TRUE,TRUE,TRUE,TRUE,TRUE,TRUE,TRUE,TRUE,TRUE,TRUE,TRUE,TRUE,TRUE,TRUE,TRUE,TRUE,FALSE,FALSE,FALSE,FALSE,FALSE,FALSE,FALSE,FALSE,FALSE,FALSE,FALSE,FALSE,FALSE,TRUE,TRUE,TRUE,FALSE,FALSE,FALSE,FALSE,FALSE,FALSE,FALSE,FALSE,FALSE,FALSE,FALSE,FALSE,FALSE,FALSE,FALSE,FALSE,TRUE,FALSE,FALSE,FALSE,FALSE,FALSE,FALSE,FALSE,FALSE,FALSE,FALSE,FALSE,FALSE,FALSE,FALSE,FALSE,FALSE,FALSE,FALSE,FALSE,FALSE,FALSE,TRUE,TRUE,TRUE
"08 Before",2023-03-08 10:50:56.66,"2023-03-08","10H 50M 56.66S","Before","Aurora","V0333","Flow Core",1962,442,719,908,572,413,577,503,604,350,461,465,700,1290,939,1746,212,212,322,403,311,228,279,234,312,456,302,338,282,265,275,376,676,407,589,589,152,152,1043,462,475,469,471,300,558,464,725,498,311,421,712,642,169,278,336,264,208,284,492,207,-22.125,0,21.225,41.825,0.87,0.97,1.05,0.76,11.7,9.65,3.97,3.97,3.59,3.49,3.79,3.75,3.6,4.72,4.5,5.29,5.99,7.91,9.24,8.63,3.56,1.89,2.55,2.63,2.83,2.85,2.92,2.85,2.91,2.66,2.9,3.32,3.04,3.07,2.85,3.18,3.56,5.82,2.55,2.26,4.63,3.4,3.89,3.63,3.54,3.47,3.63,3.59,3.55,3.85,3.72,3.68,4.18,4.72,5.07,6.22,3.44,5.16,4.82,4.4,4.5,6.06,6.54,7.33,9285.40923842021,75084.6201237031,193191.704935586,240002.547641764,344963.284687539,579099.099343629,885585.800203829,507233.777245622,555018.937985339,465102.988496307,241012.434292167,124523.888907215,90139.8217065181,114173.107798181,80866.7447754383,61013.8801853929,1955179.62857143,1886643.22556335,430797.332163844,1092226.85934232,1368961.19286378,1463851.71079466,1430345.26736754,1003419.02221758,1062563.30277057,778079.929242788,716797.355014879,1010727.88608781,507031.148723708,272300.416261094,215371.619970703,210453.242722726,178995.774867616,92225.5251068796,2030573.53392857,2004185.3714216,2041023.79821429,1969810.14003447,140011.461608154,131418.070691832,249717.738957616,380097.043658113,469627.796142585,519740.084555812,368121.019640316,283465.518533632,248816.321063287,134845.37746317,92515.9829646928,86814.7318915742,68050.8118616411,76220.1764912469,304552.574265061,483423.604803089,396507.049924224,285247.257164097,246904.204190881,190709.869940805,176211.104047748,87485.7967535973,TRUE,TRUE,FALSE,FALSE,FALSE,FALSE,FALSE,FALSE,FALSE,FALSE,FALSE,FALSE,FALSE,TRUE,TRUE,TRUE,FALSE,FALSE,FALSE,FALSE,FALSE,FALSE,FALSE,FALSE,FALSE,FALSE,FALSE,FALSE,FALSE,FALSE,FALSE,FALSE,FALSE,FALSE,FALSE,FALSE,FALSE,FALSE,FALSE,FALSE,FALSE,FALSE,FALSE,FALSE,FALSE,FALSE,FALSE,FALSE,TRUE,FALSE,FALSE,FALSE,FALSE,FALSE,TRUE,TRUE,TRUE,FALSE,FALSE,FALSE,FALSE,FALSE,FALSE,FALSE,FALSE,FALSE,FALSE,FALSE,FALSE,FALSE,FALSE,FALSE,FALSE,FALSE,FALSE,FALSE,FALSE,FALSE,FALSE,FALSE,FALSE,FALSE,FALSE,FALSE,FALSE,FALSE,FALSE,FALSE,FALSE,FALSE,FALSE,FALSE,FALSE,FALSE,FALSE,FALSE,FALSE,FALSE,FALSE,FALSE,FALSE,FALSE,FALSE,FALSE,FALSE,FALSE,FALSE,FALSE,FALSE,FALSE,FALSE,FALSE,FALSE,FALSE
"06 After",2023-03-06 09:56:21.11,"2023-03-06","9H 56M 21.11S","After","Aurora","V0333","Flow Core",1962,442,719,908,572,413,577,503,604,350,461,465,700,1290,939,1746,212,212,322,403,311,228,279,234,312,456,302,338,282,265,275,376,676,407,589,589,152,152,1043,462,475,469,471,300,558,464,725,498,311,421,712,642,169,278,336,264,208,284,492,207,-22.125,0,21.225,41.825,0.87,0.97,1.05,0.76,12.66,12.02,4.92,4.68,4.26,4.11,4.08,4.22,4.12,4.07,4.34,5.16,7.05,10.36,11.39,12.3,4.28,2.36,3.18,2.8,2.72,2.55,2.5,2.41,2.46,2.39,2.5,2.39,2.3,2.24,2.15,2.04,2.6,5.27,2.99,2.61,8.19,6.91,5.47,5.28,5.21,5.02,4.94,4.55,4.47,4.59,4.65,4.63,4.86,5.24,5.67,7.4,2.47,2.89,2.7,2.51,2.53,4.07,5.04,7.17,10213.6341589479,81553.0889621701,208712.971937664,260280.280696701,371286.558398782,613301.589070805,929823.003450083,518554.203376093,597760.64903002,669756.381553489,333036.280248571,165001.617885533,123038.652601954,182825.988022283,141491.484529042,123200.702182302,1940331.55698712,1963276.65850118,473219.936819991,1126477.10748218,1326513.19088121,1331050.69934191,1258507.4945079,913465.358205902,1001961.9378323,830101.944731119,955701.236299771,1587375.90424647,753222.35347219,378325.812847965,294888.739578373,326584.930093164,308522.893949566,172618.53373059,2006889.12648662,2035273.41263685,1915927.4627106,1923900.29636926,131763.917916907,122712.68886701,226009.099813249,359637.188356587,517621.171698501,647080.986516315,449504.361258049,341026.041302468,293977.142721795,161394.350747288,123316.583747742,132689.823569918,109506.586278991,133016.845589279,394888.199389559,627653.441620948,515417.051575616,397365.422635253,410292.184182683,381435.782538808,393440.345140973,212413.80653042,TRUE,TRUE,FALSE,FALSE,FALSE,FALSE,FALSE,FALSE,FALSE,FALSE,FALSE,FALSE,TRUE,TRUE,TRUE,TRUE,FALSE,FALSE,FALSE,FALSE,FALSE,FALSE,FALSE,FALSE,FALSE,FALSE,FALSE,FALSE,FALSE,FALSE,FALSE,FALSE,FALSE,FALSE,FALSE,FALSE,FALSE,FALSE,FALSE,FALSE,FALSE,FALSE,FALSE,FALSE,FALSE,FALSE,FALSE,FALSE,TRUE,FALSE,FALSE,FALSE,FALSE,FALSE,FALSE,FALSE,TRUE,FALSE,FALSE,FALSE,FALSE,FALSE,FALSE,FALSE,FALSE,FALSE,FALSE,FALSE,FALSE,FALSE,FALSE,FALSE,FALSE,FALSE,FALSE,FALSE,FALSE,FALSE,FALSE,FALSE,FALSE,FALSE,FALSE,FALSE,FALSE,FALSE,FALSE,FALSE,FALSE,FALSE,FALSE,FALSE,FALSE,FALSE,FALSE,FALSE,FALSE,FALSE,FALSE,FALSE,FALSE,FALSE,FALSE,FALSE,FALSE,FALSE,FALSE,FALSE,FALSE,FALSE,FALSE,FALSE,FALSE,FALSE
"06 Before",2023-03-06 09:40:30.33,"2023-03-06","9H 40M 30.33S","Before","Aurora","V0333","Flow Core",1720,432,705,888,578,414,568,497,586,331,452,453,655,1121,843,1437,207,207,332,411,306,220,255,215,287,433,283,324,285,271,278,367,660,393,543,543,139,139,992,440,455,444,437,275,543,443,708,477,297,404,678,609,189,298,361,282,217,291,506,213,-22.1,0,21.35,41.975,0.89,1.01,1.01,0.75,11.7,11.85,5.05,4.86,4.4,4.32,4.3,4.27,4.2,4.07,4.4,5.32,6.95,9.45,10.67,10.74,3.99,2.03,3.06,2.75,2.72,2.63,2.62,2.56,2.63,2.56,2.58,2.43,2.34,2.32,2.18,2.13,2.68,5.57,3.03,2.57,6.34,4.87,4.92,4.77,4.63,4.43,4.48,4.09,4.06,4.16,4.19,4.3,4.36,4.69,5.23,6.82,2.35,2.78,2.54,2.35,2.3,3.79,4.8,6.93,7887.70785571076,73855.5955406997,190753.196870334,236167.88816761,354014.781138452,587565.902932627,861514.188635118,481705.836791122,547736.983708756,611813.847381847,304371.464035394,149244.229336595,101553.566131121,132688.095160654,110799.966302745,83259.6892067479,1921968.50692795,1957708.92764496,489330.516686172,1137723.03185054,1314341.57943961,1301455.31855382,1198891.0072993,881303.919722126,965677.865305144,818368.4794814,937585.189256475,1569399.46758737,758807.209898422,388055.612467693,295618.577865121,322397.473333811,306103.193509016,168512.293738482,1864675.19368567,1930323.62819644,1826643.4182502,1898941.28907136,130163.975894657,124576.659298475,230241.918395952,363553.302211693,521822.460578178,649332.870268559,461123.248609945,349465.253616628,303523.463286879,164267.204517234,124355.049018046,134265.84333752,110011.656022619,133719.567037763,407091.981485974,633768.343923728,530922.813283496,395746.380103258,410071.048679285,376057.89817241,390849.348481938,209890.97336886,TRUE,TRUE,FALSE,FALSE,FALSE,FALSE,FALSE,FALSE,FALSE,FALSE,FALSE,FALSE,TRUE,TRUE,TRUE,TRUE,FALSE,FALSE,FALSE,FALSE,FALSE,FALSE,FALSE,FALSE,FALSE,FALSE,FALSE,FALSE,FALSE,FALSE,FALSE,FALSE,FALSE,FALSE,FALSE,FALSE,FALSE,FALSE,FALSE,FALSE,FALSE,FALSE,FALSE,FALSE,FALSE,FALSE,FALSE,FALSE,TRUE,FALSE,FALSE,FALSE,FALSE,FALSE,FALSE,FALSE,TRUE,FALSE,FALSE,FALSE,FALSE,FALSE,FALSE,FALSE,FALSE,FALSE,FALSE,FALSE,FALSE,FALSE,FALSE,FALSE,FALSE,FALSE,FALSE,FALSE,FALSE,FALSE,FALSE,FALSE,FALSE,FALSE,FALSE,FALSE,FALSE,FALSE,FALSE,FALSE,FALSE,FALSE,FALSE,FALSE,FALSE,FALSE,FALSE,FALSE,FALSE,FALSE,FALSE,FALSE,FALSE,FALSE,FALSE,FALSE,FALSE,FALSE,FALSE,FALSE,FALSE,FALSE,FALSE,FALSE,FALSE,FALSE
"03 Before",2023-03-03 10:23:29.21,"2023-03-03","10H 23M 29.21S","Before","Aurora","V0333","Flow Core",2262,420,643,851,546,388,545,460,563,328,431,433,631,1116,837,1446,239,239,310,380,288,214,271,235,314,459,300,333,266,247,256,354,643,399,539,539,158,158,1020,459,472,457,461,293,550,447,704,516,321,408,675,629,166,272,325,258,195,275,485,212,-22.075,0,21.35,42,0.89,1,1.03,0.76,13.19,11.27,5.19,5.04,4.57,4.37,4.24,4.27,4.13,4.07,4.18,4.82,5.92,8.04,10.36,11.07,5.4,3.15,3.69,3.29,3.19,2.92,2.9,2.73,2.79,2.81,3.01,2.86,2.83,2.79,2.71,2.86,3.57,7.33,5.73,4.95,9.59,9.76,8.32,8.05,7.69,7.54,7.48,6.96,6.82,6.91,7.11,7.12,7.28,7.32,7.98,9.92,3.2,3.6,3.19,2.93,2.54,3.76,3.79,5.64,10053.2763870179,72577.7161674682,167142.767700402,213376.330158962,313692.787831809,518782.852151963,774924.576533839,417713.391109717,496070.40397749,564405.399649456,275077.665144568,138029.212167164,95483.0851710888,132514.205118839,111560.647621071,85180.8869613761,2038533.82501499,2089215.35239451,424563.663742631,979429.493963783,1133322.34449765,1158344.87756678,1122007.78470937,839739.006905592,930861.490939048,762386.39251014,887919.762263812,1459661.00488172,643841.883887699,323020.138434979,250803.115210218,284333.833756658,271171.625439792,157109.797903656,1758817.52697842,1814538.11583741,1970187.25127398,2007660.23205258,123064.609459566,116969.521568196,215513.822705898,334337.210203511,491664.97063823,608439.103153999,417253.332138943,311942.396951547,265469.01268514,158019.866230332,120893.588405035,122090.906169473,99332.9786538461,126932.340658989,331092.417587871,532921.951347887,434566.749869726,338524.153227393,343623.113060087,333482.033799043,356196.011386673,202333.935331943,TRUE,TRUE,FALSE,FALSE,FALSE,FALSE,FALSE,FALSE,FALSE,FALSE,FALSE,FALSE,FALSE,TRUE,TRUE,TRUE,FALSE,FALSE,FALSE,FALSE,FALSE,FALSE,FALSE,FALSE,FALSE,FALSE,FALSE,FALSE,FALSE,FALSE,FALSE,FALSE,TRUE,FALSE,TRUE,TRUE,TRUE,TRUE,TRUE,TRUE,TRUE,TRUE,TRUE,TRUE,TRUE,TRUE,TRUE,TRUE,TRUE,FALSE,FALSE,FALSE,FALSE,FALSE,FALSE,FALSE,FALSE,TRUE,FALSE,FALSE,FALSE,FALSE,FALSE,FALSE,FALSE,FALSE,FALSE,FALSE,FALSE,FALSE,FALSE,FALSE,FALSE,FALSE,FALSE,FALSE,FALSE,FALSE,FALSE,FALSE,FALSE,FALSE,FALSE,FALSE,FALSE,FALSE,FALSE,FALSE,FALSE,FALSE,FALSE,FALSE,FALSE,FALSE,FALSE,FALSE,FALSE,FALSE,FALSE,FALSE,FALSE,FALSE,FALSE,FALSE,FALSE,FALSE,FALSE,FALSE,FALSE,FALSE,FALSE,FALSE,FALSE,FALSE
"02 Before",2023-03-02 11:40:45.17,"2023-03-02","11H 40M 45.17S","Before","Aurora","V0333","Flow Core",2262,420,643,851,546,388,545,460,563,328,431,433,631,1116,837,1446,239,239,310,380,288,214,271,235,314,459,300,333,266,247,256,354,643,399,539,539,158,158,1020,459,472,457,461,293,550,447,704,516,321,408,675,629,166,272,325,258,195,275,485,212,-22.075,0,21.35,42,0.89,1,1.03,0.76,12.37,11.66,4.98,4.79,4.26,4.18,4.15,4.18,4.12,4,4.17,4.9,6.58,9.32,10.69,11.04,3.98,2.07,2.41,2.47,2.71,2.62,2.48,2.25,2.26,2.15,2.2,2.11,2.07,2.06,1.99,1.94,2.51,5.3,6.74,5.86,7.06,5.51,2.71,2.31,2.12,1.93,2.2,1.88,1.93,2.03,2.2,2.21,2.21,2.71,3.3,4.53,2.57,2.94,2.69,2.52,2.48,3.92,4.9,7.18,12086.1352701004,77120.2733359098,185593.566377103,242056.084449452,352855.959240741,581941.045679881,877584.872905777,470969.895722997,567810.384308125,646335.026646489,310655.156055575,154710.29225168,109748.881818309,156649.350837945,126593.680625562,101659.435486735,2167580.82901929,2276107.51952963,459638.608108424,1114089.49072186,1331429.86013935,1376763.27318849,1276386.54345711,912931.717788152,981143.317759437,794357.672444886,954743.01854871,1615421.91139774,739820.080880891,379976.769252747,300696.076220615,340574.438666191,324323.964919293,180698.719651558,1863116.41848875,1933366.49268552,1975006.37757235,2048409.2490373,130098.365164415,123629.917485139,229232.941981511,361607.724781058,540314.099235401,671833.004499867,450302.281691548,336601.304021821,283967.356300937,168901.645651556,129907.493486653,130919.145816499,106137.904016327,134250.53201821,341670.508376991,564905.336235328,459384.334901525,359089.901020368,369617.79562348,358239.219310347,381079.623764562,214164.589617913,TRUE,TRUE,FALSE,FALSE,FALSE,FALSE,FALSE,FALSE,FALSE,FALSE,FALSE,FALSE,TRUE,TRUE,TRUE,TRUE,FALSE,FALSE,FALSE,FALSE,FALSE,FALSE,FALSE,FALSE,FALSE,FALSE,FALSE,FALSE,FALSE,FALSE,FALSE,FALSE,FALSE,FALSE,FALSE,FALSE,FALSE,FALSE,FALSE,FALSE,FALSE,FALSE,FALSE,FALSE,FALSE,FALSE,FALSE,FALSE,FALSE,FALSE,FALSE,FALSE,FALSE,FALSE,FALSE,FALSE,TRUE,TRUE,FALSE,FALSE,FALSE,FALSE,FALSE,FALSE,FALSE,FALSE,FALSE,FALSE,FALSE,FALSE,FALSE,FALSE,FALSE,FALSE,FALSE,FALSE,FALSE,FALSE,FALSE,FALSE,FALSE,FALSE,FALSE,FALSE,FALSE,FALSE,FALSE,FALSE,FALSE,FALSE,FALSE,FALSE,FALSE,FALSE,FALSE,FALSE,FALSE,FALSE,FALSE,FALSE,FALSE,FALSE,FALSE,FALSE,FALSE,FALSE,FALSE,FALSE,FALSE,FALSE,FALSE,FALSE,FALSE,FALSE
"28 After",2023-02-28 11:23:40.27,"2023-02-28","11H 23M 40.27S","After","Aurora","V0333","Flow Core",1707,400,717,938,595,424,586,511,620,355,469,470,683,1148,809,1469,249,249,355,433,333,248,315,265,360,527,344,388,333,329,361,535,995,628,648,648,177,177,1258,561,565,549,552,341,652,548,863,609,400,574,1015,940,163,267,327,253,203,286,524,232,-22.175,0,21.25,41.75,0.79,0.91,1.08,0.72,11.59,9.02,5.1,4.62,4.29,4.23,4.13,4.23,4.12,4.16,3.96,4.23,4.37,5.23,5.73,8.31,4.43,3.62,3.4,3.2,3.17,2.98,2.97,2.89,2.89,2.83,3.12,2.99,2.9,3,3.17,4.57,6.22,8.09,2.91,3.1,3.9,3.43,3.49,3.27,3.19,3,3.13,2.91,2.97,2.97,3.02,3.2,3.43,3.9,4.81,6.36,3.3,3.78,3.43,3.11,2.91,3.61,3.72,4.95,7849.28596782853,67890.0953382938,191070.71883846,247395.321084273,354501.211603044,589380.808087171,873353.004181495,487889.668760064,570227.598144359,639194.622975308,316688.528716172,155850.447010818,108146.24002572,148884.768500962,121421.312551675,93495.2246920634,2004996.32358871,2149168.8093494,477206.640604169,1117019.09667419,1319571.9420988,1318510.69215639,1256549.26981018,916859.53710076,997944.334624506,838573.207777174,981548.572751756,1656403.52548301,823546.475058331,438736.202942136,359372.891844242,420747.087872932,417119.390549523,226593.005054904,1896019.7578629,2017861.9109942,1847306.30625,1966675.88563869,131963.914700523,125995.898806276,231125.021036362,369034.174417462,536266.924074851,657289.633868069,476687.79933592,362635.330506537,307859.927571026,177131.170778176,141250.180789674,159272.825461486,134465.753116964,164355.481374551,383883.856954751,617469.973771501,511217.593110344,389111.307027115,406250.211194143,395255.899483305,426534.288429414,245249.459956451,TRUE,TRUE,FALSE,FALSE,FALSE,FALSE,FALSE,FALSE,FALSE,FALSE,FALSE,FALSE,FALSE,FALSE,FALSE,TRUE,FALSE,FALSE,FALSE,FALSE,FALSE,FALSE,FALSE,FALSE,FALSE,FALSE,FALSE,FALSE,FALSE,FALSE,FALSE,TRUE,TRUE,FALSE,FALSE,FALSE,FALSE,FALSE,FALSE,FALSE,FALSE,FALSE,FALSE,FALSE,FALSE,FALSE,FALSE,FALSE,TRUE,FALSE,FALSE,FALSE,FALSE,FALSE,FALSE,FALSE,FALSE,FALSE,FALSE,FALSE,FALSE,FALSE,FALSE,FALSE,FALSE,FALSE,FALSE,FALSE,FALSE,FALSE,FALSE,FALSE,FALSE,FALSE,FALSE,FALSE,FALSE,FALSE,FALSE,FALSE,FALSE,FALSE,FALSE,FALSE,FALSE,FALSE,FALSE,FALSE,FALSE,FALSE,FALSE,FALSE,FALSE,FALSE,FALSE,FALSE,FALSE,FALSE,FALSE,FALSE,FALSE,FALSE,FALSE,FALSE,FALSE,FALSE,FALSE,FALSE,FALSE,FALSE,FALSE,FALSE,FALSE,FALSE
"28 Before",2023-02-28 11:07:44.76,"2023-02-28","11H 7M 44.76S","Before","Aurora","V0333","Flow Core",2055,468,768,975,622,446,616,538,646,370,492,494,737,1262,867,1612,233,233,393,484,357,250,293,244,331,521,348,408,342,321,325,443,764,468,675,675,181,181,1235,543,558,551,557,341,643,541,855,569,358,489,848,762,164,266,328,252,200,269,468,190,-22.15,0,21.425,41.825,0.76,0.88,1.08,0.69,13.76,6.3,4.36,4.65,4.14,4.1,4.08,4.14,4.18,4,4.13,4.46,5.38,6.13,5.55,7.49,5.12,3.06,2.11,2.14,2.1,1.88,1.86,1.79,1.78,1.75,1.89,1.81,1.86,2.17,2.39,3.74,5.22,7.54,4.61,3.51,3.89,3.16,3.29,3.11,2.85,2.62,2.69,2.32,2.44,2.61,2.66,2.83,2.65,2.89,3.82,4.47,2.82,3.05,2.89,2.4,2.11,2.4,2.58,2.55,9741.94032090339,88472.8697677603,205907.794983103,248200.871877044,365289.569691294,609091.102803454,891132.138979652,504768.409130375,581794.733221127,667568.569098611,323296.097730425,158990.952830668,113049.458597381,159605.217539879,130965.17684107,108174.689554873,1947751.59659091,1960888.25295925,505215.046008758,1173299.068872,1312539.87938823,1258384.76303629,1127924.54736213,812784.589157656,900127.437997231,814039.833916252,1009463.1921757,1751376.50731116,794802.090176294,398298.092117138,302417.349045073,323994.174211719,304854.339408392,165014.341226503,2117737.89727273,2140998.32343839,1936584.84295455,1958555.93519659,128344.656713842,121564.30026072,231044.161705999,370766.154179737,559988.141266735,672121.422819693,459145.944547284,356239.893449856,293273.195775699,160132.762304623,124062.548338244,133154.416652395,109863.550512464,135986.588812144,353417.699245197,591635.230394823,486109.615906069,373087.47843897,394631.160251308,372555.486153724,380364.598188011,207909.145185855,TRUE,TRUE,FALSE,FALSE,FALSE,FALSE,FALSE,FALSE,FALSE,FALSE,FALSE,FALSE,FALSE,TRUE,FALSE,TRUE,FALSE,FALSE,FALSE,FALSE,FALSE,FALSE,FALSE,FALSE,FALSE,FALSE,FALSE,FALSE,FALSE,FALSE,FALSE,FALSE,TRUE,FALSE,FALSE,FALSE,FALSE,FALSE,FALSE,FALSE,FALSE,FALSE,FALSE,FALSE,FALSE,FALSE,FALSE,FALSE,FALSE,FALSE,FALSE,FALSE,FALSE,FALSE,FALSE,FALSE,FALSE,TRUE,FALSE,FALSE,FALSE,FALSE,FALSE,FALSE,FALSE,FALSE,FALSE,FALSE,FALSE,FALSE,FALSE,FALSE,FALSE,FALSE,FALSE,FALSE,FALSE,FALSE,FALSE,FALSE,FALSE,FALSE,FALSE,FALSE,FALSE,FALSE,FALSE,FALSE,FALSE,FALSE,FALSE,FALSE,FALSE,FALSE,FALSE,FALSE,FALSE,FALSE,FALSE,FALSE,FALSE,FALSE,FALSE,FALSE,FALSE,FALSE,FALSE,FALSE,FALSE,FALSE,FALSE,FALSE,FALSE,FALSE
"27 After",2023-02-27 15:20:10.32,"2023-02-27","15H 20M 10.32S","After","Aurora","V0333","Flow Core",2055,468,768,975,622,446,616,538,646,370,492,494,737,1262,867,1612,233,233,393,484,357,250,293,244,331,521,348,408,342,321,325,443,764,468,675,675,181,181,1235,543,558,551,557,341,643,541,855,569,358,489,848,762,164,266,328,252,200,269,468,190,-22.15,0,21.425,41.825,0.76,0.88,1.08,0.69,12.27,8.13,4.53,4.31,3.81,3.74,3.72,3.83,3.78,3.7,3.76,3.93,4.89,6.29,6.13,9.33,4.46,2.56,2.25,2.24,2.25,2.11,2.13,2.03,2.02,2.03,2.18,2.02,2.04,2.1,2.5,4.36,6.41,8.26,3.63,2.95,3.47,2.25,3.17,3,2.9,2.61,2.7,2.33,2.34,2.4,2.54,2.76,2.85,3.46,4.63,6.35,2.22,2.54,2.21,2.02,1.75,2.46,2.4,3.8,10234.6291935943,81067.0828818645,208836.991789849,258134.133548475,373971.290919184,620728.389270213,917601.662806516,518519.230130992,594973.613640691,665203.912346931,335954.573472795,165819.374403524,124852.047006565,184458.480520064,141190.823246201,123450.970002051,1932321.87630579,1934684.16425876,467430.613410986,1106208.80729563,1295420.46511879,1309411.82259695,1256581.60009865,903089.403150109,984765.132310743,820038.272217612,953220.191006009,1594320.59697543,734369.491646682,371551.147892743,288504.219047907,320981.835919233,303955.594212229,170302.004686487,1996238.69764957,2014509.8134441,1976863.75664767,1988822.06071417,129123.635397484,122695.966096928,229496.385914242,362704.826858809,535876.34242408,647617.279190933,461188.540671416,354493.054509667,294603.452048964,160852.863856252,124440.937138232,133709.41253062,109887.156366483,134261.721649106,391413.453514927,619113.891495506,512618.120535639,392673.603467353,408049.73510018,379516.227461292,393252.965664007,211261.851997905,TRUE,TRUE,FALSE,FALSE,FALSE,FALSE,FALSE,FALSE,FALSE,FALSE,FALSE,FALSE,FALSE,TRUE,TRUE,TRUE,FALSE,FALSE,FALSE,FALSE,FALSE,FALSE,FALSE,FALSE,FALSE,FALSE,FALSE,FALSE,FALSE,FALSE,FALSE,TRUE,TRUE,FALSE,FALSE,FALSE,FALSE,FALSE,FALSE,FALSE,FALSE,FALSE,FALSE,FALSE,FALSE,FALSE,FALSE,FALSE,TRUE,FALSE,FALSE,FALSE,FALSE,FALSE,FALSE,FALSE,FALSE,TRUE,FALSE,FALSE,FALSE,FALSE,FALSE,FALSE,FALSE,FALSE,FALSE,FALSE,FALSE,FALSE,FALSE,FALSE,FALSE,FALSE,FALSE,FALSE,FALSE,FALSE,FALSE,FALSE,FALSE,FALSE,FALSE,FALSE,FALSE,FALSE,FALSE,FALSE,FALSE,FALSE,FALSE,FALSE,FALSE,FALSE,FALSE,FALSE,FALSE,FALSE,FALSE,FALSE,FALSE,FALSE,FALSE,FALSE,FALSE,FALSE,FALSE,FALSE,FALSE,FALSE,FALSE,FALSE,FALSE,FALSE
"27 Before",2023-02-27 15:11:20.96,"2023-02-27","15H 11M 20.96S","Before","Aurora","V0333","Flow Core",1843,450,734,939,608,430,597,521,632,362,469,470,680,1123,794,1389,228,228,350,428,323,240,313,267,366,538,349,384,299,278,288,411,728,471,651,651,179,179,1226,546,560,551,557,347,643,537,848,572,359,491,852,776,160,262,325,249,199,270,469,191,-22.175,0,21.35,41.8,0.77,0.88,1.08,0.69,13.5,8.23,4.36,4.36,3.68,3.56,3.6,3.67,3.75,3.62,3.65,3.84,4.78,5.8,5.76,8.17,4.4,2.46,2.36,2.39,2.44,2.31,2.36,2.24,2.23,2.22,2.32,2.14,2.16,2.23,2.61,4.47,6.61,8.27,3.29,2.77,3.22,2.16,2.89,2.69,2.56,2.29,2.4,2.05,2.11,2.18,2.28,2.41,2.51,3.07,4.3,5.97,2.3,2.49,2.21,1.97,1.65,2.31,2.2,3.58,9527.24502656776,78823.39552282,198631.931565795,247063.640780919,357316.376437832,589886.113211586,879572.736841486,491529.270574528,585729.872863498,660323.898187103,317994.451599722,155886.948445474,112824.898158277,160044.112925138,127954.037478226,104258.226833292,1920707.53368959,1928467.86758686,424039.005112894,1003958.67668536,1219372.62961048,1307024.30084676,1380485.33891721,1025649.99730474,1104079.13369486,849538.906846859,978391.918082343,1533612.21580435,639113.651479179,322420.090126398,255554.672929772,304793.372855912,294150.251847593,176266.895550504,1954649.54240242,1982211.05066553,1987815.54333178,1988225.94189764,129932.225973103,125209.172166695,230712.758441307,368071.437145447,551278.572755327,683570.990508858,460510.765937071,347865.174339069,292736.57225978,162916.728312167,124227.38655191,134538.156575244,111045.939321961,137194.771219361,353606.087031722,585504.454864169,488465.165793904,371884.673981713,398279.257119169,377307.196948299,392994.281717772,211164.535953519,TRUE,TRUE,FALSE,FALSE,FALSE,FALSE,FALSE,FALSE,FALSE,FALSE,FALSE,FALSE,FALSE,FALSE,FALSE,TRUE,FALSE,FALSE,FALSE,FALSE,FALSE,FALSE,FALSE,FALSE,FALSE,FALSE,FALSE,FALSE,FALSE,FALSE,FALSE,TRUE,TRUE,FALSE,FALSE,FALSE,FALSE,FALSE,FALSE,FALSE,FALSE,FALSE,FALSE,FALSE,FALSE,FALSE,FALSE,FALSE,FALSE,FALSE,FALSE,FALSE,FALSE,FALSE,FALSE,FALSE,FALSE,FALSE,FALSE,FALSE,FALSE,FALSE,FALSE,FALSE,FALSE,FALSE,FALSE,FALSE,FALSE,FALSE,FALSE,FALSE,FALSE,FALSE,FALSE,FALSE,FALSE,FALSE,FALSE,FALSE,FALSE,FALSE,FALSE,FALSE,FALSE,FALSE,FALSE,FALSE,FALSE,FALSE,FALSE,FALSE,FALSE,FALSE,FALSE,FALSE,FALSE,FALSE,FALSE,FALSE,FALSE,FALSE,FALSE,FALSE,FALSE,FALSE,FALSE,FALSE,FALSE,FALSE,FALSE,FALSE,FALSE,FALSE
"24 After",2023-02-24 11:19:54.6,"2023-02-24","11H 19M 54.6S","After","Aurora","V0333","Flow Core",1843,450,734,939,608,430,597,521,632,362,469,470,680,1123,794,1389,228,228,350,428,323,240,313,267,366,538,349,384,299,278,288,411,728,471,651,651,179,179,1226,546,560,551,557,347,643,537,848,572,359,491,852,776,160,262,325,249,199,270,469,191,-22.175,0,21.35,41.8,0.77,0.88,1.08,0.69,11.71,8.52,4.63,4.37,3.86,3.75,3.73,3.86,3.89,3.82,3.75,3.99,4.64,5.53,5.88,8.37,4.38,2.49,2.52,2.5,2.52,2.38,2.29,2.15,2.18,2.16,2.23,2.07,2.07,2.1,2.51,4.28,6.29,7.65,2.93,2.64,3.11,1.9,3.43,3.3,3.06,2.78,2.8,2.46,2.49,2.6,2.7,2.88,3.07,3.76,4.95,6.74,2.18,2.46,2.17,1.93,1.7,2.4,2.31,3.56,8134.68823719759,74327.3421009196,189058.534541777,233935.896400636,343026.670929935,569254.96074809,841512.299176692,471509.797035113,550847.981984727,617687.160338329,303545.689118803,148961.354900953,102862.974992747,138154.125950484,114631.179164299,86435.4351289534,1915809.41852397,1911638.14547697,460693.562218932,1091897.6532188,1282301.98156766,1295800.54894936,1236210.41126657,898298.947957441,972076.893129509,798516.733797432,932082.014047931,1549670.85656686,721559.946277789,368069.738025415,285060.771661459,316730.203617606,300299.646123679,168549.595992274,1990156.42619849,2007719.19527308,1948619.34934819,1946656.39051249,126586.818345645,121753.439858389,224828.426846603,355351.322730556,523462.266356662,646177.287220376,452553.008972561,342076.276182995,288599.211278601,160935.201330681,121710.784003205,131271.188240573,108003.256713509,132372.154099352,383489.95514139,612283.208720853,512989.524201682,387475.535001871,403164.499475211,375947.199210461,389591.170302728,208221.422284271,TRUE,TRUE,FALSE,FALSE,FALSE,FALSE,FALSE,FALSE,FALSE,FALSE,FALSE,FALSE,FALSE,FALSE,FALSE,TRUE,FALSE,FALSE,FALSE,FALSE,FALSE,FALSE,FALSE,FALSE,FALSE,FALSE,FALSE,FALSE,FALSE,FALSE,FALSE,TRUE,TRUE,FALSE,FALSE,FALSE,FALSE,FALSE,FALSE,FALSE,FALSE,FALSE,FALSE,FALSE,FALSE,FALSE,FALSE,FALSE,TRUE,FALSE,FALSE,FALSE,FALSE,FALSE,FALSE,FALSE,FALSE,FALSE,FALSE,FALSE,FALSE,FALSE,FALSE,FALSE,FALSE,FALSE,FALSE,FALSE,FALSE,FALSE,FALSE,FALSE,FALSE,FALSE,FALSE,FALSE,FALSE,FALSE,FALSE,FALSE,FALSE,FALSE,FALSE,FALSE,FALSE,FALSE,FALSE,FALSE,FALSE,FALSE,FALSE,FALSE,FALSE,FALSE,FALSE,FALSE,FALSE,FALSE,FALSE,FALSE,FALSE,FALSE,FALSE,FALSE,FALSE,FALSE,FALSE,FALSE,FALSE,FALSE,FALSE,FALSE,FALSE,FALSE
"24 Before",2023-02-24 11:10:24.49,"2023-02-24","11H 10M 24.49S","Before","Aurora","V0333","Flow Core",2081,468,761,982,617,443,614,532,654,369,493,497,743,1299,874,1643,234,234,355,437,336,251,318,268,366,536,341,379,309,289,303,429,755,479,650,650,178,178,1223,551,563,550,550,342,642,534,857,575,361,492,850,763,166,271,330,254,202,270,469,189,-22.175,0,21.35,41.75,0.76,0.88,1.08,0.69,13.95,8.29,4.64,4.59,3.95,3.82,3.98,3.98,4.12,3.86,4.03,4.23,5.58,7.3,6.41,9.54,4.54,2.52,2.68,2.65,2.65,2.46,2.42,2.26,2.29,2.24,2.34,2.17,2.14,2.16,2.65,4.51,6.65,8.15,2.9,2.55,2.96,1.72,3.34,3.21,2.98,2.68,2.76,2.39,2.38,2.49,2.62,2.83,3.06,3.81,5.09,7.02,2.16,2.39,2.1,1.92,1.68,2.39,2.34,3.81,9882.22946897163,78986.8000524869,206444.909356902,258667.148202609,363918.129576197,607965.325436432,909432.705371726,505356.517063368,597384.291069717,657506.942844141,332266.526697799,163522.978815723,122071.853076626,179126.767982048,136217.232285504,115548.945500707,1973530.56766055,1924056.25121697,465929.550767849,1096666.45015141,1306814.10023763,1330828.23191146,1245586.30261109,893080.788347208,972682.626881031,802728.531447041,914593.822329774,1530092.90957271,739658.950226961,373974.238309847,292442.521081385,321405.26985205,305530.485439515,168391.116022576,1995778.88844871,2005004.13466219,1961270.36926606,1951727.97620087,127711.625601882,122715.268565077,226757.913132367,358106.24685587,519464.318353235,643903.148586857,455423.223320306,343830.790580151,290162.486327357,161988.324889407,123318.634790043,132334.1434173,108555.996476726,131379.995064286,401542.828156722,627233.404413622,519727.614480018,397148.827500125,411488.94346231,379345.605541241,394099.056909695,208472.773215272,TRUE,TRUE,FALSE,FALSE,FALSE,FALSE,FALSE,FALSE,FALSE,FALSE,FALSE,FALSE,FALSE,TRUE,TRUE,TRUE,FALSE,FALSE,FALSE,FALSE,FALSE,FALSE,FALSE,FALSE,FALSE,FALSE,FALSE,FALSE,FALSE,FALSE,FALSE,TRUE,TRUE,FALSE,FALSE,FALSE,FALSE,FALSE,FALSE,FALSE,FALSE,FALSE,FALSE,FALSE,FALSE,FALSE,FALSE,FALSE,TRUE,FALSE,FALSE,FALSE,FALSE,FALSE,FALSE,FALSE,FALSE,TRUE,FALSE,FALSE,FALSE,FALSE,FALSE,FALSE,FALSE,FALSE,FALSE,FALSE,FALSE,FALSE,FALSE,FALSE,FALSE,FALSE,FALSE,FALSE,FALSE,FALSE,FALSE,FALSE,FALSE,FALSE,FALSE,FALSE,FALSE,FALSE,FALSE,FALSE,FALSE,FALSE,FALSE,FALSE,FALSE,FALSE,FALSE,FALSE,FALSE,FALSE,FALSE,FALSE,FALSE,FALSE,FALSE,FALSE,FALSE,FALSE,FALSE,FALSE,FALSE,FALSE,FALSE,FALSE,FALSE,FALSE
"23 After",2023-02-23 12:28:17.95,"2023-02-23","12H 28M 17.95S","After","Aurora","V0333","Flow Core",2081,468,761,982,617,443,614,532,654,369,493,497,743,1299,874,1643,234,234,355,437,336,251,318,268,366,536,341,379,309,289,303,429,755,479,650,650,178,178,1223,551,563,550,550,342,642,534,857,575,361,492,850,763,166,271,330,254,202,270,469,189,-22.175,0,21.35,41.75,0.76,0.88,1.08,0.69,11.63,8.29,4.54,4.42,3.89,3.78,3.8,3.88,3.85,3.76,3.73,3.93,4.75,5.82,5.68,8.28,4.42,2.49,2.54,2.43,2.41,2.24,2.18,2.04,2.07,2.03,2.18,2.03,1.98,2,2.36,4.09,6.1,7.73,3.65,3.37,3.63,2.76,4.05,3.96,3.78,3.49,3.45,3.08,3.08,3.15,3.37,3.5,3.74,4.52,5.56,7.52,2.14,2.39,2.08,1.85,1.61,2.29,2.21,3.31,10082.1324542003,80784.5079797323,210858.745568386,265566.750039607,372764.522923336,620541.99262672,928299.736157977,516579.810642732,609541.335068298,670257.700607932,336911.07251502,165644.821731122,123943.539600939,181857.919724435,138976.557988688,118469.965823069,1956719.421,1957893.82713777,474213.001036727,1111862.32590018,1321271.33075107,1344017.13170741,1262223.76408812,912714.972354367,999006.011873447,825665.559866298,949148.368602064,1574421.2343297,753155.11618609,379833.926630992,296566.948746004,327035.995010613,312186.318649944,173124.186693961,2029223.7056,2058529.63948633,1969903.832,1989497.70155879,130225.184009914,124863.714567355,230440.124310679,365226.801141215,530340.102233875,657825.630710786,464474.512236653,350029.209282607,295040.892488526,164422.768154898,125460.824376392,134921.987801165,110918.758058106,134838.305589653,401603.080546983,631797.873231941,523984.693219884,400878.435918121,417553.58525271,386264.248906073,401973.814001396,213609.446219308,TRUE,TRUE,FALSE,FALSE,FALSE,FALSE,FALSE,FALSE,FALSE,FALSE,FALSE,FALSE,FALSE,FALSE,FALSE,TRUE,FALSE,FALSE,FALSE,FALSE,FALSE,FALSE,FALSE,FALSE,FALSE,FALSE,FALSE,FALSE,FALSE,FALSE,FALSE,TRUE,TRUE,FALSE,FALSE,FALSE,FALSE,FALSE,FALSE,FALSE,FALSE,FALSE,FALSE,FALSE,FALSE,FALSE,FALSE,FALSE,TRUE,FALSE,FALSE,FALSE,FALSE,FALSE,FALSE,FALSE,FALSE,TRUE,FALSE,FALSE,FALSE,FALSE,FALSE,FALSE,FALSE,FALSE,FALSE,FALSE,FALSE,FALSE,FALSE,FALSE,FALSE,FALSE,FALSE,FALSE,FALSE,FALSE,FALSE,FALSE,FALSE,FALSE,FALSE,FALSE,FALSE,FALSE,FALSE,FALSE,FALSE,FALSE,FALSE,FALSE,FALSE,FALSE,FALSE,FALSE,FALSE,FALSE,FALSE,FALSE,FALSE,FALSE,FALSE,FALSE,FALSE,FALSE,FALSE,FALSE,FALSE,FALSE,FALSE,FALSE,FALSE,FALSE
"23 Before",2023-02-23 12:20:13.22,"2023-02-23","12H 20M 13.22S","Before","Aurora","V0333","Flow Core",1946,471,773,984,640,453,633,548,664,382,492,499,725,1237,858,1564,233,233,381,459,332,237,292,258,366,582,388,424,311,277,277,387,693,451,652,652,179,179,1224,553,562,551,564,350,642,534,837,570,360,495,864,789,153,250,310,242,198,273,483,197,-22.175,0,21.375,41.8,0.76,0.88,1.08,0.69,20.64,8.04,4.34,4.16,3.67,3.59,3.57,3.62,3.65,3.68,3.56,3.8,4.05,4.63,5.07,7.3,4.56,2.83,2.81,2.71,2.72,2.57,2.49,2.38,2.39,2.39,2.5,2.36,2.35,2.38,2.78,4.49,6.54,8.08,4.29,4.02,3.76,3.13,4.69,4.57,4.39,4.08,3.99,3.64,3.64,3.7,3.9,4.02,4.2,5.01,6.31,8.35,2.64,2.78,2.52,2.29,2.03,2.61,2.56,3.81,9506.62093040015,81414.0495306942,213812.234908976,263864.261792079,383012.591793732,632238.79957313,949385.725485399,528061.904488202,625188.721596366,714035.454854093,335654.954296484,164521.807413288,119309.498933145,171024.792273033,135596.447743009,112640.698720772,1980606.05929038,1947512.7785198,494342.893648418,1127872.63841186,1247580.91569333,1211344.24970749,1143383.96544712,890342.829045598,1022612.44651226,939059.658667352,1140263.18743951,1854537.44355295,730790.776381224,349187.630868889,259543.100214798,287085.950839328,275482.815503838,160818.817847313,2033602.15266106,2032288.3170924,2031712.50315126,2019070.98084939,130480.73187951,125177.751217363,231309.757054178,371010.476320742,559247.381982818,700129.921093853,463962.250941248,349946.038774659,292715.043374989,159967.085446903,125376.50459355,135983.897442186,112284.430951751,140048.012784679,335207.357553729,557169.975845426,455936.875382081,362273.733772004,396510.664743069,383949.63198457,405224.663379398,218675.094578798,TRUE,TRUE,FALSE,FALSE,FALSE,FALSE,FALSE,FALSE,FALSE,FALSE,FALSE,FALSE,FALSE,FALSE,FALSE,TRUE,FALSE,FALSE,FALSE,FALSE,FALSE,FALSE,FALSE,FALSE,FALSE,FALSE,FALSE,FALSE,FALSE,FALSE,FALSE,TRUE,TRUE,FALSE,FALSE,FALSE,FALSE,FALSE,FALSE,FALSE,FALSE,FALSE,FALSE,FALSE,FALSE,FALSE,FALSE,TRUE,TRUE,FALSE,FALSE,FALSE,FALSE,FALSE,FALSE,FALSE,FALSE,FALSE,FALSE,FALSE,FALSE,FALSE,FALSE,FALSE,FALSE,FALSE,FALSE,FALSE,FALSE,FALSE,FALSE,FALSE,FALSE,FALSE,FALSE,FALSE,FALSE,FALSE,FALSE,FALSE,FALSE,FALSE,FALSE,FALSE,FALSE,FALSE,FALSE,FALSE,FALSE,FALSE,FALSE,FALSE,FALSE,FALSE,FALSE,FALSE,FALSE,FALSE,FALSE,FALSE,FALSE,FALSE,FALSE,FALSE,FALSE,FALSE,FALSE,FALSE,FALSE,FALSE,FALSE,FALSE,FALSE,FALSE
"22 Before",2023-02-22 09:31:03.75,"2023-02-22","9H 31M 3.75S","Before","Aurora","V0333","Flow Core",1946,471,773,984,640,453,633,548,664,382,492,499,725,1237,858,1564,233,233,381,459,332,237,292,258,366,582,388,424,311,277,277,387,693,451,652,652,179,179,1224,553,562,551,564,350,642,534,837,570,360,495,864,789,153,250,310,242,198,273,483,197,-22.175,0,21.375,41.8,0.76,0.88,1.08,0.69,12.96,9.87,6.36,6.46,5.81,5.61,5.74,5.74,5.75,5.49,5.66,5.79,7.24,8.83,8.5,11.5,4.59,3.69,3.44,3.27,3.24,3.15,3.28,3.26,3.35,3.43,3.51,3.43,3.21,3.08,3.22,4.6,6.36,8.12,3.07,3.08,3.18,3.05,3.81,3.67,3.52,3.28,3.43,3.18,3.23,3.27,3.38,3.43,3.48,4.04,5.07,6.74,3.4,3.51,3.27,3.09,2.91,3.33,3.23,4.24,9193.06965345152,79978.5586426319,203109.402078628,248772.221138942,364285.939919624,603664.882122399,901435.74997159,503115.954779089,592157.646514423,679466.749100781,320135.286178155,156913.079216598,112878.275960393,161124.048135926,128923.763008601,107143.338122538,2004541.47772197,1936558.38760765,447096.771298413,1056516.14163657,1232464.44647198,1266563.72691076,1264766.29176754,973638.624101775,1088882.03366308,919373.717419063,1067421.46501688,1682010.36295925,653821.776927669,318459.299662668,244734.126340406,284979.48322872,277300.910760961,167553.130549809,2009956.94394038,2001626.37829867,2024179.51830849,1989597.19975696,129958.206210661,125151.422821048,230330.251808371,369564.773417831,555143.145734703,694234.270430964,462298.696788251,348707.04980381,292620.450702237,159851.710109084,125137.559160049,135631.729353539,112102.905779569,139633.506249105,339035.790381437,559015.682266043,457619.242493923,363534.527677271,396548.773221679,383143.495520312,403986.111045385,218087.900708424,TRUE,TRUE,TRUE,TRUE,FALSE,FALSE,FALSE,FALSE,FALSE,FALSE,FALSE,FALSE,TRUE,TRUE,TRUE,TRUE,FALSE,FALSE,FALSE,FALSE,FALSE,FALSE,FALSE,FALSE,FALSE,FALSE,FALSE,FALSE,FALSE,FALSE,FALSE,TRUE,TRUE,FALSE,FALSE,FALSE,FALSE,FALSE,FALSE,FALSE,FALSE,FALSE,FALSE,FALSE,FALSE,FALSE,FALSE,FALSE,TRUE,FALSE,FALSE,FALSE,FALSE,FALSE,FALSE,FALSE,FALSE,FALSE,FALSE,FALSE,FALSE,FALSE,FALSE,FALSE,FALSE,FALSE,FALSE,FALSE,FALSE,FALSE,FALSE,FALSE,FALSE,FALSE,FALSE,FALSE,FALSE,FALSE,FALSE,FALSE,FALSE,FALSE,FALSE,FALSE,FALSE,FALSE,FALSE,FALSE,FALSE,FALSE,FALSE,FALSE,FALSE,FALSE,FALSE,FALSE,FALSE,FALSE,FALSE,FALSE,FALSE,FALSE,FALSE,FALSE,FALSE,FALSE,FALSE,FALSE,FALSE,FALSE,FALSE,FALSE,FALSE,FALSE
"17 After",2023-02-17 14:59:43.14,"2023-02-17","14H 59M 43.14S","After","Aurora","V0333","Flow Core",1946,471,773,984,640,453,633,548,664,382,492,499,725,1237,858,1564,233,233,381,459,332,237,292,258,366,582,388,424,311,277,277,387,693,451,652,652,179,179,1224,553,562,551,564,350,642,534,837,570,360,495,864,789,153,250,310,242,198,273,483,197,-22.175,0,21.375,41.8,0.76,0.88,1.08,0.69,66.98,77.56,42.08,32.75,29.13,27.49,26.84,26.64,25.85,24.71,25.35,28.45,33.94,44.08,51.52,62.53,33.49,27.43,24.67,24.01,23.63,23.35,23.73,23.29,23.77,24.7,23.87,24.57,26.31,29.39,35.95,46.74,55.62,68.9,43.51,28.68,22,15.45,24.33,23.89,22.61,20.99,20.27,18.02,18.05,19.72,22.16,25.79,30.02,36.13,45.57,54.7,17.2,19.15,17.82,17.42,17.19,24.86,27.51,39.39,5187.36833371079,43409.7467167734,115919.414772106,145667.002500586,211990.38240969,350701.264166074,527530.994299279,292976.233550478,339444.984454778,377612.988523964,185152.337952873,91023.8126599881,64818.1033220408,89393.4566687676,70551.2172126644,56595.8858148164,1091325.60359327,1094373.56703602,253695.14349899,607936.773993294,709859.341886625,720510.337944512,682537.231456334,507112.459066539,553740.766141978,462356.094464344,524310.0665123,876559.974132657,399999.309129214,203025.264292286,156098.336532687,171746.445452831,165989.268369189,93088.0888853628,1196730.34288991,1198166.01625111,1146614.22668196,1154984.20195644,73779.6211642058,71188.8742604566,131902.141362479,208548.043806904,305832.798792853,379864.24671699,265586.234577866,201953.734661765,170196.07968434,92012.8652303925,70500.2348909415,74982.2326159086,60732.6270546883,74549.4981200539,220694.764175776,348997.675481886,286712.741066311,221969.264937955,227578.828746033,209809.583345038,215736.073520796,113483.242423047,TRUE,TRUE,TRUE,TRUE,TRUE,TRUE,TRUE,TRUE,TRUE,TRUE,TRUE,TRUE,TRUE,TRUE,TRUE,TRUE,TRUE,TRUE,TRUE,TRUE,TRUE,TRUE,TRUE,TRUE,TRUE,TRUE,TRUE,TRUE,TRUE,TRUE,TRUE,TRUE,TRUE,TRUE,TRUE,TRUE,TRUE,TRUE,TRUE,TRUE,TRUE,TRUE,TRUE,TRUE,TRUE,TRUE,TRUE,TRUE,TRUE,TRUE,TRUE,TRUE,TRUE,TRUE,TRUE,TRUE,TRUE,FALSE,FALSE,FALSE,FALSE,FALSE,FALSE,FALSE,FALSE,FALSE,FALSE,FALSE,FALSE,FALSE,FALSE,FALSE,FALSE,FALSE,FALSE,FALSE,FALSE,FALSE,FALSE,FALSE,FALSE,FALSE,FALSE,FALSE,FALSE,FALSE,FALSE,FALSE,FALSE,FALSE,FALSE,FALSE,FALSE,FALSE,FALSE,FALSE,FALSE,FALSE,FALSE,FALSE,FALSE,FALSE,FALSE,FALSE,FALSE,FALSE,FALSE,FALSE,FALSE,FALSE,FALSE,FALSE,FALSE,FALSE
"17 Before",2023-02-17 14:54:17.25,"2023-02-17","14H 54M 17.25S","Before","Aurora","V0333","Flow Core",1748,432,707,894,579,416,576,501,612,353,466,468,667,1099,774,1353,241,241,399,477,343,240,289,250,354,577,394,446,368,335,330,443,746,459,685,685,191,191,1301,572,586,574,584,358,662,559,896,599,373,514,875,807,166,269,329,252,202,272,474,192,-22.625,0,21.375,42.1,0.73,0.85,1.08,0.7,11.16,8.19,4.9,4.73,4.31,4.13,4.06,4.11,3.96,3.88,3.84,4.04,4.56,5.41,5.91,8.05,4.41,2.5,2.26,2.38,2.43,2.35,2.38,2.18,2.16,2.13,2.19,2.03,2.06,2.1,2.54,4.24,6.22,7.59,2.98,2.61,2.94,1.98,3.44,3.33,3.13,2.84,2.84,2.52,2.45,2.55,2.7,2.84,3.06,3.74,4.94,6.88,2.02,2.25,1.93,1.78,1.59,2.24,2.14,3.38,9124.8319745011,75821.0801461766,192916.61194357,238992.140821978,349290.745966637,578868.613218935,869874.967979794,479752.028584429,565376.425005265,626678.394286682,319129.412020379,156739.320198576,113504.001430404,160699.595367098,126403.977595616,104262.514114251,2033994.48335913,1939729.13150332,472214.246413315,1117200.78537649,1297211.56631749,1295141.51682331,1191804.59557593,855021.155275142,933165.753057132,794121.74486944,931056.923815115,1627971.24568765,850477.531359788,437728.912944844,335287.506970955,352655.476629128,323639.598553788,168817.856779867,2121615.74100232,2046766.15604819,2152491.2942144,2072771.10450434,132088.631416095,126539.442701572,235212.614308428,370573.37297987,532999.90766903,659737.84488972,462114.374663944,356234.014128939,304498.110665378,167893.480060844,126187.960685562,135125.467669301,109339.818305191,134350.190371178,432734.812530008,674277.757047875,558632.743381589,415165.701482181,422670.760267582,385928.847545544,394949.950253318,210125.586087693,TRUE,TRUE,FALSE,FALSE,FALSE,FALSE,FALSE,FALSE,FALSE,FALSE,FALSE,FALSE,FALSE,FALSE,FALSE,TRUE,FALSE,FALSE,FALSE,FALSE,FALSE,FALSE,FALSE,FALSE,FALSE,FALSE,FALSE,FALSE,FALSE,FALSE,FALSE,TRUE,TRUE,FALSE,FALSE,FALSE,FALSE,FALSE,FALSE,FALSE,FALSE,FALSE,FALSE,FALSE,FALSE,FALSE,FALSE,FALSE,TRUE,FALSE,FALSE,FALSE,FALSE,FALSE,FALSE,FALSE,FALSE,FALSE,FALSE,FALSE,FALSE,FALSE,FALSE,FALSE,FALSE,FALSE,FALSE,FALSE,FALSE,FALSE,FALSE,FALSE,FALSE,FALSE,FALSE,FALSE,FALSE,FALSE,FALSE,FALSE,FALSE,FALSE,FALSE,FALSE,FALSE,FALSE,FALSE,FALSE,FALSE,FALSE,FALSE,FALSE,FALSE,FALSE,FALSE,FALSE,FALSE,FALSE,FALSE,FALSE,FALSE,FALSE,FALSE,FALSE,FALSE,FALSE,FALSE,FALSE,FALSE,FALSE,FALSE,FALSE,FALSE,FALSE
"16 After",2023-02-16 16:51:01.32,"2023-02-16","16H 51M 1.32S","After","Aurora","V0333","Flow Core",1748,432,707,894,579,416,576,501,612,353,466,468,667,1099,774,1353,241,241,399,477,343,240,289,250,354,577,394,446,368,335,330,443,746,459,685,685,191,191,1301,572,586,574,584,358,662,559,896,599,373,514,875,807,166,269,329,252,202,272,474,192,-22.625,0,21.375,42.1,0.73,0.85,1.08,0.7,11.92,8.9,5.09,4.83,4.38,4.21,4.17,4.24,4.18,4.03,4.04,4.28,5.3,6.56,6.72,9.31,4.49,2.61,2.44,2.36,2.32,2.12,2.09,1.96,1.96,1.97,2.12,1.98,1.93,2.01,2.36,4.01,5.97,7.82,2.9,2.53,3.27,2.36,2.5,2.19,1.91,1.79,2,1.75,1.81,1.87,1.94,2.11,2.14,2.58,3.7,5.04,2.23,2.47,2.2,1.99,1.74,2.43,2.38,3.65,8204.37530855584,73574.7563990441,185031.652498206,226385.232125602,337529.172769193,562794.366345769,838329.439942817,463669.900487218,541172.296079084,608900.508698502,303892.313029993,148859.753139341,102672.179909942,138721.755824198,115384.263919509,89658.0827035092,2003042.61281357,1933034.10649115,501980.343540528,1165163.85192885,1293140.10514644,1228761.80021882,1086881.90318285,805938.906853683,920124.60544263,848672.408027955,1024667.30740594,1773392.15247344,865201.478096755,426292.239502151,314038.497992992,324243.949243511,298748.359030221,159598.299016989,2069432.47413056,2035443.88384919,2059589.01460946,2011170.80578984,130821.997170362,125358.914936003,232830.349589742,367181.642559688,530257.789776235,656369.999007973,455071.288047836,349060.673426332,297728.469624844,165493.082025273,125191.252839319,134840.378102619,110007.328848497,136210.243703374,409223.684189049,638319.134795112,529716.543548826,400011.718815745,418236.605781769,388340.514665488,402912.086687102,216607.090380919,TRUE,TRUE,FALSE,FALSE,FALSE,FALSE,FALSE,FALSE,FALSE,FALSE,FALSE,FALSE,FALSE,TRUE,TRUE,TRUE,FALSE,FALSE,FALSE,FALSE,FALSE,FALSE,FALSE,FALSE,FALSE,FALSE,FALSE,FALSE,FALSE,FALSE,FALSE,FALSE,TRUE,FALSE,FALSE,FALSE,FALSE,FALSE,FALSE,FALSE,FALSE,FALSE,FALSE,FALSE,FALSE,FALSE,FALSE,FALSE,FALSE,FALSE,FALSE,FALSE,FALSE,FALSE,FALSE,FALSE,FALSE,FALSE,FALSE,FALSE,FALSE,FALSE,FALSE,FALSE,FALSE,FALSE,FALSE,FALSE,FALSE,FALSE,FALSE,FALSE,FALSE,FALSE,FALSE,FALSE,FALSE,FALSE,FALSE,FALSE,FALSE,FALSE,FALSE,FALSE,FALSE,FALSE,FALSE,FALSE,FALSE,FALSE,FALSE,FALSE,FALSE,FALSE,FALSE,FALSE,FALSE,FALSE,FALSE,FALSE,FALSE,FALSE,FALSE,FALSE,FALSE,FALSE,FALSE,FALSE,FALSE,FALSE,FALSE,FALSE,FALSE,FALSE
"16 Before",2023-02-16 16:47:19.14,"2023-02-16","16H 47M 19.14S","Before","Aurora","V0333","Flow Core",1748,432,707,894,579,416,576,501,612,353,466,468,667,1099,774,1353,241,241,399,477,343,240,289,250,354,577,394,446,368,335,330,443,746,459,685,685,191,191,1301,572,586,574,584,358,662,559,896,599,373,514,875,807,166,269,329,252,202,272,474,192,-22.625,0,21.375,42.1,0.73,0.85,1.08,0.7,251.98,249.81,200.3,247.56,268.8,204.42,151.5,221.81,230.02,212.15,257.18,405.23,521.15,380.23,341.75,355.9,147.57,147.9,162.68,186.39,209.08,201.22,177.55,172.61,171.21,167.89,172.37,163.89,183.67,229.49,215.67,259.48,217.96,386.38,65.09,77.73,147.58,148.11,256.4,272.24,286.49,297.25,322.8,254.3,278.09,409.05,412.67,345.82,607.84,403.96,479.46,357.29,354.24,559.4,346.02,391.4,503.23,613.17,319.05,462.71,189.025763614153,262.48252052831,291.453036088888,278.280795037976,344.067114782209,519.600085926894,1590.99695993025,473.886896729068,405.411270200423,279.374223099343,134.209163695574,80.8605697777218,66.8391568924754,86.413870382586,81.2711676598168,83.0965567417825,246221.316025641,277631.869187149,1205.74731411351,1121.1739921852,1110.78914996338,810.425025974921,749.651681189545,648.967606965252,903.702982149063,771.858941155271,574.402237883401,677.606666790427,441.79032127393,255.48326989552,238.15355359547,196.423879371612,205.610770607229,102.465437735464,370994.247435897,420883.762125651,236358.787820513,271980.232517743,174.409338487608,154.958773488599,201.069937547662,166.794347297598,152.177932313696,129.595684755336,186.595257110884,94.6644026504758,102.862243051235,81.2679574413368,58.6263014276154,69.8428987583671,67.0306565389706,86.3180208623791,107.636906373654,98.1194275674816,118.181149330238,110.03361480621,84.839170163674,68.9786208838129,108.580080876194,69.6259391372594,TRUE,TRUE,TRUE,TRUE,TRUE,TRUE,TRUE,TRUE,TRUE,TRUE,TRUE,TRUE,TRUE,TRUE,TRUE,TRUE,TRUE,TRUE,TRUE,TRUE,TRUE,TRUE,TRUE,TRUE,TRUE,TRUE,TRUE,TRUE,TRUE,TRUE,TRUE,TRUE,TRUE,TRUE,TRUE,TRUE,TRUE,TRUE,TRUE,TRUE,TRUE,TRUE,TRUE,TRUE,TRUE,TRUE,TRUE,TRUE,TRUE,TRUE,TRUE,TRUE,TRUE,TRUE,TRUE,TRUE,TRUE,FALSE,FALSE,FALSE,FALSE,FALSE,FALSE,FALSE,FALSE,FALSE,FALSE,FALSE,FALSE,FALSE,FALSE,FALSE,FALSE,FALSE,FALSE,FALSE,FALSE,FALSE,FALSE,FALSE,FALSE,FALSE,FALSE,FALSE,FALSE,FALSE,FALSE,FALSE,FALSE,FALSE,FALSE,FALSE,FALSE,FALSE,FALSE,FALSE,FALSE,FALSE,FALSE,FALSE,FALSE,FALSE,FALSE,FALSE,FALSE,FALSE,FALSE,FALSE,FALSE,FALSE,FALSE,FALSE,FALSE,FALSE
"14 after",2023-02-14 11:19:17.5,"2023-02-14","11H 19M 17.5S","After","Aurora","V0333","Flow Core",1748,432,707,894,579,416,576,501,612,353,466,468,667,1099,774,1353,241,241,399,477,343,240,289,250,354,577,394,446,368,335,330,443,746,459,685,685,191,191,1301,572,586,574,584,358,662,559,896,599,373,514,875,807,166,269,329,252,202,272,474,192,-22.625,0,21.375,42.1,0.73,0.85,1.08,0.7,11.67,9.49,5.68,5.32,4.79,4.63,4.56,4.65,4.63,4.54,4.48,4.67,5.38,6.49,6.64,9.58,4.61,3.12,2.6,2.63,2.64,2.53,2.51,2.38,2.38,2.41,2.61,2.55,2.34,2.55,2.56,3.87,5.77,8.03,2.82,2.64,4.04,3.16,3.07,2.87,2.85,2.62,2.72,2.47,2.43,2.72,2.83,2.92,3.01,3.64,4.61,6.21,3.54,4.3,4.03,3.42,2.29,2.9,3.02,4.45,9298.06361474534,77321.8945404036,193956.040832266,238683.2594811,351693.645949653,584888.663398339,875092.134225683,484851.349426077,567573.722311284,634034.349510767,315629.637689963,154660.718291904,110315.414010963,155090.101373076,125471.016332171,101181.470866737,1947017.72572038,1928071.20233906,464394.445878605,1119199.15203546,1308934.89091011,1320214.54245816,1235841.120758,900367.369922129,987525.355864499,816102.432328205,939962.684305663,1557573.28896677,735126.711541921,373224.647375271,288384.811495003,321854.101465251,305701.206227031,170934.804731683,2003070.04495731,2017890.32637459,2012099.71024546,2005721.84865364,129101.081780943,124236.139819821,230458.700580348,366611.159161767,529233.502291991,657486.863764655,450404.258039743,347842.786469344,296297.171894652,164375.461851687,124320.363874437,133703.52919803,109629.014847319,133951.860080234,398349.005165252,629816.033627062,522170.487899711,393738.729197196,410745.347451987,380277.021020962,393650.935443556,211027.622956472,TRUE,TRUE,FALSE,FALSE,FALSE,FALSE,FALSE,FALSE,FALSE,FALSE,FALSE,FALSE,FALSE,TRUE,TRUE,TRUE,FALSE,FALSE,FALSE,FALSE,FALSE,FALSE,FALSE,FALSE,FALSE,FALSE,FALSE,FALSE,FALSE,FALSE,FALSE,FALSE,TRUE,FALSE,FALSE,FALSE,FALSE,FALSE,FALSE,FALSE,FALSE,FALSE,FALSE,FALSE,FALSE,FALSE,FALSE,FALSE,TRUE,FALSE,FALSE,FALSE,FALSE,FALSE,FALSE,FALSE,FALSE,FALSE,FALSE,FALSE,FALSE,FALSE,FALSE,FALSE,FALSE,FALSE,FALSE,FALSE,FALSE,FALSE,FALSE,FALSE,FALSE,FALSE,FALSE,FALSE,FALSE,FALSE,FALSE,FALSE,FALSE,FALSE,FALSE,FALSE,FALSE,FALSE,FALSE,FALSE,FALSE,FALSE,FALSE,FALSE,FALSE,FALSE,FALSE,FALSE,FALSE,FALSE,FALSE,FALSE,FALSE,FALSE,FALSE,FALSE,FALSE,FALSE,FALSE,FALSE,FALSE,FALSE,FALSE,FALSE,FALSE,FALSE
"14 Before",2023-02-14 10:13:37.84,"2023-02-14","10H 13M 37.84S","Before","Aurora","V0333","Flow Core",2584,447,702,930,604,425,594,502,630,361,474,476,714,1231,839,1563,280,280,401,481,344,241,286,247,344,561,385,442,359,327,329,440,752,466,650,650,199,199,1341,573,594,564,578,354,654,540,873,623,384,489,831,785,149,246,301,231,178,248,443,190,-22.575,0,21.35,42,0.74,0.86,1.1,0.7,14.02,9.73,5.66,5.46,4.86,4.73,4.65,4.66,4.79,4.46,4.69,4.95,6.61,8.79,8.14,12.13,5.29,3.21,2.87,2.94,3.03,2.95,3.01,2.89,2.95,2.88,2.89,2.74,2.71,2.64,2.83,4.31,6.4,8.9,3.31,2.97,3.82,2.38,3.88,3.87,3.65,3.32,3.33,2.89,2.87,3.02,3.14,3.4,3.76,4.39,5.77,8.04,2.49,2.74,2.38,2.21,1.82,2.51,2.41,3.92,12049.9919743435,76281.2266349343,187225.442049446,240221.68580593,354694.970979463,574720.171369665,867024.076070812,461504.44728413,567373.241756196,634754.270179936,304238.989152228,148477.301323794,112213.46756082,165321.518355543,128129.683381942,109793.868609793,2235798.07568359,2197502.16754349,470189.964995025,1120756.84103603,1304770.8626276,1298987.2781685,1176791.65171,847318.29206679,901009.019181986,754693.505383682,904955.042518785,1530811.63122498,695814.793589562,352184.283609882,280191.972124708,315672.4685149,303514.09363487,173166.346189481,1918693.21679688,1912345.25813293,2081923.91552734,2062397.6600951,131203.240925942,122220.480461659,224925.411458702,355049.128737914,531833.25724949,653202.372552931,436170.322259494,324543.898038335,277375.377537421,164877.127905608,123713.15549141,124388.415192491,100637.702357566,128369.66937097,323624.813067384,533117.924148647,436207.533802008,340877.561299149,351333.079864597,342050.505109888,365910.258196421,207802.65671954,TRUE,TRUE,FALSE,FALSE,FALSE,FALSE,FALSE,FALSE,FALSE,FALSE,FALSE,FALSE,TRUE,TRUE,TRUE,TRUE,FALSE,FALSE,FALSE,FALSE,FALSE,FALSE,FALSE,FALSE,FALSE,FALSE,FALSE,FALSE,FALSE,FALSE,FALSE,TRUE,TRUE,FALSE,FALSE,FALSE,FALSE,FALSE,FALSE,FALSE,FALSE,FALSE,FALSE,FALSE,FALSE,FALSE,FALSE,FALSE,TRUE,FALSE,FALSE,FALSE,FALSE,FALSE,FALSE,FALSE,FALSE,TRUE,FALSE,FALSE,FALSE,FALSE,FALSE,FALSE,FALSE,FALSE,FALSE,FALSE,FALSE,FALSE,FALSE,FALSE,FALSE,FALSE,FALSE,FALSE,FALSE,FALSE,FALSE,FALSE,FALSE,FALSE,FALSE,FALSE,FALSE,FALSE,FALSE,FALSE,FALSE,FALSE,FALSE,FALSE,FALSE,FALSE,FALSE,FALSE,FALSE,FALSE,FALSE,FALSE,FALSE,FALSE,FALSE,FALSE,FALSE,FALSE,FALSE,FALSE,FALSE,FALSE,FALSE,FALSE,FALSE,FALSE
"after.3",2023-02-10 11:08:10.59,"2023-02-10","11H 8M 10.59S","After","Aurora","V0333","Flow Core",1466,352,643,820,525,376,517,458,548,318,420,416,595,992,707,1223,200,200,311,380,293,219,273,230,306,450,294,324,270,256,262,365,635,394,571,571,158,158,1078,488,496,486,484,306,566,477,743,507,316,425,727,636,172,281,345,265,209,278,489,197,-23.25,0,21.275,42.1,0.91,1.02,1.02,0.8,12.02,6.11,4.43,4.68,4.29,4.16,4.13,4.25,4.23,4.1,4.11,4.33,5.02,6.22,6.42,8.22,3.82,2.15,2.52,2.26,2.23,2.14,2.25,2.08,2.12,2.15,2.3,2.12,2.07,2.13,2.04,1.8,2.13,4.11,2.63,2.48,4.84,3.32,3.02,2.79,2.67,2.38,2.53,2.16,2.11,2.19,2.34,2.39,2.36,2.51,3.04,3.65,2.24,2.29,2.08,1.97,1.7,2.46,2.2,3.48,8210.86239368089,77658.4554952698,195880.702777332,239303.097871972,350669.910866202,590447.726449767,876082.010389921,491480.558733158,565056.292370019,646031.891157993,316143.451376307,155807.054685804,107061.841794807,144409.853417685,119484.965296427,91738.5737963424,1975984.7714,1983710.19905979,478474.345117317,1123644.03240054,1329865.85912112,1346171.65603665,1275882.29959115,935661.571259678,1020102.13377958,847653.320498958,983966.79763972,1604379.72070347,758416.845611294,382319.993884335,294910.234523664,328771.904199938,312434.105069567,173215.91084045,2041727.28855,2068730.52077871,2002213.79465,2011194.80277298,131148.815710926,125810.946897128,232277.518168706,368779.870155093,537096.452889994,675863.952271504,468448.72615391,357225.807803191,301949.622153855,165615.886230107,126598.296813117,137265.359397076,112403.755715077,137498.706112928,398344.917923833,636979.711206793,530604.012044351,398871.692615043,416795.476911189,387888.25984403,402511.433595268,214542.662437966,TRUE,TRUE,FALSE,FALSE,FALSE,FALSE,FALSE,FALSE,FALSE,FALSE,FALSE,FALSE,FALSE,TRUE,TRUE,TRUE,FALSE,FALSE,FALSE,FALSE,FALSE,FALSE,FALSE,FALSE,FALSE,FALSE,FALSE,FALSE,FALSE,FALSE,FALSE,FALSE,FALSE,FALSE,FALSE,FALSE,FALSE,FALSE,FALSE,FALSE,FALSE,FALSE,FALSE,FALSE,FALSE,FALSE,FALSE,FALSE,FALSE,FALSE,FALSE,FALSE,FALSE,FALSE,FALSE,FALSE,FALSE,FALSE,FALSE,FALSE,FALSE,FALSE,FALSE,FALSE,FALSE,FALSE,FALSE,FALSE,FALSE,FALSE,FALSE,FALSE,FALSE,FALSE,FALSE,FALSE,FALSE,FALSE,FALSE,FALSE,FALSE,FALSE,FALSE,FALSE,FALSE,FALSE,FALSE,FALSE,FALSE,FALSE,FALSE,FALSE,FALSE,FALSE,FALSE,FALSE,FALSE,FALSE,FALSE,FALSE,FALSE,FALSE,FALSE,FALSE,FALSE,FALSE,FALSE,FALSE,FALSE,FALSE,FALSE,FALSE,FALSE,FALSE
"after.2",2023-02-10 11:05:52.05,"2023-02-10","11H 5M 52.05S","After","Aurora","V0333","Flow Core",1466,352,643,820,525,376,517,458,548,318,420,416,595,992,707,1223,200,200,311,380,293,219,273,230,306,450,294,324,270,256,262,365,635,394,571,571,158,158,1078,488,496,486,484,306,566,477,743,507,316,425,727,636,172,281,345,265,209,278,489,197,-23.25,0,21.275,42.1,0.91,1.02,1.02,0.8,13.46,5.89,4.45,4.77,4.27,4.21,4.15,4.24,4.16,4.07,4.02,4.16,4.63,5.36,5.97,7.34,3.83,2.16,2.55,2.25,2.23,2.09,2.2,2.02,2.04,2.09,2.29,2.09,2.03,2.1,2.01,1.8,2.11,4.05,2.66,2.5,4.85,3.32,3.02,2.79,2.65,2.4,2.57,2.18,2.16,2.21,2.34,2.38,2.41,2.47,3.03,3.74,2.3,2.34,2.12,2.01,1.74,2.44,2.19,3.47,9200.84183504896,80920.194585627,205171.994848349,253109.807477961,365440.443910331,611378.940579086,913671.040014221,511325.176055443,592192.467005286,668242.13834349,329195.403665993,162458.528240572,116599.68145309,164896.969487794,131213.745358364,107227.113929811,1978360.4311,1985307.71063848,478754.193201127,1124627.32970931,1331103.57101297,1347158.09370875,1277239.3919859,935605.301229719,1019984.24756667,848156.767747006,986521.414515792,1610430.90581295,757974.084421859,381979.009277167,294650.465950935,328815.926138356,312615.890395672,173587.759217794,2045557.81505,2070977.9508293,2005695.41605,2013106.7386498,131265.602519518,125901.899891413,232273.865149303,369013.913092917,537951.212599359,677015.54261513,467775.502406571,356833.458357942,301368.272556538,165239.926475195,126463.721319015,137119.239388895,112353.747637553,137536.544809634,395030.933267678,633549.614779067,527660.741260045,396925.020530689,415801.564158669,387599.418499643,402476.062031988,214739.813457622,TRUE,FALSE,FALSE,FALSE,FALSE,FALSE,FALSE,FALSE,FALSE,FALSE,FALSE,FALSE,FALSE,FALSE,FALSE,TRUE,FALSE,FALSE,FALSE,FALSE,FALSE,FALSE,FALSE,FALSE,FALSE,FALSE,FALSE,FALSE,FALSE,FALSE,FALSE,FALSE,FALSE,FALSE,FALSE,FALSE,FALSE,FALSE,FALSE,FALSE,FALSE,FALSE,FALSE,FALSE,FALSE,FALSE,FALSE,FALSE,FALSE,FALSE,FALSE,FALSE,FALSE,FALSE,FALSE,FALSE,FALSE,FALSE,FALSE,FALSE,FALSE,FALSE,FALSE,FALSE,FALSE,FALSE,FALSE,FALSE,FALSE,FALSE,FALSE,FALSE,FALSE,FALSE,FALSE,FALSE,FALSE,FALSE,FALSE,FALSE,FALSE,FALSE,FALSE,FALSE,FALSE,FALSE,FALSE,FALSE,FALSE,FALSE,FALSE,FALSE,FALSE,FALSE,FALSE,FALSE,FALSE,FALSE,FALSE,FALSE,FALSE,FALSE,FALSE,FALSE,FALSE,FALSE,FALSE,FALSE,FALSE,FALSE,FALSE,FALSE,FALSE,FALSE
"After",2023-02-10 11:04:02.9,"2023-02-10","11H 4M 2.9S","After","Aurora","V0333","Flow Core",1466,352,643,820,525,376,517,458,548,318,420,416,595,992,707,1223,200,200,311,380,293,219,273,230,306,450,294,324,270,256,262,365,635,394,571,571,158,158,1078,488,496,486,484,306,566,477,743,507,316,425,727,636,172,281,345,265,209,278,489,197,-23.25,0,21.275,42.1,0.91,1.02,1.02,0.8,11.01,6.12,4.55,4.81,4.36,4.29,4.27,4.37,4.3,4.21,4.25,4.46,5.21,6.33,6.48,8.34,3.68,2.08,2.48,2.26,2.25,2.16,2.26,2.09,2.12,2.14,2.3,2.11,2.05,2.13,2.02,1.8,2.18,4.16,2.58,2.46,4.83,3.32,2.92,2.66,2.53,2.26,2.46,2.09,2.09,2.14,2.29,2.35,2.33,2.46,3.06,3.59,2.3,2.33,2.13,2.01,1.75,2.45,2.24,3.49,8168.37175371707,77456.7764523806,195619.351419738,238935.772192249,350326.028611339,590049.667522473,875259.348540748,490395.749402737,564136.37223229,644046.287639841,315187.82460547,155488.667567969,106583.621947614,143398.340886692,118641.608412401,90952.2508856586,1970429.97972567,1979214.1969824,478517.945699899,1124923.90007788,1331810.31856505,1347652.77626578,1277524.88863083,935344.956472173,1019915.80070603,847099.474446632,981645.122726976,1601792.24974026,758055.267835956,382390.545072236,295096.9175255,328804.583776101,312522.825177014,173144.391757403,2047413.04380256,2074262.72390228,1999413.03524229,2007848.59525466,131024.82101719,125615.494369035,231577.35304125,367405.512081071,534377.228055057,672235.290652372,466718.287614822,355870.839564159,300715.014336593,164997.277077715,126169.740397558,136816.83357715,112012.53632679,137027.249931155,398139.712236577,635838.199134471,529842.211565532,398405.707407866,416303.505169531,387583.079286346,402351.027561396,214425.043085862,TRUE,TRUE,FALSE,FALSE,FALSE,FALSE,FALSE,FALSE,FALSE,FALSE,FALSE,FALSE,FALSE,TRUE,TRUE,TRUE,FALSE,FALSE,FALSE,FALSE,FALSE,FALSE,FALSE,FALSE,FALSE,FALSE,FALSE,FALSE,FALSE,FALSE,FALSE,FALSE,FALSE,FALSE,FALSE,FALSE,FALSE,FALSE,FALSE,FALSE,FALSE,FALSE,FALSE,FALSE,FALSE,FALSE,FALSE,FALSE,FALSE,FALSE,FALSE,FALSE,FALSE,FALSE,FALSE,FALSE,FALSE,FALSE,FALSE,FALSE,FALSE,FALSE,FALSE,FALSE,FALSE,FALSE,FALSE,FALSE,FALSE,FALSE,FALSE,FALSE,FALSE,FALSE,FALSE,FALSE,FALSE,FALSE,FALSE,FALSE,FALSE,FALSE,FALSE,FALSE,FALSE,FALSE,FALSE,FALSE,FALSE,FALSE,FALSE,FALSE,FALSE,FALSE,FALSE,FALSE,FALSE,FALSE,FALSE,FALSE,FALSE,FALSE,FALSE,FALSE,FALSE,FALSE,FALSE,FALSE,FALSE,FALSE,FALSE,FALSE,FALSE,FALSE
"10 Before",2023-02-10 10:40:12.41,"2023-02-10","10H 40M 12.41S","Before","Aurora","V0333","Flow Core",1621,357,652,828,534,378,525,455,552,319,419,418,621,1083,751,1357,198,198,342,409,298,209,244,207,280,449,306,355,298,278,281,371,639,381,574,574,157,157,1083,484,490,484,489,307,566,472,744,507,315,426,724,636,170,276,342,264,209,279,493,199,-23.125,0,21.225,41.975,0.92,1.02,1.02,0.81,12.84,6.2,4.69,4.98,4.48,4.3,4.31,4.32,4.36,4.17,4.2,4.43,5.25,6.5,6.59,8.35,3.49,1.99,2.52,2.35,2.35,2.26,2.37,2.22,2.26,2.27,2.36,2.15,2.13,2.19,2.1,1.83,2.14,4.2,2.52,2.38,4.8,3.26,2.84,2.62,2.46,2.19,2.41,2.03,2.02,2.1,2.25,2.31,2.28,2.46,3,3.66,2.37,2.45,2.24,2.09,1.78,2.48,2.37,3.81,9690.77471059635,81030.2626348178,205551.776964847,252568.867973283,371435.590632202,606981.181319748,915164.045697898,499847.375596452,587883.904263471,674006.925267646,326676.142800717,161061.938384408,116973.613204009,169499.769752089,133217.560602298,111781.236472079,1959731.98889154,2000107.42411294,531508.193142708,1235821.66539181,1374767.25896448,1305839.77500013,1158536.68350049,855465.042659356,944646.495438716,864235.053941324,1044898.13348122,1815682.44523089,856691.38374324,427345.352962834,320230.046293946,340981.004901377,318816.294140327,169805.3513043,2068692.87016245,2098766.11690662,1987218.35750119,2005109.88295393,131582.832255936,126042.528076086,231894.379202077,370614.665560638,551287.210610575,683714.216861906,467534.848147095,351119.913948123,300883.553100048,165374.920258382,126699.308767901,137432.131472423,112586.398573662,137350.673385563,381673.65225773,610679.035245502,513521.392248386,392177.597219996,413995.094141758,387736.863282659,406759.470531011,215607.387809256,TRUE,TRUE,FALSE,FALSE,FALSE,FALSE,FALSE,FALSE,FALSE,FALSE,FALSE,FALSE,FALSE,TRUE,TRUE,TRUE,FALSE,FALSE,FALSE,FALSE,FALSE,FALSE,FALSE,FALSE,FALSE,FALSE,FALSE,FALSE,FALSE,FALSE,FALSE,FALSE,FALSE,FALSE,FALSE,FALSE,FALSE,FALSE,FALSE,FALSE,FALSE,FALSE,FALSE,FALSE,FALSE,FALSE,FALSE,FALSE,FALSE,FALSE,FALSE,FALSE,FALSE,FALSE,FALSE,FALSE,FALSE,FALSE,FALSE,FALSE,FALSE,FALSE,FALSE,FALSE,FALSE,FALSE,FALSE,FALSE,FALSE,FALSE,FALSE,FALSE,FALSE,FALSE,FALSE,FALSE,FALSE,FALSE,FALSE,FALSE,FALSE,FALSE,FALSE,FALSE,FALSE,FALSE,FALSE,FALSE,FALSE,FALSE,FALSE,FALSE,FALSE,FALSE,FALSE,FALSE,FALSE,FALSE,FALSE,FALSE,FALSE,FALSE,FALSE,FALSE,FALSE,FALSE,FALSE,FALSE,FALSE,FALSE,FALSE,FALSE,FALSE,FALSE
"09 After",2023-02-09 10:17:22.21,"2023-02-09","10H 17M 22.21S","After","Aurora","V0333","Flow Core",1621,357,652,828,534,378,525,455,552,319,419,418,621,1083,751,1357,198,198,342,409,298,209,244,207,280,449,306,355,298,278,281,371,639,381,574,574,157,157,1083,484,490,484,489,307,566,472,744,507,315,426,724,636,170,276,342,264,209,279,493,199,-23.125,0,21.225,41.975,0.92,1.02,1.02,0.81,10.68,5.88,4.17,4.32,3.94,3.83,3.81,3.84,3.71,3.56,3.58,3.71,4.17,5.24,5.79,7.53,3.9,2.26,2.16,2.13,2.2,2.15,2.41,2.2,2.27,2.29,2.53,2.24,2.2,2.25,2.09,1.85,2.28,4.59,2.51,2.29,4.99,3.22,2.79,2.45,2.31,2.03,2.19,1.86,1.87,1.95,2.05,2.11,2.1,2.26,2.86,3.48,2.33,2.36,2.11,2.01,1.84,2.63,2.37,3.83,10230.1839819079,82759.8668509852,212541.464590709,263930.753567213,382712.676082631,621399.686394776,939430.497951994,513409.817058352,601152.814915219,679069.682782832,337915.934912227,167098.706478346,124810.809474675,186219.219052735,142431.675797496,124551.431347041,1947693.36059078,1972392.58755107,470957.062111089,1123446.51773978,1320647.87268182,1337221.3625196,1272207.92310528,935171.81285229,1007597.40711411,841145.803302841,966617.919209076,1613566.5390581,752273.576438319,381927.022191521,294856.658667812,328750.83956637,311485.184813382,173261.115187862,2028869.06898415,2059574.22091068,1965550.60896974,1979902.13346284,131164.066470174,125464.119676561,230979.234553436,364882.994434608,536495.424415553,664577.326892465,464967.483948197,348735.45929673,300331.149817319,164491.179928106,125270.318122266,135515.89496463,110965.711783676,135665.677771102,400944.054920447,627094.439124935,528152.531219035,401407.390443763,415683.441456147,386079.578073896,402849.165907728,213824.457530717,TRUE,FALSE,FALSE,FALSE,FALSE,FALSE,FALSE,FALSE,FALSE,FALSE,FALSE,FALSE,FALSE,FALSE,FALSE,TRUE,FALSE,FALSE,FALSE,FALSE,FALSE,FALSE,FALSE,FALSE,FALSE,FALSE,FALSE,FALSE,FALSE,FALSE,FALSE,FALSE,FALSE,FALSE,FALSE,FALSE,FALSE,FALSE,FALSE,FALSE,FALSE,FALSE,FALSE,FALSE,FALSE,FALSE,FALSE,FALSE,FALSE,FALSE,FALSE,FALSE,FALSE,FALSE,FALSE,FALSE,FALSE,FALSE,FALSE,FALSE,FALSE,FALSE,FALSE,FALSE,FALSE,FALSE,FALSE,FALSE,FALSE,FALSE,FALSE,FALSE,FALSE,FALSE,FALSE,FALSE,FALSE,FALSE,FALSE,FALSE,FALSE,FALSE,FALSE,FALSE,FALSE,FALSE,FALSE,FALSE,FALSE,FALSE,FALSE,FALSE,FALSE,FALSE,FALSE,FALSE,FALSE,FALSE,FALSE,FALSE,FALSE,FALSE,FALSE,FALSE,FALSE,FALSE,FALSE,FALSE,FALSE,FALSE,FALSE,FALSE,FALSE,FALSE
"09 Before",2023-02-09 10:08:24.4,"2023-02-09","10H 8M 24.4S","Before","Aurora","V0333","Flow Core",1585,357,662,851,535,380,530,457,553,316,419,414,612,1046,735,1307,198,198,343,409,300,211,247,207,282,450,302,349,298,278,283,374,641,383,575,575,162,162,1083,487,500,488,486,305,572,484,749,511,319,431,736,647,173,282,344,265,209,278,487,197,-23.25,0,21.175,41.95,0.91,1.01,1.03,0.81,11.32,6.21,4.36,4.68,4.21,4.02,4.01,4.05,4.06,3.93,3.85,4.11,4.71,5.74,6.31,7.82,3.67,2.17,1.98,1.92,2,1.97,2.29,2.03,2.12,2.15,2.35,2.09,2,2.07,1.98,1.83,2.34,4.89,2.43,2.23,4.69,3.08,2.76,2.53,2.34,2.11,2.3,1.96,1.91,1.97,2.09,2.21,2.14,2.39,3,3.7,2.28,2.33,2.11,1.98,1.71,2.53,2.32,3.97,10082.5613860023,81257.9136780416,207859.174096874,262538.596547671,375844.779774487,620120.348643947,925647.234589097,513659.070967194,603628.638074266,665706.220599915,334261.819705167,164862.301434826,121876.544473997,174963.13803696,136630.247802347,116221.62153838,1968214.61260776,1938837.57870658,468438.472956665,1119621.0257383,1338531.28277465,1365949.38228082,1280675.79211149,923971.706272823,996334.226536047,812373.314167415,919612.783871194,1536014.08079635,731628.59556187,373277.43372038,292865.452883383,327267.730400489,311715.715865156,172334.871836779,2048792.25448994,2044653.19180333,2083917.09554598,2052774.23117072,129882.096429143,124249.275792728,231904.84484303,366245.28567161,530203.803590091,649232.772425788,459567.948399411,355647.782063747,296375.894842134,165412.993361463,125280.170620676,135242.549312601,111230.282662256,135435.96875596,412315.44644209,646268.879413126,532020.310128845,404895.883804896,419533.061096717,388134.895942045,401417.465131445,212770.667894942,TRUE,TRUE,FALSE,FALSE,FALSE,FALSE,FALSE,FALSE,FALSE,FALSE,FALSE,FALSE,FALSE,FALSE,TRUE,TRUE,FALSE,FALSE,FALSE,FALSE,FALSE,FALSE,FALSE,FALSE,FALSE,FALSE,FALSE,FALSE,FALSE,FALSE,FALSE,FALSE,FALSE,FALSE,FALSE,FALSE,FALSE,FALSE,FALSE,FALSE,FALSE,FALSE,FALSE,FALSE,FALSE,FALSE,FALSE,FALSE,FALSE,FALSE,FALSE,FALSE,FALSE,FALSE,FALSE,FALSE,FALSE,FALSE,FALSE,FALSE,FALSE,FALSE,FALSE,FALSE,FALSE,FALSE,FALSE,FALSE,FALSE,FALSE,FALSE,FALSE,FALSE,FALSE,FALSE,FALSE,FALSE,FALSE,FALSE,FALSE,FALSE,FALSE,FALSE,FALSE,FALSE,FALSE,FALSE,FALSE,FALSE,FALSE,FALSE,FALSE,FALSE,FALSE,FALSE,FALSE,FALSE,FALSE,FALSE,FALSE,FALSE,FALSE,FALSE,FALSE,FALSE,FALSE,FALSE,FALSE,FALSE,FALSE,FALSE,FALSE,FALSE,FALSE
"Tube_019",2023-02-08 12:06:12.08,"2023-02-08","12H 6M 12.08S","Unknown","Aurora","V0333","Flow Core",1932,343,600,806,514,366,508,434,533,310,415,406,601,1028,714,1267,227,227,344,400,288,205,241,206,282,462,318,370,307,283,283,369,627,374,542,542,175,175,1115,497,512,494,494,312,578,481,743,556,337,426,713,645,169,272,330,258,193,264,468,198,-23.275,0,21.2,42.025,0.91,1.02,1.04,0.81,11.55,7.33,4.38,4.61,4.18,4.08,3.95,4.02,3.92,3.85,3.81,4.06,4.52,5.8,6.64,8.43,4.99,3.05,2.59,2.57,2.66,2.66,2.95,2.75,2.8,2.68,2.93,2.54,2.44,2.47,2.33,2.17,2.25,4.49,2.58,2.34,6.71,4.89,2.66,2.39,2.19,1.96,2.16,1.8,1.81,1.93,2.12,2.19,2.17,2.45,2.93,3.89,2.63,2.76,2.49,2.34,2.09,3.11,3.06,4.83,11732.9060220389,76781.2659540863,190485.863100879,245181.338527629,358032.584996498,588992.847674959,885680.125660876,485193.481474437,575842.476674268,656606.070508313,324949.146148015,157315.271391626,115583.086401412,164989.994104387,129151.126792449,106241.894758094,2245672.60196429,2263726.96657664,472534.810211742,1084411.36373906,1264754.87946649,1284574.03297585,1242523.29805237,919134.912039739,1010698.85707176,866789.730643897,1026901.74294481,1702435.99050639,760872.053795601,379832.536036809,291597.56735105,321413.438596533,303244.819948095,167820.431455765,1910142.385,1934393.49725446,2095110.53910714,2117589.76274843,133643.969786155,128497.087688726,239118.21827122,369607.07740572,550612.911108007,681018.16267191,466241.829194049,355028.962594975,295645.710607476,177512.617897525,133398.088233273,134089.958467689,108210.062797307,135066.557013843,374423.893313546,595490.177261175,489109.245831163,380799.407889897,382676.112348976,364077.691981115,385299.119964047,214632.209276623,TRUE,TRUE,FALSE,FALSE,FALSE,FALSE,FALSE,FALSE,FALSE,FALSE,FALSE,FALSE,FALSE,FALSE,TRUE,TRUE,FALSE,FALSE,FALSE,FALSE,FALSE,FALSE,FALSE,FALSE,FALSE,FALSE,FALSE,FALSE,FALSE,FALSE,FALSE,FALSE,FALSE,FALSE,FALSE,FALSE,FALSE,FALSE,FALSE,FALSE,FALSE,FALSE,FALSE,FALSE,FALSE,FALSE,FALSE,FALSE,FALSE,FALSE,FALSE,FALSE,FALSE,FALSE,FALSE,FALSE,FALSE,FALSE,FALSE,FALSE,FALSE,FALSE,FALSE,FALSE,FALSE,FALSE,FALSE,FALSE,FALSE,FALSE,FALSE,FALSE,FALSE,FALSE,FALSE,FALSE,FALSE,FALSE,FALSE,FALSE,FALSE,FALSE,FALSE,FALSE,FALSE,FALSE,FALSE,FALSE,FALSE,FALSE,FALSE,FALSE,FALSE,FALSE,FALSE,FALSE,FALSE,FALSE,FALSE,FALSE,FALSE,FALSE,FALSE,FALSE,FALSE,FALSE,FALSE,FALSE,FALSE,FALSE,FALSE,FALSE,FALSE,FALSE
"07 Before",2023-02-07 10:15:51.44,"2023-02-07","10H 15M 51.44S","Before","Aurora","V0333","Flow Core",1932,343,600,806,514,366,508,434,533,310,415,406,601,1028,714,1267,227,227,344,400,288,205,241,206,282,462,318,370,307,283,283,369,627,374,542,542,175,175,1115,497,512,494,494,312,578,481,743,556,337,426,713,645,169,272,330,258,193,264,468,198,-23.275,0,21.2,42.025,0.91,1.02,1.04,0.81,11.5,5.81,4.02,4.27,3.88,3.84,3.78,3.83,3.8,3.79,3.71,3.93,4.55,5.73,6.2,8.02,3.76,2.38,2.15,2.08,2.12,2.05,2.29,2.04,2.05,2.05,2.3,2.11,2.02,2.1,2.01,1.9,2.51,5.48,3.52,3.42,4.36,3.01,2.44,2.07,1.84,1.66,1.95,1.69,1.8,1.87,2,2.07,1.97,2.22,2.66,2.97,2.27,2.34,2.11,1.95,1.67,2.37,2.14,3.53,12216.8854422957,79925.9585342996,196833.887486472,254425.457811338,368471.449007083,601367.077479429,908754.782358036,496754.332701348,593068.631401359,675282.210699067,335709.22987185,162974.547366495,121015.238149808,174497.981794634,134745.41762334,113775.050642019,2363461.77252082,2292207.98018213,524257.655465223,1234608.74476643,1418644.44500946,1392081.30221922,1232459.90999985,860113.552203034,913282.372405558,766610.79075469,917591.389483662,1573210.54181539,757789.700655707,392702.561317157,312862.327899355,355496.511027692,335989.024250542,185116.955637888,1955055.9071726,1942830.87736526,2277169.8428274,2244249.10259356,137276.136667849,131618.4787993,247141.672345991,382016.51272798,570231.607934066,702205.40519924,481418.754901723,365714.796051505,304771.833157649,183290.709677977,137155.835136014,138031.11141207,111469.018129432,140918.588023374,389519.304385356,617711.519835521,506487.33402482,395181.920534412,396851.591265909,379597.342969292,399872.384401843,223152.67965145,TRUE,FALSE,FALSE,FALSE,FALSE,FALSE,FALSE,FALSE,FALSE,FALSE,FALSE,FALSE,FALSE,FALSE,TRUE,TRUE,FALSE,FALSE,FALSE,FALSE,FALSE,FALSE,FALSE,FALSE,FALSE,FALSE,FALSE,FALSE,FALSE,FALSE,FALSE,FALSE,FALSE,FALSE,FALSE,FALSE,FALSE,FALSE,FALSE,FALSE,FALSE,FALSE,FALSE,FALSE,FALSE,FALSE,FALSE,FALSE,FALSE,FALSE,FALSE,FALSE,FALSE,FALSE,FALSE,FALSE,FALSE,FALSE,FALSE,FALSE,FALSE,FALSE,FALSE,FALSE,FALSE,FALSE,FALSE,FALSE,FALSE,FALSE,FALSE,FALSE,FALSE,FALSE,FALSE,FALSE,FALSE,FALSE,FALSE,FALSE,FALSE,FALSE,FALSE,FALSE,FALSE,FALSE,FALSE,FALSE,FALSE,FALSE,FALSE,FALSE,FALSE,FALSE,FALSE,FALSE,FALSE,FALSE,FALSE,FALSE,FALSE,FALSE,FALSE,FALSE,FALSE,FALSE,FALSE,FALSE,FALSE,FALSE,FALSE,FALSE,FALSE,FALSE
"After Engineer",2023-02-06 13:48:18.41,"2023-02-06","13H 48M 18.41S","After","Aurora","V0333","Flow Core",1932,343,600,806,514,366,508,434,533,310,415,406,601,1028,714,1267,227,227,344,400,288,205,241,206,282,462,318,370,307,283,283,369,627,374,542,542,175,175,1115,497,512,494,494,312,578,481,743,556,337,426,713,645,169,272,330,258,193,264,468,198,-23.275,0,21.2,42.025,0.91,1.02,1.04,0.81,25.17,12.82,11.11,12.55,11.64,11.83,11.14,11.72,11.26,11.56,11.56,11.23,11.67,12.59,13.74,18.38,10.05,6.89,5.02,4.56,4.66,4.63,5.03,4.81,4.89,4.89,5.44,5.15,4.75,4.97,4.8,4.49,5.45,11.08,5.14,4.78,11.38,7.85,6.43,6.46,5.17,4.78,5.19,4.4,4.37,4.58,5.21,5.62,5.18,5.34,6.85,7.47,5.48,5.37,4.94,4.96,4.42,5.84,5.47,7.45,7693.64490900205,55498.5375696019,131391.77238453,166799.072836917,244313.346192915,402535.371245361,602014.260437749,330155.617323194,384018.618688553,433246.897371139,220748.084196508,107881.093688632,76636.5615912888,107630.979413351,89505.6860792409,70953.929198728,1574004.91755319,1620440.8728669,328804.342592915,761582.324051664,893162.577025058,909723.061349668,877021.814423429,640931.686094969,700522.755408532,588283.820014336,676466.990695846,1120442.04630123,529041.588071483,267981.128529513,205705.352072989,227422.537726391,214054.76262515,119069.289379514,1431647.99202128,1477761.99902344,1466338.86170213,1503689.70726399,92173.5169857246,88607.4776757155,166227.520673917,254796.897064523,373392.00870453,458667.118386502,327824.96538715,251499.143809327,210187.063592937,125371.236804543,93537.1698713889,93949.4328364238,75698.8254118156,95011.0073874586,294084.844489444,457981.004370204,375125.028641535,285975.179538454,273458.033474376,255158.634679226,265412.324315864,148709.64707166,TRUE,TRUE,TRUE,TRUE,TRUE,TRUE,TRUE,TRUE,TRUE,TRUE,TRUE,TRUE,TRUE,TRUE,TRUE,TRUE,FALSE,FALSE,FALSE,FALSE,FALSE,FALSE,FALSE,FALSE,FALSE,FALSE,FALSE,FALSE,FALSE,FALSE,FALSE,FALSE,TRUE,FALSE,FALSE,TRUE,TRUE,FALSE,FALSE,FALSE,FALSE,FALSE,FALSE,FALSE,FALSE,FALSE,FALSE,TRUE,TRUE,FALSE,FALSE,FALSE,FALSE,FALSE,FALSE,FALSE,TRUE,FALSE,FALSE,FALSE,FALSE,FALSE,FALSE,FALSE,FALSE,FALSE,FALSE,FALSE,FALSE,FALSE,FALSE,FALSE,FALSE,FALSE,FALSE,FALSE,FALSE,FALSE,FALSE,FALSE,FALSE,FALSE,FALSE,FALSE,FALSE,FALSE,FALSE,FALSE,FALSE,FALSE,FALSE,FALSE,FALSE,FALSE,FALSE,FALSE,FALSE,FALSE,FALSE,FALSE,FALSE,FALSE,FALSE,FALSE,FALSE,FALSE,FALSE,FALSE,FALSE,FALSE,FALSE,FALSE,FALSE,FALSE
"06 After",2023-02-06 09:33:23.81,"2023-02-06","9H 33M 23.81S","After","Aurora","V0333","Flow Core",1652,372,662,844,541,384,532,462,558,322,422,422,616,1068,763,1359,192,192,296,350,261,194,244,217,307,499,333,371,291,262,254,329,564,339,564,564,152,152,1070,478,484,472,473,297,550,463,719,496,310,419,714,631,173,282,344,269,212,283,499,205,-23.075,0,21.25,41.975,0.94,1.03,0.99,0.8,11.53,6.6,4.62,4.84,4.46,4.32,4.27,4.32,4.22,4.08,4.1,4.38,5.2,6.47,7.07,8.62,3.52,2.16,2.31,2.34,2.45,2.44,2.68,2.45,2.47,2.42,2.53,2.34,2.35,2.41,2.28,1.97,2.69,5.83,2.65,2.5,4.23,2.81,2.59,2.29,2.1,1.87,2.08,1.8,1.86,1.91,2.02,2.09,2.03,2.28,2.82,3.73,2.38,2.44,2.24,2.11,1.92,2.81,2.8,5.07,8972.28262177333,79654.2008729079,197193.618188606,246734.337518099,358445.568206993,598139.030531762,889531.51036076,493743.372280095,571273.344712339,654434.087106446,321895.564182369,158870.274332007,109722.520505438,151155.944559417,123654.140732233,98511.9654431252,1985157.8255457,2023971.21006511,475819.40361536,1140418.67976942,1346782.86645188,1377576.68949093,1304962.80579094,956011.210499771,1039234.02182807,860667.309385542,998381.419217134,1630021.48186441,763979.584747773,383974.236548647,297436.977461858,329554.084202955,313334.734108398,176138.604085787,2044103.12193042,2079241.61086016,1996398.63130969,2017900.53717068,135621.326307652,128167.937980167,236264.273717826,368102.845248197,544358.806293086,671174.050125123,466412.803265468,355055.826223108,297388.124954713,166608.081679458,127526.814424261,137737.263735127,112929.214634509,137622.189917711,402684.381395007,636739.839474659,523930.067723257,402544.863070354,420726.26806329,391982.752154102,407581.554334747,217857.836439536,TRUE,TRUE,FALSE,FALSE,FALSE,FALSE,FALSE,FALSE,FALSE,FALSE,FALSE,FALSE,FALSE,TRUE,TRUE,TRUE,FALSE,FALSE,FALSE,FALSE,FALSE,FALSE,FALSE,FALSE,FALSE,FALSE,FALSE,FALSE,FALSE,FALSE,FALSE,FALSE,FALSE,FALSE,FALSE,FALSE,FALSE,FALSE,FALSE,FALSE,FALSE,FALSE,FALSE,FALSE,FALSE,FALSE,FALSE,FALSE,FALSE,FALSE,FALSE,FALSE,FALSE,FALSE,FALSE,FALSE,FALSE,FALSE,FALSE,FALSE,FALSE,FALSE,FALSE,FALSE,FALSE,FALSE,FALSE,FALSE,FALSE,FALSE,FALSE,FALSE,FALSE,FALSE,FALSE,FALSE,FALSE,FALSE,FALSE,FALSE,FALSE,FALSE,FALSE,FALSE,FALSE,FALSE,FALSE,FALSE,FALSE,FALSE,FALSE,FALSE,FALSE,FALSE,FALSE,FALSE,FALSE,FALSE,FALSE,FALSE,FALSE,FALSE,FALSE,FALSE,FALSE,FALSE,FALSE,FALSE,FALSE,FALSE,FALSE,FALSE,FALSE,FALSE
"06 Before",2023-02-06 09:26:38.83,"2023-02-06","9H 26M 38.83S","Before","Aurora","V0333","Flow Core",1690,371,688,880,549,389,547,473,572,323,429,431,649,1158,801,1499,190,190,317,367,268,194,235,208,291,479,322,366,297,270,265,345,595,350,566,566,152,152,1067,475,483,474,467,296,554,464,730,491,310,417,710,629,176,284,347,270,212,282,497,202,-23.175,0,21.25,41.97499,0.93,1.03,1,0.8,10.65,5.41,4.84,5.19,4.68,4.53,4.51,4.51,4.44,4.22,4.22,4.44,5.34,6.68,6.86,8.35,4.15,3.28,1.94,1.91,1.97,1.89,1.93,1.83,1.81,1.79,1.91,1.82,1.78,1.91,2.05,3.13,5.23,9.27,3.1,2.91,2.64,1.94,3.04,2.82,2.65,2.35,2.49,2.13,2.16,2.13,2.26,2.33,2.32,2.54,3.64,5.46,2.12,2.16,2.01,1.84,1.53,1.99,2.16,4.63,10851.5344172693,84680.9821702558,215254.815584473,268624.723197943,373730.415259437,621261.119202637,931782.051246608,515191.710766498,612369.337754915,673976.397060032,337131.282554698,166503.473436976,126690.030713174,191617.774363919,146373.047606262,132201.890281663,2079992.62576635,2010792.34136695,526946.827838668,1188213.5033187,1338450.27123444,1293419.36029065,1155155.04158505,834392.022290335,915641.562465836,788656.630115133,940385.514603572,1593007.30785227,788400.801218707,401901.008912926,316982.156894724,350161.40434613,325650.978369458,175559.760689492,2121512.39262602,2094803.96975084,2124278.46934605,2064232.9245919,136080.817654007,126190.282093674,236894.354647727,373519.913326403,538950.81032699,671903.095656463,464729.897404833,353246.580554773,302583.726861413,162570.174976689,126709.105789617,136319.837356738,110925.526226904,136389.609253162,413269.518053983,639418.527767966,533263.37170654,411971.702853585,428154.519944501,400735.770514922,412593.635005994,218776.555015236,TRUE,FALSE,FALSE,FALSE,FALSE,FALSE,FALSE,FALSE,FALSE,FALSE,FALSE,FALSE,FALSE,TRUE,TRUE,TRUE,FALSE,FALSE,FALSE,FALSE,FALSE,FALSE,FALSE,FALSE,FALSE,FALSE,FALSE,FALSE,FALSE,FALSE,FALSE,FALSE,TRUE,FALSE,FALSE,FALSE,FALSE,FALSE,FALSE,FALSE,FALSE,FALSE,FALSE,FALSE,FALSE,FALSE,FALSE,FALSE,FALSE,FALSE,FALSE,FALSE,FALSE,FALSE,FALSE,FALSE,FALSE,FALSE,FALSE,FALSE,FALSE,FALSE,FALSE,FALSE,FALSE,FALSE,FALSE,FALSE,FALSE,FALSE,FALSE,FALSE,FALSE,FALSE,FALSE,FALSE,FALSE,FALSE,FALSE,FALSE,FALSE,FALSE,FALSE,FALSE,FALSE,FALSE,FALSE,FALSE,FALSE,FALSE,FALSE,FALSE,FALSE,FALSE,FALSE,FALSE,FALSE,FALSE,FALSE,FALSE,FALSE,FALSE,FALSE,FALSE,FALSE,FALSE,FALSE,FALSE,FALSE,FALSE,FALSE,FALSE,FALSE,FALSE
"03 After",2023-02-03 09:59:05.97,"2023-02-03","9H 59M 5.97S","After","Aurora","V0333","Flow Core",1690,371,688,880,549,389,547,473,572,323,429,431,649,1158,801,1499,190,190,317,367,268,194,235,208,291,479,322,366,297,270,265,345,595,350,566,566,152,152,1067,475,483,474,467,296,554,464,730,491,310,417,710,629,176,284,347,270,212,282,497,202,-23.175,0,21.25,41.97499,0.93,1.03,1,0.8,11.28,6.43,4.78,5.07,4.59,4.57,4.5,4.5,4.5,4.33,4.36,4.55,5.19,6.14,6.85,8.03,3.76,2.57,2.34,2.33,2.43,2.41,2.63,2.44,2.49,2.46,2.57,2.35,2.35,2.39,2.29,2.17,2.61,5.49,2.52,2.59,4.21,2.87,3.05,2.81,2.67,2.42,2.56,2.24,2.27,2.31,2.43,2.51,2.43,2.6,3.1,4.11,2.64,2.69,2.5,2.38,2.18,2.81,2.85,4.77,9862.96856933509,81921.0910850903,216459.792716676,269026.996732348,377583.798376977,627539.112348895,941039.882630075,519772.681524609,614323.680450882,676842.174977835,336248.57529575,165984.465680382,122745.780843908,178674.774987763,137987.108343801,116704.441149717,1981394.08760555,2003715.93327013,477488.232149731,1124374.2951103,1335190.6997613,1357772.5473036,1292661.56869826,946753.823377921,1032127.72427335,852525.840355184,983352.51190887,1617623.4507312,756703.201244725,379799.966010951,295500.328272445,329306.05076442,312806.100080114,173599.754185653,2044826.22496984,2080936.57210188,2005586.8267491,2024724.323265,135374.420776914,126831.180670414,236076.84721647,373933.76902478,537969.592952171,673001.015126341,463702.770343307,353789.758343584,302950.57816418,163526.230793444,127355.308566065,136680.592134398,111979.687144033,137348.774822232,406889.660362449,635639.21980959,529495.974862353,406824.727486052,422375.928450687,392442.500728918,408573.618353436,217352.622018626,TRUE,TRUE,FALSE,FALSE,FALSE,FALSE,FALSE,FALSE,FALSE,FALSE,FALSE,FALSE,FALSE,TRUE,TRUE,TRUE,FALSE,FALSE,FALSE,FALSE,FALSE,FALSE,FALSE,FALSE,FALSE,FALSE,FALSE,FALSE,FALSE,FALSE,FALSE,FALSE,FALSE,FALSE,FALSE,FALSE,FALSE,FALSE,FALSE,FALSE,FALSE,FALSE,FALSE,FALSE,FALSE,FALSE,FALSE,FALSE,FALSE,FALSE,FALSE,FALSE,FALSE,FALSE,FALSE,FALSE,FALSE,FALSE,FALSE,FALSE,FALSE,FALSE,FALSE,FALSE,FALSE,FALSE,FALSE,FALSE,FALSE,FALSE,FALSE,FALSE,FALSE,FALSE,FALSE,FALSE,FALSE,FALSE,FALSE,FALSE,FALSE,FALSE,FALSE,FALSE,FALSE,FALSE,FALSE,FALSE,FALSE,FALSE,FALSE,FALSE,FALSE,FALSE,FALSE,FALSE,FALSE,FALSE,FALSE,FALSE,FALSE,FALSE,FALSE,FALSE,FALSE,FALSE,FALSE,FALSE,FALSE,FALSE,FALSE,FALSE,FALSE,FALSE
"03 Before",2023-02-03 09:47:49.91,"2023-02-03","9H 47M 49.91S","Before","Aurora","V0333","Flow Core",1460,342,642,806,521,370,509,445,530,308,405,406,582,974,695,1203,189,189,327,376,275,196,234,204,283,467,314,363,297,272,268,350,609,355,565,565,152,152,1059,474,479,473,470,297,558,461,715,494,309,416,707,623,173,280,343,266,210,279,491,199,-23.1,0,21.225,41.975,0.93,1.03,1,0.81,11.21,6.36,4.99,5.27,4.85,4.92,4.87,4.91,4.79,4.73,4.7,4.86,5.36,6.3,7.01,8.3,5.07,3.86,3.16,2.98,2.96,2.92,2.98,2.91,2.85,2.76,2.79,2.69,2.66,2.77,2.69,2.9,3.33,6.16,2.87,3.15,4.74,4.08,4.04,3.84,3.71,3.51,3.52,3.27,3.26,3.29,3.42,3.43,3.32,3.39,3.85,4.79,3.27,3.21,3.08,2.93,2.67,3,2.8,3.78,8140.90457781023,77086.2191853846,197096.738409749,235735.373462303,354000.613315139,578705.566068763,866634.293243673,482911.657987629,561927.199755718,654550.87485799,312588.347147828,153819.624792409,105562.678323643,142289.328965682,117174.111890754,90255.5754140283,2020887.42078916,1992517.71767173,503471.767730579,1179527.25978664,1379305.70035441,1363886.96103532,1239084.69083803,882500.985075901,962010.595252724,812942.278763988,961448.585952378,1634363.1911234,753415.397183319,384199.715927245,301906.923005729,343561.401016814,327972.034390997,181701.412124073,2089446.62058304,2075679.7348374,2075486.77679623,2066231.5854343,134864.863872691,128660.595584213,236419.741068337,377151.796642599,559948.780252537,698544.388369769,474632.300780105,355921.772858048,296618.454142892,166960.452253971,127982.075694976,138280.935506786,113311.868685821,139262.428219305,372719.131708312,603292.561125279,500180.272218874,383072.62647232,411920.185743561,386712.306066436,403880.475606424,216492.18305186,TRUE,TRUE,FALSE,FALSE,FALSE,FALSE,FALSE,FALSE,FALSE,FALSE,FALSE,FALSE,FALSE,TRUE,TRUE,TRUE,FALSE,FALSE,FALSE,FALSE,FALSE,FALSE,FALSE,FALSE,FALSE,FALSE,FALSE,FALSE,FALSE,FALSE,FALSE,FALSE,TRUE,FALSE,FALSE,FALSE,FALSE,FALSE,FALSE,FALSE,FALSE,FALSE,FALSE,FALSE,FALSE,FALSE,FALSE,FALSE,FALSE,FALSE,FALSE,FALSE,FALSE,FALSE,FALSE,FALSE,FALSE,FALSE,FALSE,FALSE,FALSE,FALSE,FALSE,FALSE,FALSE,FALSE,FALSE,FALSE,FALSE,FALSE,FALSE,FALSE,FALSE,FALSE,FALSE,FALSE,FALSE,FALSE,FALSE,FALSE,FALSE,FALSE,FALSE,FALSE,FALSE,FALSE,FALSE,FALSE,FALSE,FALSE,FALSE,FALSE,FALSE,FALSE,FALSE,FALSE,FALSE,FALSE,FALSE,FALSE,FALSE,FALSE,FALSE,FALSE,FALSE,FALSE,FALSE,FALSE,FALSE,FALSE,FALSE,FALSE,FALSE,FALSE
"02 After",2023-02-02 10:26:43.15,"2023-02-02","10H 26M 43.15S","After","Aurora","V0333","Flow Core",1460,342,642,806,521,370,509,445,530,308,405,406,582,974,695,1203,189,189,327,376,275,196,234,204,283,467,314,363,297,272,268,350,609,355,565,565,152,152,1059,474,479,473,470,297,558,461,715,494,309,416,707,623,173,280,343,266,210,279,491,199,-23.1,0,21.225,41.975,0.93,1.03,1,0.81,11.94,8.32,4.59,4.67,4.29,4.24,4.22,4.32,4.27,4.33,4.79,6,7.36,8.37,9.26,9.91,9.86,12.17,5.98,5.32,4.93,4.54,4.56,4.39,4.47,4.61,5.16,5.33,7.08,9.4,14.16,19.82,20.84,18.43,4.2,3.35,3.64,2.63,4.58,4.5,4.3,4.03,4.16,4.04,4.59,5.13,6.11,7.6,10.23,12.98,16.35,15.92,6.25,6.52,7.03,8.25,10.66,15.84,15.54,16.49,7850.19237992229,69833.1512407841,189557.515615792,229003.880492365,343123.541453329,565082.55202191,850674.731718622,473256.439672548,545984.091247728,624232.13746406,299362.632205978,144712.704030958,96529.5204456889,125559.261660185,101083.277752192,76699.5461348408,1742639.70891486,1705643.48743654,447823.149883509,1058945.26217436,1266950.45636219,1293830.70641471,1245779.44311184,902649.4845945,997362.615468417,826656.065102581,943066.206374819,1557025.81503484,701668.85657426,346290.552708158,258614.208491891,273841.270006851,251836.379403414,134463.608284312,2029663.38180391,2018296.49033046,2036267.44347523,2010945.41617467,123501.77560216,117677.816574025,217310.901312652,344474.214291882,505015.897887075,631981.124949909,441833.136443414,329615.957068415,272887.704228914,150793.997464748,112583.76202464,119030.773965578,93824.1507626367,110025.687809071,373632.280681271,582325.450547726,480678.729341515,360405.229217551,368846.317080609,321635.707755447,330846.754555782,165595.076340049,TRUE,TRUE,FALSE,FALSE,FALSE,FALSE,FALSE,FALSE,FALSE,FALSE,FALSE,TRUE,TRUE,TRUE,TRUE,TRUE,TRUE,FALSE,FALSE,FALSE,FALSE,FALSE,FALSE,FALSE,FALSE,FALSE,FALSE,TRUE,TRUE,TRUE,TRUE,TRUE,TRUE,FALSE,FALSE,FALSE,FALSE,FALSE,FALSE,FALSE,FALSE,FALSE,FALSE,TRUE,TRUE,TRUE,TRUE,TRUE,TRUE,TRUE,TRUE,TRUE,TRUE,TRUE,TRUE,TRUE,TRUE,FALSE,FALSE,FALSE,FALSE,FALSE,FALSE,FALSE,FALSE,FALSE,FALSE,FALSE,FALSE,FALSE,FALSE,FALSE,FALSE,FALSE,FALSE,FALSE,FALSE,FALSE,FALSE,FALSE,FALSE,FALSE,FALSE,FALSE,FALSE,FALSE,FALSE,FALSE,FALSE,FALSE,FALSE,FALSE,FALSE,FALSE,FALSE,FALSE,FALSE,FALSE,FALSE,FALSE,FALSE,FALSE,FALSE,FALSE,FALSE,FALSE,FALSE,FALSE,FALSE,FALSE,FALSE,FALSE,FALSE,FALSE
"02 before",2023-02-02 10:20:29.13,"2023-02-02","10H 20M 29.13S","Before","Aurora","V0333","Flow Core",1508,346,628,795,515,362,506,443,525,304,399,396,586,992,703,1261,191,191,325,398,299,212,250,209,277,429,287,331,284,266,273,368,644,386,568,568,153,153,1079,477,487,476,474,298,559,462,726,499,310,420,712,630,170,276,339,263,209,280,493,200,-23.45,0,21.325,42.325,0.92,1.02,1.02,0.81,11.28,6.2,4.86,5.04,4.7,4.65,4.62,4.62,4.56,4.45,4.48,4.71,5.2,5.85,6.65,7.62,3.57,2.64,2.57,2.53,2.61,2.6,2.81,2.64,2.7,2.68,2.75,2.56,2.57,2.64,2.54,2.38,2.81,5.44,2.61,2.79,4.22,3.06,3.14,2.98,2.81,2.57,2.78,2.44,2.47,2.54,2.69,2.75,2.69,2.8,3.38,4.25,2.87,2.91,2.68,2.59,2.38,3.01,3.01,4.89,9460.80956242932,80393.6853673837,199500.396684879,249002.49848283,361528.357022999,591633.699481592,889899.31608789,496266.998791078,575120.303937316,659205.697473082,321970.875416711,156900.343884083,116530.548529049,164014.723008378,128469.468390569,110621.531469748,1977752.22762784,1961341.20018699,475012.472803174,1186555.60202693,1453593.28320897,1470158.75517732,1362690.65926795,947648.67591603,976729.425939934,764978.515573136,880656.012203215,1478065.95570575,711031.301772879,367892.002631728,297687.585364174,343811.197047826,335087.976851168,185943.719580447,2052061.25177557,2064280.29035256,2020864.86629972,2018210.05665896,134725.906967184,127608.100472025,234455.66651734,370738.513767145,544734.254499075,672098.285016391,465707.615429055,349485.431502007,298737.192595458,164127.594151535,125829.979198371,136241.553242938,112198.11055132,136465.540256482,387265.952598025,619852.303075394,514027.541929427,392139.366591489,419376.929610968,392434.300798533,409776.397328205,217142.577337093,TRUE,TRUE,FALSE,FALSE,FALSE,FALSE,FALSE,FALSE,FALSE,FALSE,FALSE,FALSE,FALSE,FALSE,TRUE,TRUE,FALSE,FALSE,FALSE,FALSE,FALSE,FALSE,FALSE,FALSE,FALSE,FALSE,FALSE,FALSE,FALSE,FALSE,FALSE,FALSE,FALSE,FALSE,FALSE,FALSE,FALSE,FALSE,FALSE,FALSE,FALSE,FALSE,FALSE,FALSE,FALSE,FALSE,FALSE,FALSE,FALSE,FALSE,FALSE,FALSE,FALSE,FALSE,FALSE,FALSE,FALSE,FALSE,FALSE,FALSE,FALSE,FALSE,FALSE,FALSE,FALSE,FALSE,FALSE,FALSE,FALSE,FALSE,FALSE,FALSE,FALSE,FALSE,FALSE,FALSE,FALSE,FALSE,FALSE,FALSE,FALSE,FALSE,FALSE,FALSE,FALSE,FALSE,FALSE,FALSE,FALSE,FALSE,FALSE,FALSE,FALSE,FALSE,FALSE,FALSE,FALSE,FALSE,FALSE,FALSE,FALSE,FALSE,FALSE,FALSE,FALSE,FALSE,FALSE,FALSE,FALSE,FALSE,FALSE,FALSE,FALSE,FALSE
"02 After",2023-02-01 12:26:35.33,"2023-02-01","12H 26M 35.33S","After","Aurora","V0333","Flow Core",1508,346,628,795,515,362,506,443,525,304,399,396,586,992,703,1261,191,191,325,398,299,212,250,209,277,429,287,331,284,266,273,368,644,386,568,568,153,153,1079,477,487,476,474,298,559,462,726,499,310,420,712,630,170,276,339,263,209,280,493,200,-23.45,0,21.325,42.325,0.92,1.02,1.02,0.81,11.02,5.09,4.28,4.55,4.1,3.99,3.94,4,3.94,3.83,3.79,3.94,4.51,5.34,5.65,6.98,4.51,3.01,2.09,1.89,1.89,1.74,1.8,1.7,1.74,1.78,1.9,1.82,1.78,1.83,1.83,2.24,3.34,7.02,3.06,2.81,3.17,1.93,3.57,3.37,3.27,2.94,2.98,2.59,2.61,2.6,2.74,2.73,2.7,2.7,3.44,4.49,2.21,2.14,1.98,1.93,1.65,2.07,1.9,3.44,9092.30750323268,80674.7151133418,193790.424866876,239778.27341952,352403.158771149,580582.821264416,870799.341258983,484140.702453986,556088.750606484,632430.728553729,313042.576184732,152470.9376844,111276.893998563,154919.125176343,125856.617519233,104250.177174656,2016071.49315562,1990740.34952561,467198.614025684,1095158.55681558,1293289.08489549,1294703.98876871,1251282.29706409,910943.312083941,982363.86324316,815241.308647367,938219.339552817,1558244.20763845,734263.454156822,369505.331674566,287138.282285704,318928.476162688,302498.317230474,165441.215087329,2003843.8178134,2005219.40360456,2032464.76945245,2014642.40870614,131105.761007019,123530.84865613,229035.497470423,361423.457373959,526179.172344211,647277.927517079,459293.791215016,344281.233235908,295353.959525571,161508.11718816,123084.631514353,132915.637643296,108935.677685222,133031.99379556,399775.477760555,626911.641902407,519661.250381119,395409.842536644,413944.828762237,387346.921127087,400072.43976302,213825.804559945,TRUE,FALSE,FALSE,FALSE,FALSE,FALSE,FALSE,FALSE,FALSE,FALSE,FALSE,FALSE,FALSE,FALSE,FALSE,TRUE,FALSE,FALSE,FALSE,FALSE,FALSE,FALSE,FALSE,FALSE,FALSE,FALSE,FALSE,FALSE,FALSE,FALSE,FALSE,FALSE,TRUE,FALSE,FALSE,FALSE,FALSE,FALSE,FALSE,FALSE,FALSE,FALSE,FALSE,FALSE,FALSE,FALSE,FALSE,FALSE,FALSE,FALSE,FALSE,FALSE,FALSE,FALSE,FALSE,FALSE,FALSE,FALSE,FALSE,FALSE,FALSE,FALSE,FALSE,FALSE,FALSE,FALSE,FALSE,FALSE,FALSE,FALSE,FALSE,FALSE,FALSE,FALSE,FALSE,FALSE,FALSE,FALSE,FALSE,FALSE,FALSE,FALSE,FALSE,FALSE,FALSE,FALSE,FALSE,FALSE,FALSE,FALSE,FALSE,FALSE,FALSE,FALSE,FALSE,FALSE,FALSE,FALSE,FALSE,FALSE,FALSE,FALSE,FALSE,FALSE,FALSE,FALSE,FALSE,FALSE,FALSE,FALSE,FALSE,FALSE,FALSE,FALSE
"01 Before",2023-02-01 09:35:26.68,"2023-02-01","9H 35M 26.68S","Before","Aurora","V0333","Flow Core",1506,354,654,818,523,374,512,451,539,309,407,402,589,1006,708,1264,192,192,303,367,280,209,268,230,307,451,295,324,259,244,251,350,625,392,567,567,155,155,1080,481,492,479,479,304,562,468,727,500,313,424,726,641,169,274,338,262,209,281,494,202,-23.225,0,21.15,41.925,0.92,1.02,1.01,0.81,10.76,5.44,3.92,4.18,3.87,3.86,3.92,4.03,4.12,4.13,3.94,3.95,4.31,4.99,5.55,6.52,3.32,2.55,2.47,2.51,2.64,2.61,2.79,2.66,2.71,2.69,2.81,2.63,2.56,2.59,2.47,2.35,3.22,6.4,2.9,2.9,3.24,2.38,3.87,3.68,3.64,3.27,3.32,2.92,2.92,2.97,3.03,3.08,3.09,3.28,3.89,5.7,2.61,2.64,2.44,2.34,2.16,3.08,3.39,5.87,8370.18660657596,77437.6914129131,204785.466854346,248069.936761418,359467.038590107,597023.526181814,887508.748859864,500364.399557882,585165.990602154,662101.101476227,325242.819839435,157890.391575239,111824.477908852,155246.59987108,121316.628507575,98920.1806082837,2036776.5893595,1938240.48819217,420729.795376956,1031501.820423,1274748.1780496,1373202.632418,1423946.61291648,1034609.53414071,1084245.07793412,816482.891471349,920240.387000969,1447216.77079151,640325.79094898,327433.722297828,264569.637229738,315518.273261444,304532.712668211,176456.796486205,2043481.57967459,2002860.78392395,2214865.73605372,2131418.94701575,135353.257973354,127913.545071234,240486.316215294,376616.141004066,559629.029447065,694586.315064641,474717.601076239,361706.54057421,305391.655799967,167191.515211409,128479.947120476,138626.285196168,113744.1818438,138622.114201107,393441.400432962,624648.885568427,523984.812157244,397614.972953634,418491.702236337,389854.516130269,401641.568944509,211844.72938996,TRUE,FALSE,FALSE,FALSE,FALSE,FALSE,FALSE,FALSE,FALSE,FALSE,FALSE,FALSE,FALSE,FALSE,FALSE,TRUE,FALSE,FALSE,FALSE,FALSE,FALSE,FALSE,FALSE,FALSE,FALSE,FALSE,FALSE,FALSE,FALSE,FALSE,FALSE,FALSE,TRUE,FALSE,FALSE,FALSE,FALSE,FALSE,FALSE,FALSE,FALSE,FALSE,FALSE,FALSE,FALSE,FALSE,FALSE,FALSE,FALSE,FALSE,FALSE,FALSE,FALSE,FALSE,FALSE,FALSE,FALSE,FALSE,FALSE,FALSE,FALSE,FALSE,FALSE,FALSE,FALSE,FALSE,FALSE,FALSE,FALSE,FALSE,FALSE,FALSE,FALSE,FALSE,FALSE,FALSE,FALSE,FALSE,FALSE,FALSE,FALSE,FALSE,FALSE,FALSE,FALSE,FALSE,FALSE,FALSE,FALSE,FALSE,FALSE,FALSE,FALSE,FALSE,FALSE,FALSE,FALSE,FALSE,FALSE,FALSE,FALSE,FALSE,FALSE,FALSE,FALSE,FALSE,FALSE,FALSE,FALSE,FALSE,FALSE,FALSE,FALSE,FALSE
"31 After",2023-01-31 13:20:46.23,"2023-01-31","13H 20M 46.23S","After","Aurora","V0333","Flow Core",1506,354,654,818,523,374,512,451,539,309,407,402,589,1006,708,1264,192,192,303,367,280,209,268,230,307,451,295,324,259,244,251,350,625,392,567,567,155,155,1080,481,492,479,479,304,562,468,727,500,313,424,726,641,169,274,338,262,209,281,494,202,-23.225,0,21.15,41.925,0.92,1.02,1.01,0.81,10.57,5.89,3.86,4.12,3.69,3.58,3.57,3.64,3.62,3.6,3.49,3.69,4.11,4.84,5.71,7.17,4.36,2.56,2.8,2.47,2.4,2.19,2.26,1.97,2.04,2.12,2.38,2.17,2.11,2.15,2.06,2,2.43,5.38,2.53,2.31,4.68,2.98,2.82,2.55,2.32,2.08,2.25,1.88,1.88,1.98,2.13,2.21,2.15,2.39,2.94,4.03,2.53,2.53,2.29,2.25,2.05,3.01,2.78,4.69,8878.87794936266,79625.0431757,202761.037752794,244998.136086968,357633.459894383,594488.283293642,883530.9575085,498637.878412531,574160.030962601,642899.554458189,320870.914263365,156049.436742348,111990.737223514,158021.941547656,125602.218691847,102877.085489581,1952200.71877692,1968520.52387364,465817.54999308,1111388.41637668,1304337.34109248,1316003.33211525,1254656.59658592,917689.036116235,991152.776495499,822144.539761633,951267.462032646,1576211.12847026,741293.580995671,374623.339025772,291160.688732307,323875.267450562,308038.841293062,171633.216970597,2011937.7745478,2043078.48560475,1974567.63565891,1987050.25613466,131206.474242084,124026.49656213,231788.512962414,360039.188178352,529589.554804887,656928.888674992,457923.906108743,349011.911189911,294793.962999541,161400.13779102,124135.835191766,134058.440028417,110359.164475129,134679.540140677,397935.921211571,620046.304632589,521206.234446063,394452.729074384,412294.004398616,384172.053595047,398024.625965354,213325.939042541,TRUE,FALSE,FALSE,FALSE,FALSE,FALSE,FALSE,FALSE,FALSE,FALSE,FALSE,FALSE,FALSE,FALSE,FALSE,TRUE,FALSE,FALSE,FALSE,FALSE,FALSE,FALSE,FALSE,FALSE,FALSE,FALSE,FALSE,FALSE,FALSE,FALSE,FALSE,FALSE,FALSE,FALSE,FALSE,FALSE,FALSE,FALSE,FALSE,FALSE,FALSE,FALSE,FALSE,FALSE,FALSE,FALSE,FALSE,FALSE,FALSE,FALSE,FALSE,FALSE,FALSE,FALSE,FALSE,FALSE,FALSE,FALSE,FALSE,FALSE,FALSE,FALSE,FALSE,FALSE,FALSE,FALSE,FALSE,FALSE,FALSE,FALSE,FALSE,FALSE,FALSE,FALSE,FALSE,FALSE,FALSE,FALSE,FALSE,FALSE,FALSE,FALSE,FALSE,FALSE,FALSE,FALSE,FALSE,FALSE,FALSE,FALSE,FALSE,FALSE,FALSE,FALSE,FALSE,FALSE,FALSE,FALSE,FALSE,FALSE,FALSE,FALSE,FALSE,FALSE,FALSE,FALSE,FALSE,FALSE,FALSE,FALSE,FALSE,FALSE,FALSE,FALSE
"31 After",2023-01-31 13:20:46.23,"2023-01-31","13H 20M 46.23S","After","Aurora","V0333","Flow Core",1506,354,654,818,523,374,512,451,539,309,407,402,589,1006,708,1264,192,192,303,367,280,209,268,230,307,451,295,324,259,244,251,350,625,392,567,567,155,155,1080,481,492,479,479,304,562,468,727,500,313,424,726,641,169,274,338,262,209,281,494,202,-23.225,0,21.15,41.925,0.92,1.02,1.01,0.81,10.57,5.89,3.86,4.12,3.69,3.58,3.57,3.64,3.62,3.6,3.49,3.69,4.11,4.84,5.71,7.17,4.36,2.56,2.8,2.47,2.4,2.19,2.26,1.97,2.04,2.12,2.38,2.17,2.11,2.15,2.06,2,2.43,5.38,2.53,2.31,4.68,2.98,2.82,2.55,2.32,2.08,2.25,1.88,1.88,1.98,2.13,2.21,2.15,2.39,2.94,4.03,2.53,2.53,2.29,2.25,2.05,3.01,2.78,4.69,8878.87794936266,79625.0431757,202761.037752794,244998.136086968,357633.459894383,594488.283293642,883530.9575085,498637.878412531,574160.030962601,642899.554458189,320870.914263365,156049.436742348,111990.737223514,158021.941547656,125602.218691847,102877.085489581,1952200.71877692,1968520.52387364,465817.54999308,1111388.41637668,1304337.34109248,1316003.33211525,1254656.59658592,917689.036116235,991152.776495499,822144.539761633,951267.462032646,1576211.12847026,741293.580995671,374623.339025772,291160.688732307,323875.267450562,308038.841293062,171633.216970597,2011937.7745478,2043078.48560475,1974567.63565891,1987050.25613466,131206.474242084,124026.49656213,231788.512962414,360039.188178352,529589.554804887,656928.888674992,457923.906108743,349011.911189911,294793.962999541,161400.13779102,124135.835191766,134058.440028417,110359.164475129,134679.540140677,397935.921211571,620046.304632589,521206.234446063,394452.729074384,412294.004398616,384172.053595047,398024.625965354,213325.939042541,TRUE,FALSE,FALSE,FALSE,FALSE,FALSE,FALSE,FALSE,FALSE,FALSE,FALSE,FALSE,FALSE,FALSE,FALSE,TRUE,FALSE,FALSE,FALSE,FALSE,FALSE,FALSE,FALSE,FALSE,FALSE,FALSE,FALSE,FALSE,FALSE,FALSE,FALSE,FALSE,FALSE,FALSE,FALSE,FALSE,FALSE,FALSE,FALSE,FALSE,FALSE,FALSE,FALSE,FALSE,FALSE,FALSE,FALSE,FALSE,FALSE,FALSE,FALSE,FALSE,FALSE,FALSE,FALSE,FALSE,FALSE,FALSE,FALSE,FALSE,FALSE,FALSE,FALSE,FALSE,FALSE,FALSE,FALSE,FALSE,FALSE,FALSE,FALSE,FALSE,FALSE,FALSE,FALSE,FALSE,FALSE,FALSE,FALSE,FALSE,FALSE,FALSE,FALSE,FALSE,FALSE,FALSE,FALSE,FALSE,FALSE,FALSE,FALSE,FALSE,FALSE,FALSE,FALSE,FALSE,FALSE,FALSE,FALSE,FALSE,FALSE,FALSE,FALSE,FALSE,FALSE,FALSE,FALSE,FALSE,FALSE,FALSE,FALSE,FALSE,FALSE,FALSE
"31 Before",2023-01-31 13:07:54.56,"2023-01-31","13H 7M 54.56S","Before","Aurora","V0333","Flow Core",1601,370,672,857,542,385,532,461,556,317,420,416,627,1106,770,1408,192,192,303,369,285,212,266,225,301,444,287,319,260,246,255,355,633,395,575,575,150,150,1029,466,475,468,467,293,551,460,711,487,306,414,708,627,171,281,345,266,211,283,500,204,-23.15,0,21.225,42.05,0.93,1.03,1,0.8,11.13,6.15,3.92,4.15,3.69,3.61,3.6,3.69,3.71,3.68,3.63,3.71,4.36,5.36,6.1,7.69,3.93,2.38,2.67,2.44,2.45,2.36,2.43,2.3,2.37,2.32,2.47,2.29,2.25,2.3,2.19,1.95,2.45,5.16,2.56,2.37,4.2,2.79,2.82,2.46,2.3,2.01,2.27,1.88,1.96,2.01,2.15,2.21,2.15,2.44,3.12,4.18,2.62,2.67,2.44,2.32,2.21,3.15,3.12,5.3,9473.38381413219,79592.6058019805,200448.175938955,247963.776789217,363632.075333951,600319.118110289,900903.449778065,499574.353448739,580679.195302899,649746.465658333,322432.724853242,158792.311705987,116819.956488237,167988.59703523,131705.695663288,110845.447399329,1920931.13839969,1950621.06541793,463334.576460356,1100024.9256212,1312195.65651644,1318288.07353888,1245513.82215792,898731.058581649,981719.212921644,816707.591343441,939084.586560521,1582939.90137613,733989.300174926,372868.835709787,290736.433975546,324347.512288432,308549.867467452,170551.288795517,2036511.97722052,2068651.32871068,1890433.56307427,1921225.07800692,124595.081846029,120183.790270464,220773.159385541,354678.552104756,518348.332377456,640765.772671879,448054.404700804,341136.470424139,285685.751417438,157388.318043765,120560.761570139,130385.107384954,106961.562194232,130857.697115499,381449.890591641,613672.375812989,510677.621252524,381812.004218204,402697.206418259,375812.853410315,391519.503134848,208518.395884058,TRUE,TRUE,FALSE,FALSE,FALSE,FALSE,FALSE,FALSE,FALSE,FALSE,FALSE,FALSE,FALSE,FALSE,TRUE,TRUE,FALSE,FALSE,FALSE,FALSE,FALSE,FALSE,FALSE,FALSE,FALSE,FALSE,FALSE,FALSE,FALSE,FALSE,FALSE,FALSE,FALSE,FALSE,FALSE,FALSE,FALSE,FALSE,FALSE,FALSE,FALSE,FALSE,FALSE,FALSE,FALSE,FALSE,FALSE,FALSE,FALSE,FALSE,FALSE,FALSE,FALSE,FALSE,FALSE,FALSE,FALSE,FALSE,FALSE,FALSE,FALSE,FALSE,FALSE,FALSE,FALSE,FALSE,FALSE,FALSE,FALSE,FALSE,FALSE,FALSE,FALSE,FALSE,FALSE,FALSE,FALSE,FALSE,FALSE,FALSE,FALSE,FALSE,FALSE,FALSE,FALSE,FALSE,FALSE,FALSE,FALSE,FALSE,FALSE,FALSE,FALSE,FALSE,FALSE,FALSE,FALSE,FALSE,FALSE,FALSE,FALSE,FALSE,FALSE,FALSE,FALSE,FALSE,FALSE,FALSE,FALSE,FALSE,FALSE,FALSE,FALSE,FALSE
"31 Before",2023-01-31 13:07:54.56,"2023-01-31","13H 7M 54.56S","Before","Aurora","V0333","Flow Core",1601,370,672,857,542,385,532,461,556,317,420,416,627,1106,770,1408,192,192,303,369,285,212,266,225,301,444,287,319,260,246,255,355,633,395,575,575,150,150,1029,466,475,468,467,293,551,460,711,487,306,414,708,627,171,281,345,266,211,283,500,204,-23.15,0,21.225,42.05,0.93,1.03,1,0.8,11.13,6.15,3.92,4.15,3.69,3.61,3.6,3.69,3.71,3.68,3.63,3.71,4.36,5.36,6.1,7.69,3.93,2.38,2.67,2.44,2.45,2.36,2.43,2.3,2.37,2.32,2.47,2.29,2.25,2.3,2.19,1.95,2.45,5.16,2.56,2.37,4.2,2.79,2.82,2.46,2.3,2.01,2.27,1.88,1.96,2.01,2.15,2.21,2.15,2.44,3.12,4.18,2.62,2.67,2.44,2.32,2.21,3.15,3.12,5.3,9473.38381413219,79592.6058019805,200448.175938955,247963.776789217,363632.075333951,600319.118110289,900903.449778065,499574.353448739,580679.195302899,649746.465658333,322432.724853242,158792.311705987,116819.956488237,167988.59703523,131705.695663288,110845.447399329,1920931.13839969,1950621.06541793,463334.576460356,1100024.9256212,1312195.65651644,1318288.07353888,1245513.82215792,898731.058581649,981719.212921644,816707.591343441,939084.586560521,1582939.90137613,733989.300174926,372868.835709787,290736.433975546,324347.512288432,308549.867467452,170551.288795517,2036511.97722052,2068651.32871068,1890433.56307427,1921225.07800692,124595.081846029,120183.790270464,220773.159385541,354678.552104756,518348.332377456,640765.772671879,448054.404700804,341136.470424139,285685.751417438,157388.318043765,120560.761570139,130385.107384954,106961.562194232,130857.697115499,381449.890591641,613672.375812989,510677.621252524,381812.004218204,402697.206418259,375812.853410315,391519.503134848,208518.395884058,TRUE,TRUE,FALSE,FALSE,FALSE,FALSE,FALSE,FALSE,FALSE,FALSE,FALSE,FALSE,FALSE,FALSE,TRUE,TRUE,FALSE,FALSE,FALSE,FALSE,FALSE,FALSE,FALSE,FALSE,FALSE,FALSE,FALSE,FALSE,FALSE,FALSE,FALSE,FALSE,FALSE,FALSE,FALSE,FALSE,FALSE,FALSE,FALSE,FALSE,FALSE,FALSE,FALSE,FALSE,FALSE,FALSE,FALSE,FALSE,FALSE,FALSE,FALSE,FALSE,FALSE,FALSE,FALSE,FALSE,FALSE,FALSE,FALSE,FALSE,FALSE,FALSE,FALSE,FALSE,FALSE,FALSE,FALSE,FALSE,FALSE,FALSE,FALSE,FALSE,FALSE,FALSE,FALSE,FALSE,FALSE,FALSE,FALSE,FALSE,FALSE,FALSE,FALSE,FALSE,FALSE,FALSE,FALSE,FALSE,FALSE,FALSE,FALSE,FALSE,FALSE,FALSE,FALSE,FALSE,FALSE,FALSE,FALSE,FALSE,FALSE,FALSE,FALSE,FALSE,FALSE,FALSE,FALSE,FALSE,FALSE,FALSE,FALSE,FALSE,FALSE,FALSE
"30 After",2023-01-30 14:26:37.57,"2023-01-30","14H 26M 37.57S","After","Aurora","V0333","Flow Core",1601,370,672,857,542,385,532,461,556,317,420,416,627,1106,770,1408,192,192,303,369,285,212,266,225,301,444,287,319,260,246,255,355,633,395,575,575,150,150,1029,466,475,468,467,293,551,460,711,487,306,414,708,627,171,281,345,266,211,283,500,204,-23.15,0,21.225,42.05,0.93,1.03,1,0.8,120.29,7.18,4.11,4.19,3.91,3.85,3.8,3.93,3.88,3.98,3.66,3.78,4.26,5.15,5.95,7.86,4.22,3.06,3.01,2.88,2.76,2.74,2.81,2.75,2.67,2.68,2.9,2.79,2.62,2.73,2.57,2.45,3.1,6.07,3.49,3.41,4.58,3.28,3.61,3.54,3.3,3.13,3.26,2.9,2.64,2.83,2.97,2.9,3,3.1,3.67,4.81,2.9,2.96,2.73,2.53,2.37,2.98,2.98,5.05,15249.5503709274,79343.4862621516,203328.525176204,254440.014762776,367377.681395424,602440.564885084,908453.927625105,502413.665770035,585085.542742076,643218.637515965,322965.479363606,159648.80895043,121449.895018813,181220.318348838,136686.542318502,120038.242484381,1887174.84070796,1907960.76357327,451123.887955896,1068033.93988117,1273168.90132369,1278680.34841597,1214471.44443412,877376.058968245,960913.703187748,796824.881528015,908944.565235891,1524180.75126459,714641.175867323,361823.994104731,282221.875149967,314131.605027294,298115.174931879,164828.976470154,1969372.19026549,1983557.75361242,1911303.71017699,1932791.64918898,125263.581875985,120329.532177236,221347.145630244,352505.717949498,511452.155582629,631311.554670689,444008.848861242,338942.676320889,285041.609219838,156745.778162956,119892.984012495,129622.527607665,106142.604551462,129922.307624852,381335.667115985,608097.282216402,506733.039320862,378937.01240795,397464.425936857,369831.068476618,384375.148924699,204527.279903857,TRUE,TRUE,FALSE,FALSE,FALSE,FALSE,FALSE,FALSE,FALSE,FALSE,FALSE,FALSE,FALSE,FALSE,FALSE,TRUE,FALSE,FALSE,FALSE,FALSE,FALSE,FALSE,FALSE,FALSE,FALSE,FALSE,FALSE,FALSE,FALSE,FALSE,FALSE,FALSE,TRUE,FALSE,FALSE,FALSE,FALSE,FALSE,FALSE,FALSE,FALSE,FALSE,FALSE,FALSE,FALSE,FALSE,FALSE,FALSE,FALSE,FALSE,FALSE,FALSE,FALSE,FALSE,FALSE,FALSE,FALSE,FALSE,FALSE,FALSE,FALSE,FALSE,FALSE,FALSE,FALSE,FALSE,FALSE,FALSE,FALSE,FALSE,FALSE,FALSE,FALSE,FALSE,FALSE,FALSE,FALSE,FALSE,FALSE,FALSE,FALSE,FALSE,FALSE,FALSE,FALSE,FALSE,FALSE,FALSE,FALSE,FALSE,FALSE,FALSE,FALSE,FALSE,FALSE,FALSE,FALSE,FALSE,FALSE,FALSE,FALSE,FALSE,FALSE,FALSE,FALSE,FALSE,FALSE,FALSE,FALSE,FALSE,FALSE,FALSE,FALSE,FALSE
"30 After",2023-01-30 14:26:37.57,"2023-01-30","14H 26M 37.57S","After","Aurora","V0333","Flow Core",1601,370,672,857,542,385,532,461,556,317,420,416,627,1106,770,1408,192,192,303,369,285,212,266,225,301,444,287,319,260,246,255,355,633,395,575,575,150,150,1029,466,475,468,467,293,551,460,711,487,306,414,708,627,171,281,345,266,211,283,500,204,-23.15,0,21.225,42.05,0.93,1.03,1,0.8,120.29,7.18,4.11,4.19,3.91,3.85,3.8,3.93,3.88,3.98,3.66,3.78,4.26,5.15,5.95,7.86,4.22,3.06,3.01,2.88,2.76,2.74,2.81,2.75,2.67,2.68,2.9,2.79,2.62,2.73,2.57,2.45,3.1,6.07,3.49,3.41,4.58,3.28,3.61,3.54,3.3,3.13,3.26,2.9,2.64,2.83,2.97,2.9,3,3.1,3.67,4.81,2.9,2.96,2.73,2.53,2.37,2.98,2.98,5.05,15249.5503709274,79343.4862621516,203328.525176204,254440.014762776,367377.681395424,602440.564885084,908453.927625105,502413.665770035,585085.542742076,643218.637515965,322965.479363606,159648.80895043,121449.895018813,181220.318348838,136686.542318502,120038.242484381,1887174.84070796,1907960.76357327,451123.887955896,1068033.93988117,1273168.90132369,1278680.34841597,1214471.44443412,877376.058968245,960913.703187748,796824.881528015,908944.565235891,1524180.75126459,714641.175867323,361823.994104731,282221.875149967,314131.605027294,298115.174931879,164828.976470154,1969372.19026549,1983557.75361242,1911303.71017699,1932791.64918898,125263.581875985,120329.532177236,221347.145630244,352505.717949498,511452.155582629,631311.554670689,444008.848861242,338942.676320889,285041.609219838,156745.778162956,119892.984012495,129622.527607665,106142.604551462,129922.307624852,381335.667115985,608097.282216402,506733.039320862,378937.01240795,397464.425936857,369831.068476618,384375.148924699,204527.279903857,TRUE,TRUE,FALSE,FALSE,FALSE,FALSE,FALSE,FALSE,FALSE,FALSE,FALSE,FALSE,FALSE,FALSE,FALSE,TRUE,FALSE,FALSE,FALSE,FALSE,FALSE,FALSE,FALSE,FALSE,FALSE,FALSE,FALSE,FALSE,FALSE,FALSE,FALSE,FALSE,TRUE,FALSE,FALSE,FALSE,FALSE,FALSE,FALSE,FALSE,FALSE,FALSE,FALSE,FALSE,FALSE,FALSE,FALSE,FALSE,FALSE,FALSE,FALSE,FALSE,FALSE,FALSE,FALSE,FALSE,FALSE,FALSE,FALSE,FALSE,FALSE,FALSE,FALSE,FALSE,FALSE,FALSE,FALSE,FALSE,FALSE,FALSE,FALSE,FALSE,FALSE,FALSE,FALSE,FALSE,FALSE,FALSE,FALSE,FALSE,FALSE,FALSE,FALSE,FALSE,FALSE,FALSE,FALSE,FALSE,FALSE,FALSE,FALSE,FALSE,FALSE,FALSE,FALSE,FALSE,FALSE,FALSE,FALSE,FALSE,FALSE,FALSE,FALSE,FALSE,FALSE,FALSE,FALSE,FALSE,FALSE,FALSE,FALSE,FALSE,FALSE,FALSE
"30 Before",2023-01-30 14:20:56.3,"2023-01-30","14H 20M 56.3S","Before","Aurora","V0333","Flow Core",1674,362,655,832,536,376,519,456,542,304,412,412,629,1118,773,1444,191,191,331,400,293,208,242,205,273,430,284,327,286,268,273,363,634,381,552,552,152,152,1060,480,485,477,472,295,560,471,735,502,314,423,724,639,182,288,355,278,214,285,500,205,-23.125,0,21.3,42.075,0.93,1.03,0.99,0.81,11.65,6.24,4.17,4.46,4.1,4.05,4.05,4.12,4.11,4.09,4.04,4.13,4.59,5.67,6.21,7.68,4.35,3.26,3.22,2.89,2.86,2.75,2.85,2.71,2.77,2.73,2.94,2.72,2.67,2.71,2.61,2.57,3.27,6.56,3.42,3.28,4.85,3.41,3.75,3.51,3.39,3.13,3.2,2.87,2.82,2.86,2.98,3.07,3.02,3.24,3.83,5.13,2.87,2.87,2.69,2.66,2.46,3.29,3.31,5.58,10029.1177968874,80251.4440646699,203839.076136114,252132.498797145,369058.821247316,602597.753583,899937.303228848,507065.468551953,579469.865725009,641195.415030049,328330.753708239,162393.524367084,123319.530330028,182200.366628616,140282.748861276,123182.201131788,1958342.98826291,1956669.50673328,505779.976962544,1172004.58556946,1321690.62381206,1274860.05230922,1144907.34389468,840169.767259012,929258.31930819,814247.038941441,947735.315280907,1622143.2460592,805118.247377176,404787.152705928,307913.292413959,327173.157427501,304368.531380595,164330.359343276,1923312.39710485,1941551.13445615,2029942.78325509,2040989.6431994,134090.685905916,129083.300770641,238013.201800391,372389.965260296,532708.81711571,656845.311252348,471070.275105256,358809.976918978,303299.890036002,169091.275726748,128815.6686098,138500.178047376,113901.40572126,137977.513254498,419178.688265559,641707.73763585,536605.71485286,409254.021945692,416305.679020281,384866.290114332,396627.733435466,211734.450958062,TRUE,TRUE,FALSE,FALSE,FALSE,FALSE,FALSE,FALSE,FALSE,FALSE,FALSE,FALSE,FALSE,FALSE,TRUE,TRUE,FALSE,FALSE,FALSE,FALSE,FALSE,FALSE,FALSE,FALSE,FALSE,FALSE,FALSE,FALSE,FALSE,FALSE,FALSE,FALSE,TRUE,FALSE,FALSE,FALSE,FALSE,FALSE,FALSE,FALSE,FALSE,FALSE,FALSE,FALSE,FALSE,FALSE,FALSE,FALSE,FALSE,FALSE,FALSE,FALSE,FALSE,FALSE,FALSE,FALSE,FALSE,FALSE,FALSE,FALSE,FALSE,FALSE,FALSE,FALSE,FALSE,FALSE,FALSE,FALSE,FALSE,FALSE,FALSE,FALSE,FALSE,FALSE,FALSE,FALSE,FALSE,FALSE,FALSE,FALSE,FALSE,FALSE,FALSE,FALSE,FALSE,FALSE,FALSE,FALSE,FALSE,FALSE,FALSE,FALSE,FALSE,FALSE,FALSE,FALSE,FALSE,FALSE,FALSE,FALSE,FALSE,FALSE,FALSE,FALSE,FALSE,FALSE,FALSE,FALSE,FALSE,FALSE,FALSE,FALSE,FALSE,FALSE
"30 Before",2023-01-30 14:20:56.3,"2023-01-30","14H 20M 56.3S","Before","Aurora","V0333","Flow Core",1674,362,655,832,536,376,519,456,542,304,412,412,629,1118,773,1444,191,191,331,400,293,208,242,205,273,430,284,327,286,268,273,363,634,381,552,552,152,152,1060,480,485,477,472,295,560,471,735,502,314,423,724,639,182,288,355,278,214,285,500,205,-23.125,0,21.3,42.075,0.93,1.03,0.99,0.81,11.65,6.24,4.17,4.46,4.1,4.05,4.05,4.12,4.11,4.09,4.04,4.13,4.59,5.67,6.21,7.68,4.35,3.26,3.22,2.89,2.86,2.75,2.85,2.71,2.77,2.73,2.94,2.72,2.67,2.71,2.61,2.57,3.27,6.56,3.42,3.28,4.85,3.41,3.75,3.51,3.39,3.13,3.2,2.87,2.82,2.86,2.98,3.07,3.02,3.24,3.83,5.13,2.87,2.87,2.69,2.66,2.46,3.29,3.31,5.58,10029.1177968874,80251.4440646699,203839.076136114,252132.498797145,369058.821247316,602597.753583,899937.303228848,507065.468551953,579469.865725009,641195.415030049,328330.753708239,162393.524367084,123319.530330028,182200.366628616,140282.748861276,123182.201131788,1958342.98826291,1956669.50673328,505779.976962544,1172004.58556946,1321690.62381206,1274860.05230922,1144907.34389468,840169.767259012,929258.31930819,814247.038941441,947735.315280907,1622143.2460592,805118.247377176,404787.152705928,307913.292413959,327173.157427501,304368.531380595,164330.359343276,1923312.39710485,1941551.13445615,2029942.78325509,2040989.6431994,134090.685905916,129083.300770641,238013.201800391,372389.965260296,532708.81711571,656845.311252348,471070.275105256,358809.976918978,303299.890036002,169091.275726748,128815.6686098,138500.178047376,113901.40572126,137977.513254498,419178.688265559,641707.73763585,536605.71485286,409254.021945692,416305.679020281,384866.290114332,396627.733435466,211734.450958062,TRUE,TRUE,FALSE,FALSE,FALSE,FALSE,FALSE,FALSE,FALSE,FALSE,FALSE,FALSE,FALSE,FALSE,TRUE,TRUE,FALSE,FALSE,FALSE,FALSE,FALSE,FALSE,FALSE,FALSE,FALSE,FALSE,FALSE,FALSE,FALSE,FALSE,FALSE,FALSE,TRUE,FALSE,FALSE,FALSE,FALSE,FALSE,FALSE,FALSE,FALSE,FALSE,FALSE,FALSE,FALSE,FALSE,FALSE,FALSE,FALSE,FALSE,FALSE,FALSE,FALSE,FALSE,FALSE,FALSE,FALSE,FALSE,FALSE,FALSE,FALSE,FALSE,FALSE,FALSE,FALSE,FALSE,FALSE,FALSE,FALSE,FALSE,FALSE,FALSE,FALSE,FALSE,FALSE,FALSE,FALSE,FALSE,FALSE,FALSE,FALSE,FALSE,FALSE,FALSE,FALSE,FALSE,FALSE,FALSE,FALSE,FALSE,FALSE,FALSE,FALSE,FALSE,FALSE,FALSE,FALSE,FALSE,FALSE,FALSE,FALSE,FALSE,FALSE,FALSE,FALSE,FALSE,FALSE,FALSE,FALSE,FALSE,FALSE,FALSE,FALSE,FALSE
"26 After",2023-01-26 12:02:02.22,"2023-01-26","12H 2M 2.22S","After","Aurora","V0333","Flow Core",1543,350,655,836,528,373,518,453,542,313,416,413,614,1060,737,1316,197,197,315,373,279,209,269,236,323,478,314,340,266,246,251,347,616,385,581,581,158,158,1100,485,493,488,489,304,568,479,746,514,318,431,733,646,173,280,345,265,209,278,487,197,-23.175,0,21.1,41.95,0.9,1.01,1.03,0.81,10.62,6.29,4.39,4.69,4.2,4.09,4.1,4.14,4.08,3.84,3.88,4.07,4.86,6,6.2,7.84,4.44,2.84,2.54,2.42,2.41,2.3,2.37,2.2,2.2,2.18,2.33,2.21,2.15,2.22,2.17,2.15,2.35,4.29,2.64,2.59,4.97,3.43,3.02,2.78,2.63,2.38,2.57,2.23,2.21,2.27,2.41,2.49,2.43,2.62,3.12,3.89,2.76,2.75,2.55,2.49,2.29,3.06,2.86,4.45,8784.99976480061,78936.3908464745,206972.685600228,253198.99583109,368847.67681974,604270.37528823,909262.01098678,503788.15454703,578278.459179345,654771.596921944,322075.897109397,158653.154667762,113934.305679785,157895.529839198,126724.311659404,100203.171430612,1957771.39695424,1979101.59572506,475210.640345988,1122647.68206662,1326036.50837579,1351933.44181204,1287212.40582683,937075.364103165,1019943.07228312,834630.714078884,982706.926447856,1609940.03397081,751624.288582036,380520.247362759,296751.140269721,329703.802193695,315042.44721409,174680.741907536,2050045.01631107,2066117.65352716,1996068.44248609,2010984.42812616,134420.17256232,126435.537957787,232303.448095091,372271.811791388,540853.917047735,662247.127484408,463449.182105998,353187.611308099,299942.454302355,166679.027355875,126413.980096552,136470.17416885,112061.836485501,136928.877051425,402163.767748008,631655.337524108,532719.172017196,399846.22943475,418897.891361384,388114.677597024,404575.703182654,215419.025967995,TRUE,TRUE,FALSE,FALSE,FALSE,FALSE,FALSE,FALSE,FALSE,FALSE,FALSE,FALSE,FALSE,TRUE,TRUE,TRUE,FALSE,FALSE,FALSE,FALSE,FALSE,FALSE,FALSE,FALSE,FALSE,FALSE,FALSE,FALSE,FALSE,FALSE,FALSE,FALSE,FALSE,FALSE,FALSE,FALSE,FALSE,FALSE,FALSE,FALSE,FALSE,FALSE,FALSE,FALSE,FALSE,FALSE,FALSE,FALSE,FALSE,FALSE,FALSE,FALSE,FALSE,FALSE,FALSE,FALSE,FALSE,FALSE,FALSE,FALSE,FALSE,FALSE,FALSE,FALSE,FALSE,FALSE,FALSE,FALSE,FALSE,FALSE,FALSE,FALSE,FALSE,FALSE,FALSE,FALSE,FALSE,FALSE,FALSE,FALSE,FALSE,FALSE,FALSE,FALSE,FALSE,FALSE,FALSE,FALSE,FALSE,FALSE,FALSE,FALSE,FALSE,FALSE,FALSE,FALSE,FALSE,FALSE,FALSE,FALSE,FALSE,FALSE,FALSE,FALSE,FALSE,FALSE,FALSE,FALSE,FALSE,FALSE,FALSE,FALSE,FALSE,FALSE
"26 After",2023-01-26 12:02:02.22,"2023-01-26","12H 2M 2.22S","After","Aurora","V0333","Flow Core",1543,350,655,836,528,373,518,453,542,313,416,413,614,1060,737,1316,197,197,315,373,279,209,269,236,323,478,314,340,266,246,251,347,616,385,581,581,158,158,1100,485,493,488,489,304,568,479,746,514,318,431,733,646,173,280,345,265,209,278,487,197,-23.175,0,21.1,41.95,0.9,1.01,1.03,0.81,10.62,6.29,4.39,4.69,4.2,4.09,4.1,4.14,4.08,3.84,3.88,4.07,4.86,6,6.2,7.84,4.44,2.84,2.54,2.42,2.41,2.3,2.37,2.2,2.2,2.18,2.33,2.21,2.15,2.22,2.17,2.15,2.35,4.29,2.64,2.59,4.97,3.43,3.02,2.78,2.63,2.38,2.57,2.23,2.21,2.27,2.41,2.49,2.43,2.62,3.12,3.89,2.76,2.75,2.55,2.49,2.29,3.06,2.86,4.45,8784.99976480061,78936.3908464745,206972.685600228,253198.99583109,368847.67681974,604270.37528823,909262.01098678,503788.15454703,578278.459179345,654771.596921944,322075.897109397,158653.154667762,113934.305679785,157895.529839198,126724.311659404,100203.171430612,1957771.39695424,1979101.59572506,475210.640345988,1122647.68206662,1326036.50837579,1351933.44181204,1287212.40582683,937075.364103165,1019943.07228312,834630.714078884,982706.926447856,1609940.03397081,751624.288582036,380520.247362759,296751.140269721,329703.802193695,315042.44721409,174680.741907536,2050045.01631107,2066117.65352716,1996068.44248609,2010984.42812616,134420.17256232,126435.537957787,232303.448095091,372271.811791388,540853.917047735,662247.127484408,463449.182105998,353187.611308099,299942.454302355,166679.027355875,126413.980096552,136470.17416885,112061.836485501,136928.877051425,402163.767748008,631655.337524108,532719.172017196,399846.22943475,418897.891361384,388114.677597024,404575.703182654,215419.025967995,TRUE,TRUE,FALSE,FALSE,FALSE,FALSE,FALSE,FALSE,FALSE,FALSE,FALSE,FALSE,FALSE,TRUE,TRUE,TRUE,FALSE,FALSE,FALSE,FALSE,FALSE,FALSE,FALSE,FALSE,FALSE,FALSE,FALSE,FALSE,FALSE,FALSE,FALSE,FALSE,FALSE,FALSE,FALSE,FALSE,FALSE,FALSE,FALSE,FALSE,FALSE,FALSE,FALSE,FALSE,FALSE,FALSE,FALSE,FALSE,FALSE,FALSE,FALSE,FALSE,FALSE,FALSE,FALSE,FALSE,FALSE,FALSE,FALSE,FALSE,FALSE,FALSE,FALSE,FALSE,FALSE,FALSE,FALSE,FALSE,FALSE,FALSE,FALSE,FALSE,FALSE,FALSE,FALSE,FALSE,FALSE,FALSE,FALSE,FALSE,FALSE,FALSE,FALSE,FALSE,FALSE,FALSE,FALSE,FALSE,FALSE,FALSE,FALSE,FALSE,FALSE,FALSE,FALSE,FALSE,FALSE,FALSE,FALSE,FALSE,FALSE,FALSE,FALSE,FALSE,FALSE,FALSE,FALSE,FALSE,FALSE,FALSE,FALSE,FALSE,FALSE,FALSE
"26 Before",2023-01-26 11:56:22.3,"2023-01-26","11H 56M 22.3S","Before","Aurora","V0333","Flow Core",1534,351,655,832,528,373,518,452,541,313,413,409,607,1043,732,1296,196,196,311,370,278,209,268,234,319,471,309,336,263,244,250,347,618,388,579,579,157,157,1092,481,489,485,486,303,563,474,737,509,315,428,729,645,171,278,343,264,209,279,491,199,-23.1,0,21.125,41.95,0.9,1.01,1.02,0.81,11.09,6.72,4.81,5,4.71,4.7,4.66,4.68,4.62,4.59,4.53,4.68,4.9,5.41,6.36,8.1,5.48,4.09,3.78,3.53,3.53,3.38,3.4,3.34,3.31,3.18,3.17,3.1,3.12,3.2,3.13,3.28,3.31,5.07,3.07,3.54,4.61,3.8,3.89,3.68,3.56,3.26,3.35,3.06,3.13,3.17,3.26,3.29,3.27,3.34,3.69,4.07,3.5,3.5,3.34,3.24,3.03,3.35,3.17,3.92,10247.8669268276,85163.7689130479,217716.249254626,268038.091107992,385344.777202116,626683.454007007,947861.184989278,524692.287242817,605178.166161238,678543.609082638,336689.388900357,166370.550303302,124689.088264566,183087.95114677,144458.730013301,122410.534562219,2011019.9047619,2006291.14723515,475629.399289908,1130609.52687373,1319323.97353675,1352913.02237758,1274586.57568006,932482.156153621,1014973.69171012,829553.951673955,968739.686499502,1601151.8083435,744326.56171676,376246.593844488,295396.42402089,330917.192415329,316089.30553798,179997.703597638,2046109.18247568,2079911.74710631,2005169.29710701,2014717.31175198,137554.726653421,127465.017219158,233934.98001438,373646.96389408,550703.849646365,671660.330564428,460465.209634708,357465.700256871,303604.193861598,165732.628768776,127055.028957062,137606.809239328,113971.240597629,140209.364333534,394762.230418689,626015.980923418,521200.508973635,397123.967944904,417179.505622432,390686.025411611,407557.009134266,220540.218919294,TRUE,TRUE,FALSE,FALSE,FALSE,FALSE,FALSE,FALSE,FALSE,FALSE,FALSE,FALSE,FALSE,FALSE,TRUE,TRUE,FALSE,FALSE,FALSE,FALSE,FALSE,FALSE,FALSE,FALSE,FALSE,FALSE,FALSE,FALSE,FALSE,FALSE,FALSE,FALSE,FALSE,FALSE,FALSE,FALSE,FALSE,FALSE,FALSE,FALSE,FALSE,FALSE,FALSE,FALSE,FALSE,FALSE,FALSE,FALSE,FALSE,FALSE,FALSE,FALSE,FALSE,FALSE,FALSE,FALSE,FALSE,FALSE,FALSE,FALSE,FALSE,FALSE,FALSE,FALSE,FALSE,FALSE,FALSE,FALSE,FALSE,FALSE,FALSE,FALSE,FALSE,FALSE,FALSE,FALSE,FALSE,FALSE,FALSE,FALSE,FALSE,FALSE,FALSE,FALSE,FALSE,FALSE,FALSE,FALSE,FALSE,FALSE,FALSE,FALSE,FALSE,FALSE,FALSE,FALSE,FALSE,FALSE,FALSE,FALSE,FALSE,FALSE,FALSE,FALSE,FALSE,FALSE,FALSE,FALSE,FALSE,FALSE,FALSE,FALSE,FALSE,FALSE
"26 Before",2023-01-26 11:56:22.3,"2023-01-26","11H 56M 22.3S","Before","Aurora","V0333","Flow Core",1534,351,655,832,528,373,518,452,541,313,413,409,607,1043,732,1296,196,196,311,370,278,209,268,234,319,471,309,336,263,244,250,347,618,388,579,579,157,157,1092,481,489,485,486,303,563,474,737,509,315,428,729,645,171,278,343,264,209,279,491,199,-23.1,0,21.125,41.95,0.9,1.01,1.02,0.81,11.09,6.72,4.81,5,4.71,4.7,4.66,4.68,4.62,4.59,4.53,4.68,4.9,5.41,6.36,8.1,5.48,4.09,3.78,3.53,3.53,3.38,3.4,3.34,3.31,3.18,3.17,3.1,3.12,3.2,3.13,3.28,3.31,5.07,3.07,3.54,4.61,3.8,3.89,3.68,3.56,3.26,3.35,3.06,3.13,3.17,3.26,3.29,3.27,3.34,3.69,4.07,3.5,3.5,3.34,3.24,3.03,3.35,3.17,3.92,10247.8669268276,85163.7689130479,217716.249254626,268038.091107992,385344.777202116,626683.454007007,947861.184989278,524692.287242817,605178.166161238,678543.609082638,336689.388900357,166370.550303302,124689.088264566,183087.95114677,144458.730013301,122410.534562219,2011019.9047619,2006291.14723515,475629.399289908,1130609.52687373,1319323.97353675,1352913.02237758,1274586.57568006,932482.156153621,1014973.69171012,829553.951673955,968739.686499502,1601151.8083435,744326.56171676,376246.593844488,295396.42402089,330917.192415329,316089.30553798,179997.703597638,2046109.18247568,2079911.74710631,2005169.29710701,2014717.31175198,137554.726653421,127465.017219158,233934.98001438,373646.96389408,550703.849646365,671660.330564428,460465.209634708,357465.700256871,303604.193861598,165732.628768776,127055.028957062,137606.809239328,113971.240597629,140209.364333534,394762.230418689,626015.980923418,521200.508973635,397123.967944904,417179.505622432,390686.025411611,407557.009134266,220540.218919294,TRUE,TRUE,FALSE,FALSE,FALSE,FALSE,FALSE,FALSE,FALSE,FALSE,FALSE,FALSE,FALSE,FALSE,TRUE,TRUE,FALSE,FALSE,FALSE,FALSE,FALSE,FALSE,FALSE,FALSE,FALSE,FALSE,FALSE,FALSE,FALSE,FALSE,FALSE,FALSE,FALSE,FALSE,FALSE,FALSE,FALSE,FALSE,FALSE,FALSE,FALSE,FALSE,FALSE,FALSE,FALSE,FALSE,FALSE,FALSE,FALSE,FALSE,FALSE,FALSE,FALSE,FALSE,FALSE,FALSE,FALSE,FALSE,FALSE,FALSE,FALSE,FALSE,FALSE,FALSE,FALSE,FALSE,FALSE,FALSE,FALSE,FALSE,FALSE,FALSE,FALSE,FALSE,FALSE,FALSE,FALSE,FALSE,FALSE,FALSE,FALSE,FALSE,FALSE,FALSE,FALSE,FALSE,FALSE,FALSE,FALSE,FALSE,FALSE,FALSE,FALSE,FALSE,FALSE,FALSE,FALSE,FALSE,FALSE,FALSE,FALSE,FALSE,FALSE,FALSE,FALSE,FALSE,FALSE,FALSE,FALSE,FALSE,FALSE,FALSE,FALSE,FALSE
"25 After",2023-01-25 10:06:30.38,"2023-01-25","10H 6M 30.38S","After","Aurora","V0333","Flow Core",1814,388,683,863,547,387,538,468,560,313,425,419,646,1170,825,1554,184,184,328,390,288,203,234,200,266,427,288,330,282,263,265,350,619,368,552,552,150,150,1055,470,480,466,463,289,550,452,709,487,304,415,709,639,178,287,355,274,216,291,515,216,-22.55,0,21.425,42.34999,0.95,1.04,0.97,0.81,10.77,4.97,4.19,4.48,4.11,4.03,4.03,4.15,4.09,4.05,4.03,4.19,4.67,5.35,5.66,6.79,5.31,3.65,2.46,2.4,2.38,2.21,2.12,2.09,1.97,1.93,2,1.93,1.95,2.22,2.43,4.12,5.71,8.71,2.49,2.43,2.09,1.33,2.81,2.46,2.29,2.02,2.21,1.89,1.95,1.96,2.18,2.28,2.28,2.57,3.9,5.48,2.73,2.5,2.42,2.4,2.15,2.96,3.33,6.35,10553.2058974336,86005.7995404661,204800.753585952,254630.137040999,364580.172619943,600826.210226642,899690.232376739,506139.593899261,582214.986045841,644698.346186192,327007.128326697,159015.009889652,121567.973992128,178242.889874473,141442.499178282,125551.72894516,2084198.996,2024967.10262057,474619.836037112,1088811.5946692,1290906.08444339,1296443.25948447,1241080.58019891,906040.790163697,980000.707588083,827119.325157448,956456.750012774,1561699.08763939,724221.196192666,366417.222304607,282963.608717918,313448.191364379,293104.918881627,161401.324703654,2025284.97733333,2018245.34080469,2057106.77566667,2018136.74968432,128579.448294991,122396.271968641,225922.360260013,357536.801821473,517327.7938424,640673.955974813,452919.008566772,339264.006156559,288850.769247801,158952.998989325,121567.870558249,132225.864766619,107126.367959379,132762.945745415,396249.741025396,614183.129180073,517998.305918684,393182.338519656,412127.157065487,388879.098888158,401027.810154998,215681.473988141,TRUE,FALSE,FALSE,FALSE,FALSE,FALSE,FALSE,FALSE,FALSE,FALSE,FALSE,FALSE,FALSE,FALSE,FALSE,TRUE,FALSE,FALSE,FALSE,FALSE,FALSE,FALSE,FALSE,FALSE,FALSE,FALSE,FALSE,FALSE,FALSE,FALSE,FALSE,FALSE,TRUE,FALSE,FALSE,FALSE,FALSE,FALSE,FALSE,FALSE,FALSE,FALSE,FALSE,FALSE,FALSE,FALSE,FALSE,FALSE,FALSE,FALSE,FALSE,FALSE,FALSE,FALSE,FALSE,FALSE,TRUE,FALSE,FALSE,FALSE,FALSE,FALSE,FALSE,FALSE,FALSE,FALSE,FALSE,FALSE,FALSE,FALSE,FALSE,FALSE,FALSE,FALSE,FALSE,FALSE,FALSE,FALSE,FALSE,FALSE,FALSE,FALSE,FALSE,FALSE,FALSE,FALSE,FALSE,FALSE,FALSE,FALSE,FALSE,FALSE,FALSE,FALSE,FALSE,FALSE,FALSE,FALSE,FALSE,FALSE,FALSE,FALSE,FALSE,FALSE,FALSE,FALSE,FALSE,FALSE,FALSE,FALSE,FALSE,FALSE,FALSE,FALSE
"25 After",2023-01-25 10:06:30.38,"2023-01-25","10H 6M 30.38S","After","Aurora","V0333","Flow Core",1814,388,683,863,547,387,538,468,560,313,425,419,646,1170,825,1554,184,184,328,390,288,203,234,200,266,427,288,330,282,263,265,350,619,368,552,552,150,150,1055,470,480,466,463,289,550,452,709,487,304,415,709,639,178,287,355,274,216,291,515,216,-22.55,0,21.425,42.34999,0.95,1.04,0.97,0.81,10.77,4.97,4.19,4.48,4.11,4.03,4.03,4.15,4.09,4.05,4.03,4.19,4.67,5.35,5.66,6.79,5.31,3.65,2.46,2.4,2.38,2.21,2.12,2.09,1.97,1.93,2,1.93,1.95,2.22,2.43,4.12,5.71,8.71,2.49,2.43,2.09,1.33,2.81,2.46,2.29,2.02,2.21,1.89,1.95,1.96,2.18,2.28,2.28,2.57,3.9,5.48,2.73,2.5,2.42,2.4,2.15,2.96,3.33,6.35,10553.2058974336,86005.7995404661,204800.753585952,254630.137040999,364580.172619943,600826.210226642,899690.232376739,506139.593899261,582214.986045841,644698.346186192,327007.128326697,159015.009889652,121567.973992128,178242.889874473,141442.499178282,125551.72894516,2084198.996,2024967.10262057,474619.836037112,1088811.5946692,1290906.08444339,1296443.25948447,1241080.58019891,906040.790163697,980000.707588083,827119.325157448,956456.750012774,1561699.08763939,724221.196192666,366417.222304607,282963.608717918,313448.191364379,293104.918881627,161401.324703654,2025284.97733333,2018245.34080469,2057106.77566667,2018136.74968432,128579.448294991,122396.271968641,225922.360260013,357536.801821473,517327.7938424,640673.955974813,452919.008566772,339264.006156559,288850.769247801,158952.998989325,121567.870558249,132225.864766619,107126.367959379,132762.945745415,396249.741025396,614183.129180073,517998.305918684,393182.338519656,412127.157065487,388879.098888158,401027.810154998,215681.473988141,TRUE,FALSE,FALSE,FALSE,FALSE,FALSE,FALSE,FALSE,FALSE,FALSE,FALSE,FALSE,FALSE,FALSE,FALSE,TRUE,FALSE,FALSE,FALSE,FALSE,FALSE,FALSE,FALSE,FALSE,FALSE,FALSE,FALSE,FALSE,FALSE,FALSE,FALSE,FALSE,TRUE,FALSE,FALSE,FALSE,FALSE,FALSE,FALSE,FALSE,FALSE,FALSE,FALSE,FALSE,FALSE,FALSE,FALSE,FALSE,FALSE,FALSE,FALSE,FALSE,FALSE,FALSE,FALSE,FALSE,TRUE,FALSE,FALSE,FALSE,FALSE,FALSE,FALSE,FALSE,FALSE,FALSE,FALSE,FALSE,FALSE,FALSE,FALSE,FALSE,FALSE,FALSE,FALSE,FALSE,FALSE,FALSE,FALSE,FALSE,FALSE,FALSE,FALSE,FALSE,FALSE,FALSE,FALSE,FALSE,FALSE,FALSE,FALSE,FALSE,FALSE,FALSE,FALSE,FALSE,FALSE,FALSE,FALSE,FALSE,FALSE,FALSE,FALSE,FALSE,FALSE,FALSE,FALSE,FALSE,FALSE,FALSE,FALSE,FALSE,FALSE,FALSE
"25 Before",2023-01-25 09:57:02.16,"2023-01-25","9H 57M 2.16S","Before","Aurora","V0333","Flow Core",1730,368,668,850,543,385,537,463,556,313,426,419,644,1153,800,1491,178,178,312,388,290,209,242,205,270,408,276,314,273,258,263,351,624,367,554,554,148,148,1043,465,471,464,460,288,542,457,712,489,303,411,703,617,180,291,357,279,216,287,505,207,-22.35,0,21.175,41.85,0.96,1.05,0.97,0.82,13.04,7.59,4.58,4.76,4.33,4.24,4.21,4.22,4.2,3.98,4.11,4.46,5.68,7.69,7.86,11.6,7.99,5.69,4.64,4.61,4.45,4.26,4.22,4.02,3.89,3.5,4.05,3.36,3.17,3.37,3.55,4.53,3.47,4.94,2.9,2.61,7.69,6.68,5.72,5.58,5.54,5.1,4.95,4.57,4.69,4.65,4.81,4.87,4.84,4.82,5.08,6.03,3.04,3.28,2.9,2.69,2.4,3.68,2.82,3.46,9548.63372714338,81711.5907480403,205591.094416967,253771.48749942,371046.578224264,610443.714257254,905772.638294259,503452.514436563,591616.00796277,671099.035906197,329112.05576577,159975.344999443,118571.591294421,170979.845988137,139559.045895842,115697.706123976,1905464.44028007,1891225.0284028,472344.253893452,1192771.37459181,1453245.39278633,1491074.47583412,1372987.45303456,973692.814735218,1022668.29265278,791810.150599519,937472.632616552,1552736.81397325,716724.376177709,371577.13176394,296934.257225811,342218.879237677,338507.056650519,198093.022908226,2032710.33710873,2068440.24163688,2023034.73671746,2049856.9116397,141698.514559165,134151.036345194,244801.980818514,394155.510354868,586881.237432663,716861.003071479,478901.795519785,373237.354603003,312646.856760441,172318.667023056,132621.79561914,142593.277436438,117336.898793404,143815.912708569,361311.271378241,592823.015435935,496223.043072271,377528.16912692,402809.509052835,374734.221480909,395776.75735759,216571.8353911,TRUE,TRUE,FALSE,FALSE,FALSE,FALSE,FALSE,FALSE,FALSE,FALSE,FALSE,FALSE,FALSE,TRUE,TRUE,TRUE,FALSE,FALSE,FALSE,FALSE,FALSE,FALSE,FALSE,FALSE,FALSE,FALSE,FALSE,FALSE,FALSE,FALSE,FALSE,FALSE,FALSE,FALSE,FALSE,FALSE,FALSE,FALSE,FALSE,FALSE,FALSE,FALSE,FALSE,FALSE,FALSE,FALSE,FALSE,FALSE,TRUE,FALSE,FALSE,FALSE,FALSE,FALSE,FALSE,FALSE,FALSE,FALSE,FALSE,FALSE,FALSE,FALSE,FALSE,FALSE,FALSE,FALSE,FALSE,FALSE,FALSE,FALSE,FALSE,FALSE,FALSE,FALSE,FALSE,FALSE,FALSE,FALSE,FALSE,FALSE,FALSE,FALSE,FALSE,FALSE,FALSE,FALSE,FALSE,FALSE,FALSE,FALSE,FALSE,FALSE,FALSE,FALSE,FALSE,FALSE,FALSE,FALSE,FALSE,FALSE,FALSE,FALSE,FALSE,FALSE,FALSE,FALSE,FALSE,FALSE,FALSE,FALSE,FALSE,FALSE,FALSE,FALSE
"25 Before",2023-01-25 09:57:02.16,"2023-01-25","9H 57M 2.16S","Before","Aurora","V0333","Flow Core",1730,368,668,850,543,385,537,463,556,313,426,419,644,1153,800,1491,178,178,312,388,290,209,242,205,270,408,276,314,273,258,263,351,624,367,554,554,148,148,1043,465,471,464,460,288,542,457,712,489,303,411,703,617,180,291,357,279,216,287,505,207,-22.35,0,21.175,41.85,0.96,1.05,0.97,0.82,13.04,7.59,4.58,4.76,4.33,4.24,4.21,4.22,4.2,3.98,4.11,4.46,5.68,7.69,7.86,11.6,7.99,5.69,4.64,4.61,4.45,4.26,4.22,4.02,3.89,3.5,4.05,3.36,3.17,3.37,3.55,4.53,3.47,4.94,2.9,2.61,7.69,6.68,5.72,5.58,5.54,5.1,4.95,4.57,4.69,4.65,4.81,4.87,4.84,4.82,5.08,6.03,3.04,3.28,2.9,2.69,2.4,3.68,2.82,3.46,9548.63372714338,81711.5907480403,205591.094416967,253771.48749942,371046.578224264,610443.714257254,905772.638294259,503452.514436563,591616.00796277,671099.035906197,329112.05576577,159975.344999443,118571.591294421,170979.845988137,139559.045895842,115697.706123976,1905464.44028007,1891225.0284028,472344.253893452,1192771.37459181,1453245.39278633,1491074.47583412,1372987.45303456,973692.814735218,1022668.29265278,791810.150599519,937472.632616552,1552736.81397325,716724.376177709,371577.13176394,296934.257225811,342218.879237677,338507.056650519,198093.022908226,2032710.33710873,2068440.24163688,2023034.73671746,2049856.9116397,141698.514559165,134151.036345194,244801.980818514,394155.510354868,586881.237432663,716861.003071479,478901.795519785,373237.354603003,312646.856760441,172318.667023056,132621.79561914,142593.277436438,117336.898793404,143815.912708569,361311.271378241,592823.015435935,496223.043072271,377528.16912692,402809.509052835,374734.221480909,395776.75735759,216571.8353911,TRUE,TRUE,FALSE,FALSE,FALSE,FALSE,FALSE,FALSE,FALSE,FALSE,FALSE,FALSE,FALSE,TRUE,TRUE,TRUE,FALSE,FALSE,FALSE,FALSE,FALSE,FALSE,FALSE,FALSE,FALSE,FALSE,FALSE,FALSE,FALSE,FALSE,FALSE,FALSE,FALSE,FALSE,FALSE,FALSE,FALSE,FALSE,FALSE,FALSE,FALSE,FALSE,FALSE,FALSE,FALSE,FALSE,FALSE,FALSE,TRUE,FALSE,FALSE,FALSE,FALSE,FALSE,FALSE,FALSE,FALSE,FALSE,FALSE,FALSE,FALSE,FALSE,FALSE,FALSE,FALSE,FALSE,FALSE,FALSE,FALSE,FALSE,FALSE,FALSE,FALSE,FALSE,FALSE,FALSE,FALSE,FALSE,FALSE,FALSE,FALSE,FALSE,FALSE,FALSE,FALSE,FALSE,FALSE,FALSE,FALSE,FALSE,FALSE,FALSE,FALSE,FALSE,FALSE,FALSE,FALSE,FALSE,FALSE,FALSE,FALSE,FALSE,FALSE,FALSE,FALSE,FALSE,FALSE,FALSE,FALSE,FALSE,FALSE,FALSE,FALSE,FALSE
"22 After",2023-01-24 12:08:47.31,"2023-01-24","12H 8M 47.31S","After","Aurora","V0333","Flow Core",1730,368,668,850,543,385,537,463,556,313,426,419,644,1153,800,1491,178,178,312,388,290,209,242,205,270,408,276,314,273,258,263,351,624,367,554,554,148,148,1043,465,471,464,460,288,542,457,712,489,303,411,703,617,180,291,357,279,216,287,505,207,-22.35,0,21.175,41.85,0.96,1.05,0.97,0.82,11.12,5.75,3.9,4.13,3.73,3.63,3.63,3.74,3.77,3.65,3.64,3.82,4.56,5.68,6.1,7.87,5.33,3.34,2.69,1.95,1.89,1.7,1.84,1.71,1.7,1.84,2.03,1.8,1.73,1.84,1.84,2.25,2.84,6.05,2.51,2.38,4.11,2.65,2.63,2.37,2.22,1.96,2.17,1.8,1.87,1.91,2.03,2.14,2.06,2.35,2.94,4.17,2.87,2.78,2.59,2.56,2.38,3.38,3.5,5.94,10595.8609106523,82981.9298306572,212813.069174299,264988.691538751,384692.059956826,630109.955944576,948103.967532424,523202.350863267,613534.567641901,673859.373394612,342739.789657632,166868.140025679,128621.207232947,191391.68453403,145738.907914169,129690.592186463,1927010.08060051,1961299.88859192,474039.033455731,1124505.49921652,1309952.43484186,1318993.99753549,1250272.75112125,914514.16224396,1004515.85848003,826212.647775108,972466.703508422,1597700.97033143,751319.241805186,379246.083833995,292197.970488624,323722.977531549,307240.950359599,169139.728083977,2015381,2051681.35396564,1981727.19005537,2005141.09415957,132409.277105445,124295.283269748,228915.259759446,363824.287229074,533074.029677087,654374.967076899,459438.499788835,354859.271122544,297531.568892816,163726.107979662,124902.052835869,134494.055355873,110394.945869886,133229.679788416,397461.050391019,628217.083654355,525241.976862377,396265.720799555,411325.787375744,380353.969836682,395281.569850385,209902.886445258,TRUE,FALSE,FALSE,FALSE,FALSE,FALSE,FALSE,FALSE,FALSE,FALSE,FALSE,FALSE,FALSE,FALSE,TRUE,TRUE,FALSE,FALSE,FALSE,FALSE,FALSE,FALSE,FALSE,FALSE,FALSE,FALSE,FALSE,FALSE,FALSE,FALSE,FALSE,FALSE,TRUE,FALSE,FALSE,FALSE,FALSE,FALSE,FALSE,FALSE,FALSE,FALSE,FALSE,FALSE,FALSE,FALSE,FALSE,FALSE,FALSE,FALSE,FALSE,FALSE,FALSE,FALSE,FALSE,FALSE,FALSE,FALSE,FALSE,FALSE,FALSE,FALSE,FALSE,FALSE,FALSE,FALSE,FALSE,FALSE,FALSE,FALSE,FALSE,FALSE,FALSE,FALSE,FALSE,FALSE,FALSE,FALSE,FALSE,FALSE,FALSE,FALSE,FALSE,FALSE,FALSE,FALSE,FALSE,FALSE,FALSE,FALSE,FALSE,FALSE,FALSE,FALSE,FALSE,FALSE,FALSE,FALSE,FALSE,FALSE,FALSE,FALSE,FALSE,FALSE,FALSE,FALSE,FALSE,FALSE,FALSE,FALSE,FALSE,FALSE,FALSE,FALSE
"22 After",2023-01-24 12:08:47.31,"2023-01-24","12H 8M 47.31S","After","Aurora","V0333","Flow Core",1730,368,668,850,543,385,537,463,556,313,426,419,644,1153,800,1491,178,178,312,388,290,209,242,205,270,408,276,314,273,258,263,351,624,367,554,554,148,148,1043,465,471,464,460,288,542,457,712,489,303,411,703,617,180,291,357,279,216,287,505,207,-22.35,0,21.175,41.85,0.96,1.05,0.97,0.82,11.12,5.75,3.9,4.13,3.73,3.63,3.63,3.74,3.77,3.65,3.64,3.82,4.56,5.68,6.1,7.87,5.33,3.34,2.69,1.95,1.89,1.7,1.84,1.71,1.7,1.84,2.03,1.8,1.73,1.84,1.84,2.25,2.84,6.05,2.51,2.38,4.11,2.65,2.63,2.37,2.22,1.96,2.17,1.8,1.87,1.91,2.03,2.14,2.06,2.35,2.94,4.17,2.87,2.78,2.59,2.56,2.38,3.38,3.5,5.94,10595.8609106523,82981.9298306572,212813.069174299,264988.691538751,384692.059956826,630109.955944576,948103.967532424,523202.350863267,613534.567641901,673859.373394612,342739.789657632,166868.140025679,128621.207232947,191391.68453403,145738.907914169,129690.592186463,1927010.08060051,1961299.88859192,474039.033455731,1124505.49921652,1309952.43484186,1318993.99753549,1250272.75112125,914514.16224396,1004515.85848003,826212.647775108,972466.703508422,1597700.97033143,751319.241805186,379246.083833995,292197.970488624,323722.977531549,307240.950359599,169139.728083977,2015381,2051681.35396564,1981727.19005537,2005141.09415957,132409.277105445,124295.283269748,228915.259759446,363824.287229074,533074.029677087,654374.967076899,459438.499788835,354859.271122544,297531.568892816,163726.107979662,124902.052835869,134494.055355873,110394.945869886,133229.679788416,397461.050391019,628217.083654355,525241.976862377,396265.720799555,411325.787375744,380353.969836682,395281.569850385,209902.886445258,TRUE,FALSE,FALSE,FALSE,FALSE,FALSE,FALSE,FALSE,FALSE,FALSE,FALSE,FALSE,FALSE,FALSE,TRUE,TRUE,FALSE,FALSE,FALSE,FALSE,FALSE,FALSE,FALSE,FALSE,FALSE,FALSE,FALSE,FALSE,FALSE,FALSE,FALSE,FALSE,TRUE,FALSE,FALSE,FALSE,FALSE,FALSE,FALSE,FALSE,FALSE,FALSE,FALSE,FALSE,FALSE,FALSE,FALSE,FALSE,FALSE,FALSE,FALSE,FALSE,FALSE,FALSE,FALSE,FALSE,FALSE,FALSE,FALSE,FALSE,FALSE,FALSE,FALSE,FALSE,FALSE,FALSE,FALSE,FALSE,FALSE,FALSE,FALSE,FALSE,FALSE,FALSE,FALSE,FALSE,FALSE,FALSE,FALSE,FALSE,FALSE,FALSE,FALSE,FALSE,FALSE,FALSE,FALSE,FALSE,FALSE,FALSE,FALSE,FALSE,FALSE,FALSE,FALSE,FALSE,FALSE,FALSE,FALSE,FALSE,FALSE,FALSE,FALSE,FALSE,FALSE,FALSE,FALSE,FALSE,FALSE,FALSE,FALSE,FALSE,FALSE,FALSE
"24 Before",2023-01-24 12:01:06.05,"2023-01-24","12H 1M 6.05S","Before","Aurora","V0333","Flow Core",1514,348,627,785,510,362,498,432,509,296,392,391,570,979,703,1231,182,182,296,368,285,212,257,216,286,421,275,309,260,246,255,347,624,379,548,548,148,148,1044,472,479,469,463,290,545,458,717,485,304,412,704,622,176,288,353,275,215,285,504,207,-22.5,0,21.225,42.025,0.95,1.04,0.97,0.82,11.12,5.78,4.04,4.42,4.01,3.93,4.07,4.19,4.33,4.15,4.06,4.08,4.85,5.92,5.9,7.29,4.96,3.06,2.43,1.96,1.97,1.82,2,1.79,1.86,1.97,2.14,1.89,1.8,1.91,1.9,2.33,3.07,6.59,2.46,2.29,3.64,2.36,2.71,2.47,2.31,1.99,2.16,1.8,1.83,1.91,2.05,2.13,2.11,2.48,3.19,4.91,3.01,2.99,2.78,2.69,2.58,3.83,4.25,7.15,8592.37481495129,75950.3250776878,196449.079471212,241548.974880865,354561.455449228,587564.380723822,873198.444394881,478481.00418152,560352.955828694,648380.60801944,311139.488666917,152368.6018375,108283.312386865,151075.424081048,119658.347712361,97043.6758654993,1990030.21563745,1970834.99825692,431907.880049195,1035416.15323263,1278345.79730867,1357939.06153808,1362582.92977709,992569.692380662,1067583.70106721,846840.245621544,963956.578730661,1554676.45886292,683288.082648554,345879.214368545,274443.580457839,318015.25351508,305823.183365862,174040.19658787,2002162.28217131,2004467.62634384,2021158.93416335,2008403.31344271,131499.172192605,124896.945276811,230260.652429584,369906.966334456,543199.536569849,676106.833494267,455056.228363966,351916.913505833,293142.375709071,161623.565107108,124381.491136647,134006.930539351,109432.92261898,132736.664087702,360341.281094831,597017.083321786,497092.311032328,377032.754778185,400213.066543582,372995.090327753,386579.580515185,205164.904536859,TRUE,FALSE,FALSE,FALSE,FALSE,FALSE,FALSE,FALSE,FALSE,FALSE,FALSE,FALSE,FALSE,FALSE,FALSE,TRUE,FALSE,FALSE,FALSE,FALSE,FALSE,FALSE,FALSE,FALSE,FALSE,FALSE,FALSE,FALSE,FALSE,FALSE,FALSE,FALSE,TRUE,FALSE,FALSE,FALSE,FALSE,FALSE,FALSE,FALSE,FALSE,FALSE,FALSE,FALSE,FALSE,FALSE,FALSE,FALSE,FALSE,FALSE,FALSE,FALSE,FALSE,FALSE,FALSE,FALSE,TRUE,FALSE,FALSE,FALSE,FALSE,FALSE,FALSE,FALSE,FALSE,FALSE,FALSE,FALSE,FALSE,FALSE,FALSE,FALSE,FALSE,FALSE,FALSE,FALSE,FALSE,FALSE,FALSE,FALSE,FALSE,FALSE,FALSE,FALSE,FALSE,FALSE,FALSE,FALSE,FALSE,FALSE,FALSE,FALSE,FALSE,FALSE,FALSE,FALSE,FALSE,FALSE,FALSE,FALSE,FALSE,FALSE,FALSE,FALSE,FALSE,FALSE,FALSE,FALSE,FALSE,FALSE,FALSE,FALSE,FALSE,FALSE
"24 Before",2023-01-24 12:01:06.05,"2023-01-24","12H 1M 6.05S","Before","Aurora","V0333","Flow Core",1514,348,627,785,510,362,498,432,509,296,392,391,570,979,703,1231,182,182,296,368,285,212,257,216,286,421,275,309,260,246,255,347,624,379,548,548,148,148,1044,472,479,469,463,290,545,458,717,485,304,412,704,622,176,288,353,275,215,285,504,207,-22.5,0,21.225,42.025,0.95,1.04,0.97,0.82,11.12,5.78,4.04,4.42,4.01,3.93,4.07,4.19,4.33,4.15,4.06,4.08,4.85,5.92,5.9,7.29,4.96,3.06,2.43,1.96,1.97,1.82,2,1.79,1.86,1.97,2.14,1.89,1.8,1.91,1.9,2.33,3.07,6.59,2.46,2.29,3.64,2.36,2.71,2.47,2.31,1.99,2.16,1.8,1.83,1.91,2.05,2.13,2.11,2.48,3.19,4.91,3.01,2.99,2.78,2.69,2.58,3.83,4.25,7.15,8592.37481495129,75950.3250776878,196449.079471212,241548.974880865,354561.455449228,587564.380723822,873198.444394881,478481.00418152,560352.955828694,648380.60801944,311139.488666917,152368.6018375,108283.312386865,151075.424081048,119658.347712361,97043.6758654993,1990030.21563745,1970834.99825692,431907.880049195,1035416.15323263,1278345.79730867,1357939.06153808,1362582.92977709,992569.692380662,1067583.70106721,846840.245621544,963956.578730661,1554676.45886292,683288.082648554,345879.214368545,274443.580457839,318015.25351508,305823.183365862,174040.19658787,2002162.28217131,2004467.62634384,2021158.93416335,2008403.31344271,131499.172192605,124896.945276811,230260.652429584,369906.966334456,543199.536569849,676106.833494267,455056.228363966,351916.913505833,293142.375709071,161623.565107108,124381.491136647,134006.930539351,109432.92261898,132736.664087702,360341.281094831,597017.083321786,497092.311032328,377032.754778185,400213.066543582,372995.090327753,386579.580515185,205164.904536859,TRUE,FALSE,FALSE,FALSE,FALSE,FALSE,FALSE,FALSE,FALSE,FALSE,FALSE,FALSE,FALSE,FALSE,FALSE,TRUE,FALSE,FALSE,FALSE,FALSE,FALSE,FALSE,FALSE,FALSE,FALSE,FALSE,FALSE,FALSE,FALSE,FALSE,FALSE,FALSE,TRUE,FALSE,FALSE,FALSE,FALSE,FALSE,FALSE,FALSE,FALSE,FALSE,FALSE,FALSE,FALSE,FALSE,FALSE,FALSE,FALSE,FALSE,FALSE,FALSE,FALSE,FALSE,FALSE,FALSE,TRUE,FALSE,FALSE,FALSE,FALSE,FALSE,FALSE,FALSE,FALSE,FALSE,FALSE,FALSE,FALSE,FALSE,FALSE,FALSE,FALSE,FALSE,FALSE,FALSE,FALSE,FALSE,FALSE,FALSE,FALSE,FALSE,FALSE,FALSE,FALSE,FALSE,FALSE,FALSE,FALSE,FALSE,FALSE,FALSE,FALSE,FALSE,FALSE,FALSE,FALSE,FALSE,FALSE,FALSE,FALSE,FALSE,FALSE,FALSE,FALSE,FALSE,FALSE,FALSE,FALSE,FALSE,FALSE,FALSE,FALSE,FALSE
"20 After",2023-01-20 14:58:49.63,"2023-01-20","14H 58M 49.63S","After","Aurora","V0333","Flow Core",1514,348,627,785,510,362,498,432,509,296,392,391,570,979,703,1231,182,182,296,368,285,212,257,216,286,421,275,309,260,246,255,347,624,379,548,548,148,148,1044,472,479,469,463,290,545,458,717,485,304,412,704,622,176,288,353,275,215,285,504,207,-22.5,0,21.225,42.025,0.95,1.04,0.97,0.82,10.21,5.14,3.58,3.96,3.45,3.55,3.59,3.77,3.83,3.83,3.7,3.75,3.94,4.31,4.94,6.01,5.23,3.28,2.95,2.09,1.89,1.64,1.67,1.59,1.56,1.66,1.84,1.69,1.63,1.76,1.77,2.25,2.81,5.81,2.47,2.34,3.99,2.58,2.42,2.13,1.94,1.75,2,1.66,1.72,1.82,1.94,2.07,1.94,2.23,2.82,3.67,2.74,2.73,2.47,2.47,2.31,3.21,3.24,5.52,8238.96890641284,76671.6899003168,194982.75844164,238786.570873868,352842.107435693,591111.69413537,872655.543458233,480982.03599112,553912.637062647,637708.830921509,313437.025333816,154249.009920296,107387.950578975,145321.630428224,119217.659571306,92164.185182077,1968240.26132873,1980569.72987914,474606.549822608,1117386.0019121,1321425.62638203,1332905.13586819,1257632.2091586,915890.923007149,998789.575851814,835496.452808619,954977.521839845,1594376.72657181,747959.61982861,378611.370915455,294415.278179457,326646.33155504,309864.128656364,171764.479534813,2013764.91071429,2026874.87629083,1975053.99615975,1973941.90850169,131323.245460403,125233.935612792,230323.204954042,365391.277470112,527212.74023913,653439.103704126,456056.348376983,352473.585997859,295453.598955826,162374.558070979,124673.154433961,134419.587736832,109756.980929022,133570.272605033,394296.353821902,630522.456464658,526803.740942843,397841.922985413,413427.753995525,383485.991370778,397496.609226407,212518.513444354,TRUE,FALSE,FALSE,FALSE,FALSE,FALSE,FALSE,FALSE,FALSE,FALSE,FALSE,FALSE,FALSE,FALSE,FALSE,TRUE,FALSE,FALSE,FALSE,FALSE,FALSE,FALSE,FALSE,FALSE,FALSE,FALSE,FALSE,FALSE,FALSE,FALSE,FALSE,FALSE,FALSE,FALSE,FALSE,FALSE,FALSE,FALSE,FALSE,FALSE,FALSE,FALSE,FALSE,FALSE,FALSE,FALSE,FALSE,FALSE,FALSE,FALSE,FALSE,FALSE,FALSE,FALSE,FALSE,FALSE,FALSE,FALSE,FALSE,FALSE,FALSE,FALSE,FALSE,FALSE,FALSE,FALSE,FALSE,FALSE,FALSE,FALSE,FALSE,FALSE,FALSE,FALSE,FALSE,FALSE,FALSE,FALSE,FALSE,FALSE,FALSE,FALSE,FALSE,FALSE,FALSE,FALSE,FALSE,FALSE,FALSE,FALSE,FALSE,FALSE,FALSE,FALSE,FALSE,FALSE,FALSE,FALSE,FALSE,FALSE,FALSE,FALSE,FALSE,FALSE,FALSE,FALSE,FALSE,FALSE,FALSE,FALSE,FALSE,FALSE,FALSE,FALSE
"20 After",2023-01-20 14:58:49.63,"2023-01-20","14H 58M 49.63S","After","Aurora","V0333","Flow Core",1514,348,627,785,510,362,498,432,509,296,392,391,570,979,703,1231,182,182,296,368,285,212,257,216,286,421,275,309,260,246,255,347,624,379,548,548,148,148,1044,472,479,469,463,290,545,458,717,485,304,412,704,622,176,288,353,275,215,285,504,207,-22.5,0,21.225,42.025,0.95,1.04,0.97,0.82,10.21,5.14,3.58,3.96,3.45,3.55,3.59,3.77,3.83,3.83,3.7,3.75,3.94,4.31,4.94,6.01,5.23,3.28,2.95,2.09,1.89,1.64,1.67,1.59,1.56,1.66,1.84,1.69,1.63,1.76,1.77,2.25,2.81,5.81,2.47,2.34,3.99,2.58,2.42,2.13,1.94,1.75,2,1.66,1.72,1.82,1.94,2.07,1.94,2.23,2.82,3.67,2.74,2.73,2.47,2.47,2.31,3.21,3.24,5.52,8238.96890641284,76671.6899003168,194982.75844164,238786.570873868,352842.107435693,591111.69413537,872655.543458233,480982.03599112,553912.637062647,637708.830921509,313437.025333816,154249.009920296,107387.950578975,145321.630428224,119217.659571306,92164.185182077,1968240.26132873,1980569.72987914,474606.549822608,1117386.0019121,1321425.62638203,1332905.13586819,1257632.2091586,915890.923007149,998789.575851814,835496.452808619,954977.521839845,1594376.72657181,747959.61982861,378611.370915455,294415.278179457,326646.33155504,309864.128656364,171764.479534813,2013764.91071429,2026874.87629083,1975053.99615975,1973941.90850169,131323.245460403,125233.935612792,230323.204954042,365391.277470112,527212.74023913,653439.103704126,456056.348376983,352473.585997859,295453.598955826,162374.558070979,124673.154433961,134419.587736832,109756.980929022,133570.272605033,394296.353821902,630522.456464658,526803.740942843,397841.922985413,413427.753995525,383485.991370778,397496.609226407,212518.513444354,TRUE,FALSE,FALSE,FALSE,FALSE,FALSE,FALSE,FALSE,FALSE,FALSE,FALSE,FALSE,FALSE,FALSE,FALSE,TRUE,FALSE,FALSE,FALSE,FALSE,FALSE,FALSE,FALSE,FALSE,FALSE,FALSE,FALSE,FALSE,FALSE,FALSE,FALSE,FALSE,FALSE,FALSE,FALSE,FALSE,FALSE,FALSE,FALSE,FALSE,FALSE,FALSE,FALSE,FALSE,FALSE,FALSE,FALSE,FALSE,FALSE,FALSE,FALSE,FALSE,FALSE,FALSE,FALSE,FALSE,FALSE,FALSE,FALSE,FALSE,FALSE,FALSE,FALSE,FALSE,FALSE,FALSE,FALSE,FALSE,FALSE,FALSE,FALSE,FALSE,FALSE,FALSE,FALSE,FALSE,FALSE,FALSE,FALSE,FALSE,FALSE,FALSE,FALSE,FALSE,FALSE,FALSE,FALSE,FALSE,FALSE,FALSE,FALSE,FALSE,FALSE,FALSE,FALSE,FALSE,FALSE,FALSE,FALSE,FALSE,FALSE,FALSE,FALSE,FALSE,FALSE,FALSE,FALSE,FALSE,FALSE,FALSE,FALSE,FALSE,FALSE,FALSE
"20 Before",2023-01-20 14:52:50.74,"2023-01-20","14H 52M 50.74S","Before","Aurora","V0333","Flow Core",1554,352,633,796,515,362,506,440,516,293,396,396,585,1004,717,1275,185,185,294,365,283,212,261,223,296,428,275,304,258,246,254,348,627,382,559,559,151,151,1076,479,483,465,456,285,549,458,727,492,307,416,711,629,188,297,365,281,218,289,508,209,-22.575,0,21.025,41.75,0.94,1.04,0.99,0.82,11.57,5.6,3.92,4.34,3.85,3.92,4.05,4.22,4.32,4.23,4.24,4.28,5.13,6.63,6.23,8.67,5.39,3.4,3.04,2.2,2.03,1.81,1.91,1.78,1.76,1.88,2.09,1.91,1.82,1.95,1.9,2.38,2.99,6.25,2.7,2.45,4.09,2.75,2.56,2.28,2.07,1.82,2.1,1.74,1.79,1.86,1.95,2.06,2.01,2.26,2.97,4.11,2.93,2.88,2.68,2.61,2.47,3.6,3.66,6.34,9515.51213306443,80807.032308069,208327.312818207,257705.335703235,373080.427455697,612317.046458806,923777.496651548,513911.803148512,589599.648469995,656375.484840735,332609.961983653,163826.432271986,119817.017918217,170306.80235122,134853.489468798,111568.685404943,2006622.39746979,1975804.29843276,452964.762182321,1058066.13514315,1263389.1556518,1306133.7446168,1291426.98342125,954484.036658764,1045488.22483288,847587.300674616,951522.735338605,1549361.00380441,712997.687177483,363493.294235061,283036.989624384,318722.613881082,305694.322464712,172038.424024361,2072909.42239426,2056298.24310825,2031747.79859013,2012298.27316227,135011.773515422,127014.261429237,233671.052734974,360462.82740625,521479.390209118,648242.017949598,462209.693817074,351442.77164174,301403.675105995,162588.514809548,125753.769452639,135881.069860885,110613.531568892,135367.371350604,425551.182598666,659279.734688852,546237.24041693,411762.109890647,426023.145603194,395306.438668995,409409.091337567,218515.032309027,TRUE,FALSE,FALSE,FALSE,FALSE,FALSE,FALSE,FALSE,FALSE,FALSE,FALSE,FALSE,FALSE,TRUE,TRUE,TRUE,FALSE,FALSE,FALSE,FALSE,FALSE,FALSE,FALSE,FALSE,FALSE,FALSE,FALSE,FALSE,FALSE,FALSE,FALSE,FALSE,TRUE,FALSE,FALSE,FALSE,FALSE,FALSE,FALSE,FALSE,FALSE,FALSE,FALSE,FALSE,FALSE,FALSE,FALSE,FALSE,FALSE,FALSE,FALSE,FALSE,FALSE,FALSE,FALSE,FALSE,TRUE,FALSE,FALSE,FALSE,FALSE,FALSE,FALSE,FALSE,FALSE,FALSE,FALSE,FALSE,FALSE,FALSE,FALSE,FALSE,FALSE,FALSE,FALSE,FALSE,FALSE,FALSE,FALSE,FALSE,FALSE,FALSE,FALSE,FALSE,FALSE,FALSE,FALSE,FALSE,FALSE,FALSE,FALSE,FALSE,FALSE,FALSE,FALSE,FALSE,FALSE,FALSE,FALSE,FALSE,FALSE,FALSE,FALSE,FALSE,FALSE,FALSE,FALSE,FALSE,FALSE,FALSE,FALSE,FALSE,FALSE,FALSE
"20 Before",2023-01-20 14:52:50.74,"2023-01-20","14H 52M 50.74S","Before","Aurora","V0333","Flow Core",1554,352,633,796,515,362,506,440,516,293,396,396,585,1004,717,1275,185,185,294,365,283,212,261,223,296,428,275,304,258,246,254,348,627,382,559,559,151,151,1076,479,483,465,456,285,549,458,727,492,307,416,711,629,188,297,365,281,218,289,508,209,-22.575,0,21.025,41.75,0.94,1.04,0.99,0.82,11.57,5.6,3.92,4.34,3.85,3.92,4.05,4.22,4.32,4.23,4.24,4.28,5.13,6.63,6.23,8.67,5.39,3.4,3.04,2.2,2.03,1.81,1.91,1.78,1.76,1.88,2.09,1.91,1.82,1.95,1.9,2.38,2.99,6.25,2.7,2.45,4.09,2.75,2.56,2.28,2.07,1.82,2.1,1.74,1.79,1.86,1.95,2.06,2.01,2.26,2.97,4.11,2.93,2.88,2.68,2.61,2.47,3.6,3.66,6.34,9515.51213306443,80807.032308069,208327.312818207,257705.335703235,373080.427455697,612317.046458806,923777.496651548,513911.803148512,589599.648469995,656375.484840735,332609.961983653,163826.432271986,119817.017918217,170306.80235122,134853.489468798,111568.685404943,2006622.39746979,1975804.29843276,452964.762182321,1058066.13514315,1263389.1556518,1306133.7446168,1291426.98342125,954484.036658764,1045488.22483288,847587.300674616,951522.735338605,1549361.00380441,712997.687177483,363493.294235061,283036.989624384,318722.613881082,305694.322464712,172038.424024361,2072909.42239426,2056298.24310825,2031747.79859013,2012298.27316227,135011.773515422,127014.261429237,233671.052734974,360462.82740625,521479.390209118,648242.017949598,462209.693817074,351442.77164174,301403.675105995,162588.514809548,125753.769452639,135881.069860885,110613.531568892,135367.371350604,425551.182598666,659279.734688852,546237.24041693,411762.109890647,426023.145603194,395306.438668995,409409.091337567,218515.032309027,TRUE,FALSE,FALSE,FALSE,FALSE,FALSE,FALSE,FALSE,FALSE,FALSE,FALSE,FALSE,FALSE,TRUE,TRUE,TRUE,FALSE,FALSE,FALSE,FALSE,FALSE,FALSE,FALSE,FALSE,FALSE,FALSE,FALSE,FALSE,FALSE,FALSE,FALSE,FALSE,TRUE,FALSE,FALSE,FALSE,FALSE,FALSE,FALSE,FALSE,FALSE,FALSE,FALSE,FALSE,FALSE,FALSE,FALSE,FALSE,FALSE,FALSE,FALSE,FALSE,FALSE,FALSE,FALSE,FALSE,TRUE,FALSE,FALSE,FALSE,FALSE,FALSE,FALSE,FALSE,FALSE,FALSE,FALSE,FALSE,FALSE,FALSE,FALSE,FALSE,FALSE,FALSE,FALSE,FALSE,FALSE,FALSE,FALSE,FALSE,FALSE,FALSE,FALSE,FALSE,FALSE,FALSE,FALSE,FALSE,FALSE,FALSE,FALSE,FALSE,FALSE,FALSE,FALSE,FALSE,FALSE,FALSE,FALSE,FALSE,FALSE,FALSE,FALSE,FALSE,FALSE,FALSE,FALSE,FALSE,FALSE,FALSE,FALSE,FALSE,FALSE,FALSE
"18 before",2023-01-18 10:02:23.24,"2023-01-18","10H 2M 23.24S","Before","Aurora","V0333","Flow Core",1607,353,661,828,530,374,525,451,535,301,415,413,622,1084,750,1365,191,191,303,370,286,213,271,232,311,444,278,305,264,250,257,351,628,383,573,573,157,157,1097,487,497,480,464,288,571,477,750,508,317,427,725,642,193,301,368,285,216,284,498,202,-22.575,0,21.025,41.75,0.91,1.02,1.03,0.82,11.01,5.85,3.55,3.94,3.56,3.64,3.73,3.89,3.97,3.94,3.75,3.83,4.63,6.15,6.31,8.39,4.92,2.94,2.95,2.25,2.1,1.92,2.03,1.94,1.91,2,2.22,1.97,1.9,2.02,1.94,2.35,3.13,6.8,2.76,2.57,4,2.44,3.49,3.35,3.26,2.94,2.95,2.54,2.47,2.53,2.71,2.77,2.78,3.15,3.92,6.18,3.27,3.3,3.11,3.06,3.02,4.33,4.76,7.89,9005.76531065771,77352.1591623188,205052.401812511,252263.817237374,369247.290039364,606729.16447241,924790.468165689,509079.554654928,594838.368565384,666835.491981112,335560.066034761,164965.959372883,118272.743095539,161860.215106746,128247.925600758,103475.880679861,2028671.51152428,1922842.58199852,442716.503212493,1027780.97450811,1213719.12953017,1259039.81410975,1278926.06586641,955330.937927936,1062201.11495591,849574.465797129,929761.378955457,1497682.44576778,695260.794004647,354363.253930654,273537.404724758,308858.636730662,293050.805786132,163326.940895534,2084079.58950522,2022808.91106649,2161364.22249539,2088922.81350303,136481.299012043,126836.873820461,236309.255811746,365487.345746122,523094.193139183,643952.116626951,469315.60999996,357184.773161624,303529.926245153,165509.008674747,127483.715705277,136196.798256091,110985.666805945,134682.688317074,438987.553773578,676115.705337633,562036.120937274,423626.129463025,431280.365659954,395011.549046759,404989.529038324,212406.701215904,TRUE,FALSE,FALSE,FALSE,FALSE,FALSE,FALSE,FALSE,FALSE,FALSE,FALSE,FALSE,FALSE,TRUE,TRUE,TRUE,FALSE,FALSE,FALSE,FALSE,FALSE,FALSE,FALSE,FALSE,FALSE,FALSE,FALSE,FALSE,FALSE,FALSE,FALSE,FALSE,TRUE,FALSE,FALSE,FALSE,FALSE,FALSE,FALSE,FALSE,FALSE,FALSE,FALSE,FALSE,FALSE,FALSE,FALSE,FALSE,TRUE,FALSE,FALSE,FALSE,FALSE,FALSE,FALSE,FALSE,TRUE,FALSE,FALSE,FALSE,FALSE,FALSE,FALSE,FALSE,FALSE,FALSE,FALSE,FALSE,FALSE,FALSE,FALSE,FALSE,FALSE,FALSE,FALSE,FALSE,FALSE,FALSE,FALSE,FALSE,FALSE,FALSE,FALSE,FALSE,FALSE,FALSE,FALSE,FALSE,FALSE,FALSE,FALSE,FALSE,FALSE,FALSE,FALSE,FALSE,FALSE,FALSE,FALSE,FALSE,FALSE,FALSE,FALSE,FALSE,FALSE,FALSE,FALSE,FALSE,FALSE,FALSE,FALSE,FALSE,FALSE,FALSE
"18 before",2023-01-18 10:02:23.24,"2023-01-18","10H 2M 23.24S","Before","Aurora","V0333","Flow Core",1607,353,661,828,530,374,525,451,535,301,415,413,622,1084,750,1365,191,191,303,370,286,213,271,232,311,444,278,305,264,250,257,351,628,383,573,573,157,157,1097,487,497,480,464,288,571,477,750,508,317,427,725,642,193,301,368,285,216,284,498,202,-22.575,0,21.025,41.75,0.91,1.02,1.03,0.82,11.01,5.85,3.55,3.94,3.56,3.64,3.73,3.89,3.97,3.94,3.75,3.83,4.63,6.15,6.31,8.39,4.92,2.94,2.95,2.25,2.1,1.92,2.03,1.94,1.91,2,2.22,1.97,1.9,2.02,1.94,2.35,3.13,6.8,2.76,2.57,4,2.44,3.49,3.35,3.26,2.94,2.95,2.54,2.47,2.53,2.71,2.77,2.78,3.15,3.92,6.18,3.27,3.3,3.11,3.06,3.02,4.33,4.76,7.89,9005.76531065771,77352.1591623188,205052.401812511,252263.817237374,369247.290039364,606729.16447241,924790.468165689,509079.554654928,594838.368565384,666835.491981112,335560.066034761,164965.959372883,118272.743095539,161860.215106746,128247.925600758,103475.880679861,2028671.51152428,1922842.58199852,442716.503212493,1027780.97450811,1213719.12953017,1259039.81410975,1278926.06586641,955330.937927936,1062201.11495591,849574.465797129,929761.378955457,1497682.44576778,695260.794004647,354363.253930654,273537.404724758,308858.636730662,293050.805786132,163326.940895534,2084079.58950522,2022808.91106649,2161364.22249539,2088922.81350303,136481.299012043,126836.873820461,236309.255811746,365487.345746122,523094.193139183,643952.116626951,469315.60999996,357184.773161624,303529.926245153,165509.008674747,127483.715705277,136196.798256091,110985.666805945,134682.688317074,438987.553773578,676115.705337633,562036.120937274,423626.129463025,431280.365659954,395011.549046759,404989.529038324,212406.701215904,TRUE,FALSE,FALSE,FALSE,FALSE,FALSE,FALSE,FALSE,FALSE,FALSE,FALSE,FALSE,FALSE,TRUE,TRUE,TRUE,FALSE,FALSE,FALSE,FALSE,FALSE,FALSE,FALSE,FALSE,FALSE,FALSE,FALSE,FALSE,FALSE,FALSE,FALSE,FALSE,TRUE,FALSE,FALSE,FALSE,FALSE,FALSE,FALSE,FALSE,FALSE,FALSE,FALSE,FALSE,FALSE,FALSE,FALSE,FALSE,TRUE,FALSE,FALSE,FALSE,FALSE,FALSE,FALSE,FALSE,TRUE,FALSE,FALSE,FALSE,FALSE,FALSE,FALSE,FALSE,FALSE,FALSE,FALSE,FALSE,FALSE,FALSE,FALSE,FALSE,FALSE,FALSE,FALSE,FALSE,FALSE,FALSE,FALSE,FALSE,FALSE,FALSE,FALSE,FALSE,FALSE,FALSE,FALSE,FALSE,FALSE,FALSE,FALSE,FALSE,FALSE,FALSE,FALSE,FALSE,FALSE,FALSE,FALSE,FALSE,FALSE,FALSE,FALSE,FALSE,FALSE,FALSE,FALSE,FALSE,FALSE,FALSE,FALSE,FALSE,FALSE,FALSE
"11 After",2023-01-12 13:09:39.18,"2023-01-12","13H 9M 39.18S","After","Aurora","V0333","Flow Core",1485,343,633,807,512,363,498,436,519,301,395,394,580,994,697,1247,193,193,332,394,286,203,246,218,306,493,333,369,275,243,240,321,567,353,574,574,158,158,1108,490,506,493,497,311,568,473,748,508,319,435,741,658,167,272,336,262,210,282,497,203,-22.575,0,21.075,41.90001,0.91,1.01,1.03,0.83,10.19,5.11,3.46,3.79,3.36,3.31,3.38,3.48,3.46,3.53,3.39,3.53,3.7,3.85,4.52,5.74,5.03,3.18,1.94,1.78,1.76,1.67,1.91,1.56,1.54,1.42,1.71,1.58,1.48,1.66,1.6,1.96,2.36,4.29,2.34,2.29,4.2,3.1,2.69,2.52,2.37,2.15,2.32,1.96,1.99,2.11,2.12,2.23,2.3,2.46,3.05,3.52,2.82,2.69,2.51,2.52,2.27,2.9,2.73,4.09,8649.40229879984,78205.6047589147,203130.152487215,247785.93521973,359957.822837715,600744.182686119,888407.54602301,494321.219448919,572797.521435027,644161.131434231,318890.158326028,156872.540922547,110947.528025786,154377.487854691,124176.188245277,98070.1224125235,1963566.71225248,1964431.21037087,469044.95259122,1105054.55396026,1295683.1689837,1312337.53498478,1248799.73979512,918935.269304819,993919.116410594,818056.63246018,960034.14055566,1592487.13849817,733002.930452995,370121.563116973,287503.16261826,322210.556026925,307688.251751359,172051.232112397,2026158.32982673,2040600.98372718,1993522.59715347,1986508.48355418,130884.494923091,123994.084261224,231375.426955203,360373.578187653,530933.108080409,656496.614189134,455025.761100976,347443.553257176,294306.542037057,160139.869679602,123813.520994769,134288.402064744,110123.994046477,135004.127052909,391618.232404324,619839.575290262,513001.81663486,392902.65871538,410723.459843732,384078.931720898,399657.3884282,215060.209060668,TRUE,FALSE,FALSE,FALSE,FALSE,FALSE,FALSE,FALSE,FALSE,FALSE,FALSE,FALSE,FALSE,FALSE,FALSE,FALSE,FALSE,FALSE,FALSE,FALSE,FALSE,FALSE,FALSE,FALSE,FALSE,FALSE,FALSE,FALSE,FALSE,FALSE,FALSE,FALSE,FALSE,FALSE,FALSE,FALSE,FALSE,FALSE,FALSE,FALSE,FALSE,FALSE,FALSE,FALSE,FALSE,FALSE,FALSE,FALSE,FALSE,FALSE,FALSE,FALSE,FALSE,FALSE,FALSE,FALSE,FALSE,FALSE,FALSE,FALSE,FALSE,FALSE,FALSE,FALSE,FALSE,FALSE,FALSE,FALSE,FALSE,FALSE,FALSE,FALSE,FALSE,FALSE,FALSE,FALSE,FALSE,FALSE,FALSE,FALSE,FALSE,FALSE,FALSE,FALSE,FALSE,FALSE,FALSE,FALSE,FALSE,FALSE,FALSE,FALSE,FALSE,FALSE,FALSE,FALSE,FALSE,FALSE,FALSE,FALSE,FALSE,FALSE,FALSE,FALSE,FALSE,FALSE,FALSE,FALSE,FALSE,FALSE,FALSE,FALSE,FALSE,FALSE
"11 Before",2023-01-12 13:02:39.15,"2023-01-12","13H 2M 39.15S","Before","Aurora","V0333","Flow Core",1542,346,633,814,514,363,500,438,515,292,394,395,588,1022,713,1283,185,185,296,360,276,207,264,228,302,439,280,309,258,242,250,342,619,379,560,560,152,152,1073,474,487,475,467,292,553,463,737,501,309,419,715,632,183,292,358,279,215,285,501,204,-22.425,0,21.125,41.84999,0.94,1.03,1,0.83,10.37,6.51,3.49,3.68,3.27,3.3,3.38,3.48,3.6,3.62,3.51,3.57,3.85,4.41,5.4,7.09,5.47,3.73,2.27,2.12,2.14,2.13,2.53,1.95,1.89,1.76,2.1,1.84,1.77,1.97,2,2.53,2.2,3.97,2.51,2.29,5.9,4.75,3.22,3.04,2.86,2.68,2.82,2.48,2.42,2.54,2.72,2.89,2.91,3.3,3.75,5.15,3.35,3.39,3.17,3.14,3.11,3.97,4.32,6.25,9337.60860713183,77452.1964009407,201136.993208609,250476.564596545,363351.585684392,597970.906404885,885657.331987788,494534.164890278,566307.104638178,624443.50762718,321365.638446951,158439.751262221,115001.084291442,163393.562964621,128813.632943985,105173.624857729,1830990.93948655,1921936.47920894,427677.054796799,1037680.1999624,1297029.06631457,1382118.45727189,1369546.99221367,970407.001010182,1004264.11890071,753806.674696479,821766.54093092,1373996.12412292,713052.890694775,382956.404618586,310293.737716769,349871.354553053,344110.626862326,188643.379628044,1941833.55501222,2004822.4935437,1837574.13386308,1882811.56500251,129226.990350244,120691.31072801,224020.797691839,354528.831228843,505819.545173591,626575.537667421,444368.539737777,340148.986332145,298288.045417955,162141.843658725,120973.889685814,130347.903592691,106441.300502998,129423.154306287,412532.26459703,635315.510684219,532108.277410665,398271.50547257,402176.320483624,368106.958856445,381182.521651895,203748.100573532,TRUE,TRUE,FALSE,FALSE,FALSE,FALSE,FALSE,FALSE,FALSE,FALSE,FALSE,FALSE,FALSE,FALSE,FALSE,TRUE,FALSE,FALSE,FALSE,FALSE,FALSE,FALSE,FALSE,FALSE,FALSE,FALSE,FALSE,FALSE,FALSE,FALSE,FALSE,FALSE,FALSE,FALSE,FALSE,FALSE,FALSE,FALSE,FALSE,FALSE,FALSE,FALSE,FALSE,FALSE,FALSE,FALSE,FALSE,FALSE,FALSE,FALSE,FALSE,FALSE,FALSE,FALSE,FALSE,FALSE,TRUE,FALSE,FALSE,FALSE,FALSE,FALSE,FALSE,FALSE,FALSE,FALSE,FALSE,FALSE,FALSE,FALSE,FALSE,FALSE,FALSE,FALSE,FALSE,FALSE,FALSE,FALSE,FALSE,FALSE,FALSE,FALSE,FALSE,FALSE,FALSE,FALSE,FALSE,FALSE,FALSE,FALSE,FALSE,FALSE,FALSE,FALSE,FALSE,FALSE,FALSE,FALSE,FALSE,FALSE,FALSE,FALSE,FALSE,FALSE,FALSE,FALSE,FALSE,FALSE,FALSE,FALSE,FALSE,FALSE,FALSE,FALSE
"11 Before",2023-01-12 13:02:39.15,"2023-01-12","13H 2M 39.15S","Before","Aurora","V0333","Flow Core",1542,346,633,814,514,363,500,438,515,292,394,395,588,1022,713,1283,185,185,296,360,276,207,264,228,302,439,280,309,258,242,250,342,619,379,560,560,152,152,1073,474,487,475,467,292,553,463,737,501,309,419,715,632,183,292,358,279,215,285,501,204,-22.425,0,21.125,41.84999,0.94,1.03,1,0.83,10.37,6.51,3.49,3.68,3.27,3.3,3.38,3.48,3.6,3.62,3.51,3.57,3.85,4.41,5.4,7.09,5.47,3.73,2.27,2.12,2.14,2.13,2.53,1.95,1.89,1.76,2.1,1.84,1.77,1.97,2,2.53,2.2,3.97,2.51,2.29,5.9,4.75,3.22,3.04,2.86,2.68,2.82,2.48,2.42,2.54,2.72,2.89,2.91,3.3,3.75,5.15,3.35,3.39,3.17,3.14,3.11,3.97,4.32,6.25,9337.60860713183,77452.1964009407,201136.993208609,250476.564596545,363351.585684392,597970.906404885,885657.331987788,494534.164890278,566307.104638178,624443.50762718,321365.638446951,158439.751262221,115001.084291442,163393.562964621,128813.632943985,105173.624857729,1830990.93948655,1921936.47920894,427677.054796799,1037680.1999624,1297029.06631457,1382118.45727189,1369546.99221367,970407.001010182,1004264.11890071,753806.674696479,821766.54093092,1373996.12412292,713052.890694775,382956.404618586,310293.737716769,349871.354553053,344110.626862326,188643.379628044,1941833.55501222,2004822.4935437,1837574.13386308,1882811.56500251,129226.990350244,120691.31072801,224020.797691839,354528.831228843,505819.545173591,626575.537667421,444368.539737777,340148.986332145,298288.045417955,162141.843658725,120973.889685814,130347.903592691,106441.300502998,129423.154306287,412532.26459703,635315.510684219,532108.277410665,398271.50547257,402176.320483624,368106.958856445,381182.521651895,203748.100573532,TRUE,TRUE,FALSE,FALSE,FALSE,FALSE,FALSE,FALSE,FALSE,FALSE,FALSE,FALSE,FALSE,FALSE,FALSE,TRUE,FALSE,FALSE,FALSE,FALSE,FALSE,FALSE,FALSE,FALSE,FALSE,FALSE,FALSE,FALSE,FALSE,FALSE,FALSE,FALSE,FALSE,FALSE,FALSE,FALSE,FALSE,FALSE,FALSE,FALSE,FALSE,FALSE,FALSE,FALSE,FALSE,FALSE,FALSE,FALSE,FALSE,FALSE,FALSE,FALSE,FALSE,FALSE,FALSE,FALSE,TRUE,FALSE,FALSE,FALSE,FALSE,FALSE,FALSE,FALSE,FALSE,FALSE,FALSE,FALSE,FALSE,FALSE,FALSE,FALSE,FALSE,FALSE,FALSE,FALSE,FALSE,FALSE,FALSE,FALSE,FALSE,FALSE,FALSE,FALSE,FALSE,FALSE,FALSE,FALSE,FALSE,FALSE,FALSE,FALSE,FALSE,FALSE,FALSE,FALSE,FALSE,FALSE,FALSE,FALSE,FALSE,FALSE,FALSE,FALSE,FALSE,FALSE,FALSE,FALSE,FALSE,FALSE,FALSE,FALSE,FALSE,FALSE
"10 After",2023-01-10 10:30:30.53,"2023-01-10","10H 30M 30.53S","After","Aurora","V0333","Flow Core",1542,346,633,814,514,363,500,438,515,292,394,395,588,1022,713,1283,185,185,296,360,276,207,264,228,302,439,280,309,258,242,250,342,619,379,560,560,152,152,1073,474,487,475,467,292,553,463,737,501,309,419,715,632,183,292,358,279,215,285,501,204,-22.425,0,21.125,41.84999,0.94,1.03,1,0.83,10.78,5.42,3.96,4.48,3.83,3.79,3.96,4.07,4.15,4.01,4.03,4.15,4.86,5.95,5.63,7.32,5.22,3.28,2.86,2.23,2.13,1.82,1.81,1.63,1.6,1.62,1.86,1.69,1.68,1.85,1.75,2.17,2.62,5.47,2.47,2.3,4.68,3.15,2.66,2.5,2.31,2.07,2.27,1.91,1.93,2,2.1,2.22,2.19,2.4,2.97,4.24,3.01,2.99,2.8,2.7,2.55,3.49,3.54,5.73,9272.94195834986,80316.8729028355,209028.720732441,260811.182804127,374718.303628223,616865.489940567,915281.209411137,509701.172415222,591437.286044446,661397.494617056,330993.768442174,162455.25107728,117683.353986742,166623.033537116,130568.237724882,105992.372299641,1972774.00373253,1987209.97153929,475049.547813277,1118205.44395985,1319709.31161444,1329543.88178581,1271007.74839576,925101.109543622,1004403.1752597,835319.231333745,955324.101216622,1585382.25723532,750153.890528959,381207.031860708,294705.992430294,325963.175994569,313070.479633488,172962.203693636,2031575.12762071,2050241.38350925,1998968.81194409,1996473.13080925,133063.059286365,123701.90185562,230539.736171339,367221.955158419,533060.688487501,660498.472974004,455469.815440896,347607.718064685,302958.147697071,165612.987802398,124665.989655916,135053.254732291,110518.878100651,135153.137965293,402906.461476991,633515.552944019,529623.345212471,400568.90184244,416242.442825501,387240.932494625,401042.171580448,213771.878715615,TRUE,FALSE,FALSE,FALSE,FALSE,FALSE,FALSE,FALSE,FALSE,FALSE,FALSE,FALSE,FALSE,FALSE,FALSE,TRUE,FALSE,FALSE,FALSE,FALSE,FALSE,FALSE,FALSE,FALSE,FALSE,FALSE,FALSE,FALSE,FALSE,FALSE,FALSE,FALSE,FALSE,FALSE,FALSE,FALSE,FALSE,FALSE,FALSE,FALSE,FALSE,FALSE,FALSE,FALSE,FALSE,FALSE,FALSE,FALSE,FALSE,FALSE,FALSE,FALSE,FALSE,FALSE,FALSE,FALSE,FALSE,FALSE,FALSE,FALSE,FALSE,FALSE,FALSE,FALSE,FALSE,FALSE,FALSE,FALSE,FALSE,FALSE,FALSE,FALSE,FALSE,FALSE,FALSE,FALSE,FALSE,FALSE,FALSE,FALSE,FALSE,FALSE,FALSE,FALSE,FALSE,FALSE,FALSE,FALSE,FALSE,FALSE,FALSE,FALSE,FALSE,FALSE,FALSE,FALSE,FALSE,FALSE,FALSE,FALSE,FALSE,FALSE,FALSE,FALSE,FALSE,FALSE,FALSE,FALSE,FALSE,FALSE,FALSE,FALSE,FALSE,FALSE
"10 After",2023-01-10 10:30:30.53,"2023-01-10","10H 30M 30.53S","After","Aurora","V0333","Flow Core",1542,346,633,814,514,363,500,438,515,292,394,395,588,1022,713,1283,185,185,296,360,276,207,264,228,302,439,280,309,258,242,250,342,619,379,560,560,152,152,1073,474,487,475,467,292,553,463,737,501,309,419,715,632,183,292,358,279,215,285,501,204,-22.425,0,21.125,41.84999,0.94,1.03,1,0.83,10.78,5.42,3.96,4.48,3.83,3.79,3.96,4.07,4.15,4.01,4.03,4.15,4.86,5.95,5.63,7.32,5.22,3.28,2.86,2.23,2.13,1.82,1.81,1.63,1.6,1.62,1.86,1.69,1.68,1.85,1.75,2.17,2.62,5.47,2.47,2.3,4.68,3.15,2.66,2.5,2.31,2.07,2.27,1.91,1.93,2,2.1,2.22,2.19,2.4,2.97,4.24,3.01,2.99,2.8,2.7,2.55,3.49,3.54,5.73,9272.94195834986,80316.8729028355,209028.720732441,260811.182804127,374718.303628223,616865.489940567,915281.209411137,509701.172415222,591437.286044446,661397.494617056,330993.768442174,162455.25107728,117683.353986742,166623.033537116,130568.237724882,105992.372299641,1972774.00373253,1987209.97153929,475049.547813277,1118205.44395985,1319709.31161444,1329543.88178581,1271007.74839576,925101.109543622,1004403.1752597,835319.231333745,955324.101216622,1585382.25723532,750153.890528959,381207.031860708,294705.992430294,325963.175994569,313070.479633488,172962.203693636,2031575.12762071,2050241.38350925,1998968.81194409,1996473.13080925,133063.059286365,123701.90185562,230539.736171339,367221.955158419,533060.688487501,660498.472974004,455469.815440896,347607.718064685,302958.147697071,165612.987802398,124665.989655916,135053.254732291,110518.878100651,135153.137965293,402906.461476991,633515.552944019,529623.345212471,400568.90184244,416242.442825501,387240.932494625,401042.171580448,213771.878715615,TRUE,FALSE,FALSE,FALSE,FALSE,FALSE,FALSE,FALSE,FALSE,FALSE,FALSE,FALSE,FALSE,FALSE,FALSE,TRUE,FALSE,FALSE,FALSE,FALSE,FALSE,FALSE,FALSE,FALSE,FALSE,FALSE,FALSE,FALSE,FALSE,FALSE,FALSE,FALSE,FALSE,FALSE,FALSE,FALSE,FALSE,FALSE,FALSE,FALSE,FALSE,FALSE,FALSE,FALSE,FALSE,FALSE,FALSE,FALSE,FALSE,FALSE,FALSE,FALSE,FALSE,FALSE,FALSE,FALSE,FALSE,FALSE,FALSE,FALSE,FALSE,FALSE,FALSE,FALSE,FALSE,FALSE,FALSE,FALSE,FALSE,FALSE,FALSE,FALSE,FALSE,FALSE,FALSE,FALSE,FALSE,FALSE,FALSE,FALSE,FALSE,FALSE,FALSE,FALSE,FALSE,FALSE,FALSE,FALSE,FALSE,FALSE,FALSE,FALSE,FALSE,FALSE,FALSE,FALSE,FALSE,FALSE,FALSE,FALSE,FALSE,FALSE,FALSE,FALSE,FALSE,FALSE,FALSE,FALSE,FALSE,FALSE,FALSE,FALSE,FALSE,FALSE
"10 Before",2023-01-10 10:23:40.58,"2023-01-10","10H 23M 40.58S","Before","Aurora","V0333","Flow Core",1641,353,644,817,522,366,512,440,521,296,399,400,607,1079,742,1390,188,188,319,372,274,200,249,222,310,480,314,342,263,238,238,321,569,355,564,564,155,155,1074,489,492,485,480,300,570,477,732,509,315,427,729,644,179,289,352,275,213,283,498,203,-22.5,0,21.025,41.8,0.92,1.02,1.01,0.83,11.07,5.59,3.83,4.21,3.76,3.78,3.88,4.03,4.14,4.09,4.05,4.14,5.01,6.51,6.16,8.63,5.29,3.28,2.92,2.25,2.1,1.81,1.78,1.66,1.63,1.64,1.88,1.69,1.7,1.85,1.82,2.23,2.72,5.78,2.41,2.22,4.54,2.9,2.7,2.49,2.36,2.08,2.26,1.88,1.93,1.93,2.1,2.22,2.19,2.44,3.03,4.39,3.03,2.95,2.77,2.67,2.52,3.51,3.61,6.03,9724.39747441968,80877.5601622443,207054.405631614,253027.912019406,372346.359574662,607468.635530511,920961.173726648,507821.435163651,598507.091932273,682506.00315227,332149.524672516,162092.731493657,118106.082437767,168818.059179044,132589.075187201,110539.808995631,2009975.09238166,1959449.16941044,501592.407702792,1124957.03278214,1264440.37816408,1235100.80209121,1162732.05370916,895186.060590187,1013005.43070608,923232.961003324,1121934.40758882,1821450.15971914,748975.897930371,360086.923729173,268819.864010809,297036.998811668,279334.46154465,159339.960356785,2055037.39822485,2046987.21649553,2069762.08350592,2038583.85804158,132412.14539978,128148.58349205,232581.461754441,377110.275848043,568092.082697106,700707.684894048,469875.067029203,357699.547496678,292601.028349251,163919.219575853,126769.746332872,136571.92292908,112759.584607354,136658.635805873,368170.595977331,604750.402469387,495817.457295535,382762.980860793,407741.713072497,383928.456633916,399411.178813174,213143.057092587,TRUE,FALSE,FALSE,FALSE,FALSE,FALSE,FALSE,FALSE,FALSE,FALSE,FALSE,FALSE,FALSE,TRUE,TRUE,TRUE,FALSE,FALSE,FALSE,FALSE,FALSE,FALSE,FALSE,FALSE,FALSE,FALSE,FALSE,FALSE,FALSE,FALSE,FALSE,FALSE,FALSE,FALSE,FALSE,FALSE,FALSE,FALSE,FALSE,FALSE,FALSE,FALSE,FALSE,FALSE,FALSE,FALSE,FALSE,FALSE,FALSE,FALSE,FALSE,FALSE,FALSE,FALSE,FALSE,FALSE,TRUE,FALSE,FALSE,FALSE,FALSE,FALSE,FALSE,FALSE,FALSE,FALSE,FALSE,FALSE,FALSE,FALSE,FALSE,FALSE,FALSE,FALSE,FALSE,FALSE,FALSE,FALSE,FALSE,FALSE,FALSE,FALSE,FALSE,FALSE,FALSE,FALSE,FALSE,FALSE,FALSE,FALSE,FALSE,FALSE,FALSE,FALSE,FALSE,FALSE,FALSE,FALSE,FALSE,FALSE,FALSE,FALSE,FALSE,FALSE,FALSE,FALSE,FALSE,FALSE,FALSE,FALSE,FALSE,FALSE,FALSE,FALSE
"10 Before",2023-01-10 10:23:40.58,"2023-01-10","10H 23M 40.58S","Before","Aurora","V0333","Flow Core",1641,353,644,817,522,366,512,440,521,296,399,400,607,1079,742,1390,188,188,319,372,274,200,249,222,310,480,314,342,263,238,238,321,569,355,564,564,155,155,1074,489,492,485,480,300,570,477,732,509,315,427,729,644,179,289,352,275,213,283,498,203,-22.5,0,21.025,41.8,0.92,1.02,1.01,0.83,11.07,5.59,3.83,4.21,3.76,3.78,3.88,4.03,4.14,4.09,4.05,4.14,5.01,6.51,6.16,8.63,5.29,3.28,2.92,2.25,2.1,1.81,1.78,1.66,1.63,1.64,1.88,1.69,1.7,1.85,1.82,2.23,2.72,5.78,2.41,2.22,4.54,2.9,2.7,2.49,2.36,2.08,2.26,1.88,1.93,1.93,2.1,2.22,2.19,2.44,3.03,4.39,3.03,2.95,2.77,2.67,2.52,3.51,3.61,6.03,9724.39747441968,80877.5601622443,207054.405631614,253027.912019406,372346.359574662,607468.635530511,920961.173726648,507821.435163651,598507.091932273,682506.00315227,332149.524672516,162092.731493657,118106.082437767,168818.059179044,132589.075187201,110539.808995631,2009975.09238166,1959449.16941044,501592.407702792,1124957.03278214,1264440.37816408,1235100.80209121,1162732.05370916,895186.060590187,1013005.43070608,923232.961003324,1121934.40758882,1821450.15971914,748975.897930371,360086.923729173,268819.864010809,297036.998811668,279334.46154465,159339.960356785,2055037.39822485,2046987.21649553,2069762.08350592,2038583.85804158,132412.14539978,128148.58349205,232581.461754441,377110.275848043,568092.082697106,700707.684894048,469875.067029203,357699.547496678,292601.028349251,163919.219575853,126769.746332872,136571.92292908,112759.584607354,136658.635805873,368170.595977331,604750.402469387,495817.457295535,382762.980860793,407741.713072497,383928.456633916,399411.178813174,213143.057092587,TRUE,FALSE,FALSE,FALSE,FALSE,FALSE,FALSE,FALSE,FALSE,FALSE,FALSE,FALSE,FALSE,TRUE,TRUE,TRUE,FALSE,FALSE,FALSE,FALSE,FALSE,FALSE,FALSE,FALSE,FALSE,FALSE,FALSE,FALSE,FALSE,FALSE,FALSE,FALSE,FALSE,FALSE,FALSE,FALSE,FALSE,FALSE,FALSE,FALSE,FALSE,FALSE,FALSE,FALSE,FALSE,FALSE,FALSE,FALSE,FALSE,FALSE,FALSE,FALSE,FALSE,FALSE,FALSE,FALSE,TRUE,FALSE,FALSE,FALSE,FALSE,FALSE,FALSE,FALSE,FALSE,FALSE,FALSE,FALSE,FALSE,FALSE,FALSE,FALSE,FALSE,FALSE,FALSE,FALSE,FALSE,FALSE,FALSE,FALSE,FALSE,FALSE,FALSE,FALSE,FALSE,FALSE,FALSE,FALSE,FALSE,FALSE,FALSE,FALSE,FALSE,FALSE,FALSE,FALSE,FALSE,FALSE,FALSE,FALSE,FALSE,FALSE,FALSE,FALSE,FALSE,FALSE,FALSE,FALSE,FALSE,FALSE,FALSE,FALSE,FALSE,FALSE
"09 After",2023-01-09 17:11:55.83,"2023-01-09","17H 11M 55.83S","After","Aurora","V0333","Flow Core",1641,353,644,817,522,366,512,440,521,296,399,400,607,1079,742,1390,188,188,319,372,274,200,249,222,310,480,314,342,263,238,238,321,569,355,564,564,155,155,1074,489,492,485,480,300,570,477,732,509,315,427,729,644,179,289,352,275,213,283,498,203,-22.5,0,21.025,41.8,0.92,1.02,1.01,0.83,10.82,5.6,3.46,3.82,3.42,3.4,3.47,3.6,3.71,3.67,3.65,3.81,4.33,5.63,5.65,8.05,5.29,3.39,2.15,1.96,2.01,1.96,2.1,1.68,1.65,1.64,1.85,1.78,1.66,1.81,1.79,2.12,2.55,5.04,2.59,2.38,5.09,3.66,2.65,2.4,2.17,2.03,2.28,1.92,1.93,2,2.1,2.25,2.18,2.47,3.02,4.12,3.25,3.2,2.99,2.94,2.78,3.64,3.66,5.76,10627.1360910698,83259.3018087889,216355.167796861,267975.74132956,387089.945174476,626400.739960131,957496.569696232,524430.344609126,609674.380213331,674140.610059602,341329.814782687,167811.36271132,128061.206033987,192194.055963559,145028.793841657,128446.376587122,1955719.28857042,1951208.39865964,470638.350571676,1103099.51897678,1307209.38848706,1330178.17460219,1252106.22806531,919789.402750883,993504.40001121,831404.803119886,960572.121889687,1589402.40719406,738101.247981269,374328.904578562,290555.067118746,323435.251462783,306630.727970793,171299.833102898,2027630.19656759,2045914.82697946,1985888.88048478,1981576.46361612,129674.911665716,125859.763721645,229139.348003856,365198.016465626,535191.706568694,660492.688268485,462616.033308064,351995.157839394,291560.826488237,162871.052187025,125211.950861809,134718.98779435,111366.209318769,134695.662945052,399085.235808286,628032.589412611,516603.301156658,397170.421816137,412282.804292921,384316.558147335,399240.36842229,213905.581139109,TRUE,FALSE,FALSE,FALSE,FALSE,FALSE,FALSE,FALSE,FALSE,FALSE,FALSE,FALSE,FALSE,FALSE,FALSE,TRUE,FALSE,FALSE,FALSE,FALSE,FALSE,FALSE,FALSE,FALSE,FALSE,FALSE,FALSE,FALSE,FALSE,FALSE,FALSE,FALSE,FALSE,FALSE,FALSE,FALSE,FALSE,FALSE,FALSE,FALSE,FALSE,FALSE,FALSE,FALSE,FALSE,FALSE,FALSE,FALSE,FALSE,FALSE,FALSE,FALSE,FALSE,FALSE,FALSE,FALSE,FALSE,FALSE,FALSE,FALSE,FALSE,FALSE,FALSE,FALSE,FALSE,FALSE,FALSE,FALSE,FALSE,FALSE,FALSE,FALSE,FALSE,FALSE,FALSE,FALSE,FALSE,FALSE,FALSE,FALSE,FALSE,FALSE,FALSE,FALSE,FALSE,FALSE,FALSE,FALSE,FALSE,FALSE,FALSE,FALSE,FALSE,FALSE,FALSE,FALSE,FALSE,FALSE,FALSE,FALSE,FALSE,FALSE,FALSE,FALSE,FALSE,FALSE,FALSE,FALSE,FALSE,FALSE,FALSE,FALSE,FALSE,FALSE
"09 After",2023-01-09 17:11:55.83,"2023-01-09","17H 11M 55.83S","After","Aurora","V0333","Flow Core",1641,353,644,817,522,366,512,440,521,296,399,400,607,1079,742,1390,188,188,319,372,274,200,249,222,310,480,314,342,263,238,238,321,569,355,564,564,155,155,1074,489,492,485,480,300,570,477,732,509,315,427,729,644,179,289,352,275,213,283,498,203,-22.5,0,21.025,41.8,0.92,1.02,1.01,0.83,10.82,5.6,3.46,3.82,3.42,3.4,3.47,3.6,3.71,3.67,3.65,3.81,4.33,5.63,5.65,8.05,5.29,3.39,2.15,1.96,2.01,1.96,2.1,1.68,1.65,1.64,1.85,1.78,1.66,1.81,1.79,2.12,2.55,5.04,2.59,2.38,5.09,3.66,2.65,2.4,2.17,2.03,2.28,1.92,1.93,2,2.1,2.25,2.18,2.47,3.02,4.12,3.25,3.2,2.99,2.94,2.78,3.64,3.66,5.76,10627.1360910698,83259.3018087889,216355.167796861,267975.74132956,387089.945174476,626400.739960131,957496.569696232,524430.344609126,609674.380213331,674140.610059602,341329.814782687,167811.36271132,128061.206033987,192194.055963559,145028.793841657,128446.376587122,1955719.28857042,1951208.39865964,470638.350571676,1103099.51897678,1307209.38848706,1330178.17460219,1252106.22806531,919789.402750883,993504.40001121,831404.803119886,960572.121889687,1589402.40719406,738101.247981269,374328.904578562,290555.067118746,323435.251462783,306630.727970793,171299.833102898,2027630.19656759,2045914.82697946,1985888.88048478,1981576.46361612,129674.911665716,125859.763721645,229139.348003856,365198.016465626,535191.706568694,660492.688268485,462616.033308064,351995.157839394,291560.826488237,162871.052187025,125211.950861809,134718.98779435,111366.209318769,134695.662945052,399085.235808286,628032.589412611,516603.301156658,397170.421816137,412282.804292921,384316.558147335,399240.36842229,213905.581139109,TRUE,FALSE,FALSE,FALSE,FALSE,FALSE,FALSE,FALSE,FALSE,FALSE,FALSE,FALSE,FALSE,FALSE,FALSE,TRUE,FALSE,FALSE,FALSE,FALSE,FALSE,FALSE,FALSE,FALSE,FALSE,FALSE,FALSE,FALSE,FALSE,FALSE,FALSE,FALSE,FALSE,FALSE,FALSE,FALSE,FALSE,FALSE,FALSE,FALSE,FALSE,FALSE,FALSE,FALSE,FALSE,FALSE,FALSE,FALSE,FALSE,FALSE,FALSE,FALSE,FALSE,FALSE,FALSE,FALSE,FALSE,FALSE,FALSE,FALSE,FALSE,FALSE,FALSE,FALSE,FALSE,FALSE,FALSE,FALSE,FALSE,FALSE,FALSE,FALSE,FALSE,FALSE,FALSE,FALSE,FALSE,FALSE,FALSE,FALSE,FALSE,FALSE,FALSE,FALSE,FALSE,FALSE,FALSE,FALSE,FALSE,FALSE,FALSE,FALSE,FALSE,FALSE,FALSE,FALSE,FALSE,FALSE,FALSE,FALSE,FALSE,FALSE,FALSE,FALSE,FALSE,FALSE,FALSE,FALSE,FALSE,FALSE,FALSE,FALSE,FALSE,FALSE
"09 Before",2023-01-09 17:03:14.01,"2023-01-09","17H 3M 14.01S","Before","Aurora","V0333","Flow Core",1520,343,630,795,506,358,494,432,508,296,390,389,573,971,694,1232,188,188,310,370,276,205,258,223,297,435,290,329,281,264,265,345,596,342,564,564,153,153,1079,482,494,483,478,300,555,466,726,501,311,422,723,641,173,283,346,270,211,283,497,203,-22.5,0,21.075,41.85,0.93,1.03,1.01,0.83,10.36,5.44,3.57,3.9,3.45,3.4,3.51,3.64,3.72,3.72,3.61,3.66,4.1,4.95,5.32,6.85,5.26,3.36,2.13,1.89,1.97,1.96,2.13,1.65,1.64,1.64,1.83,1.71,1.64,1.81,1.79,2.19,2.69,5.33,2.59,2.36,5.02,3.62,2.56,2.32,2.08,1.86,2.11,1.79,1.82,1.9,2.04,2.14,2.11,2.35,2.94,3.99,3.25,3.2,2.97,2.89,2.78,3.71,3.75,5.96,9791.83934273422,81447.6999818822,211106.08419378,260256.469247268,373939.242721877,616363.315806015,913085.384818112,509450.736844831,596182.274129975,687913.989504116,331500.556253804,162269.126136301,119436.489495157,170245.878215009,135122.977609317,113702.51141939,1966385.30790212,1982695.62246142,465510.081133273,1113516.6377671,1333734.67589854,1379384.91575749,1330607.36500136,930994.366966306,964345.735016173,764094.659449568,925013.543081584,1612071.12777006,805011.336107015,420137.94597661,328840.913477577,352759.147371897,324195.208879516,168410.496765124,2032966.01543017,2052054.79857972,1962750.52345698,1977903.10563642,130693.79123213,125223.287102654,231289.290070966,372925.619404024,547564.552148791,687995.386867822,450638.65885837,349609.222523598,292474.618229259,163332.731217527,124544.964605145,134577.907273618,110503.20002398,136075.503337294,356388.529776205,590809.734895027,489605.854498714,378440.765036011,402111.144510009,380619.015489226,396153.41655382,211921.8308325,TRUE,FALSE,FALSE,FALSE,FALSE,FALSE,FALSE,FALSE,FALSE,FALSE,FALSE,FALSE,FALSE,FALSE,FALSE,TRUE,FALSE,FALSE,FALSE,FALSE,FALSE,FALSE,FALSE,FALSE,FALSE,FALSE,FALSE,FALSE,FALSE,FALSE,FALSE,FALSE,FALSE,FALSE,FALSE,FALSE,FALSE,FALSE,FALSE,FALSE,FALSE,FALSE,FALSE,FALSE,FALSE,FALSE,FALSE,FALSE,FALSE,FALSE,FALSE,FALSE,FALSE,FALSE,FALSE,FALSE,FALSE,FALSE,FALSE,FALSE,FALSE,FALSE,FALSE,FALSE,FALSE,FALSE,FALSE,FALSE,FALSE,FALSE,FALSE,FALSE,FALSE,FALSE,FALSE,FALSE,FALSE,FALSE,FALSE,FALSE,FALSE,FALSE,FALSE,FALSE,FALSE,FALSE,FALSE,FALSE,FALSE,FALSE,FALSE,FALSE,FALSE,FALSE,FALSE,FALSE,FALSE,FALSE,FALSE,FALSE,FALSE,FALSE,FALSE,FALSE,FALSE,FALSE,FALSE,FALSE,FALSE,FALSE,FALSE,FALSE,FALSE,FALSE
"09 Before",2023-01-09 17:03:14.01,"2023-01-09","17H 3M 14.01S","Before","Aurora","V0333","Flow Core",1520,343,630,795,506,358,494,432,508,296,390,389,573,971,694,1232,188,188,310,370,276,205,258,223,297,435,290,329,281,264,265,345,596,342,564,564,153,153,1079,482,494,483,478,300,555,466,726,501,311,422,723,641,173,283,346,270,211,283,497,203,-22.5,0,21.075,41.85,0.93,1.03,1.01,0.83,10.36,5.44,3.57,3.9,3.45,3.4,3.51,3.64,3.72,3.72,3.61,3.66,4.1,4.95,5.32,6.85,5.26,3.36,2.13,1.89,1.97,1.96,2.13,1.65,1.64,1.64,1.83,1.71,1.64,1.81,1.79,2.19,2.69,5.33,2.59,2.36,5.02,3.62,2.56,2.32,2.08,1.86,2.11,1.79,1.82,1.9,2.04,2.14,2.11,2.35,2.94,3.99,3.25,3.2,2.97,2.89,2.78,3.71,3.75,5.96,9791.83934273422,81447.6999818822,211106.08419378,260256.469247268,373939.242721877,616363.315806015,913085.384818112,509450.736844831,596182.274129975,687913.989504116,331500.556253804,162269.126136301,119436.489495157,170245.878215009,135122.977609317,113702.51141939,1966385.30790212,1982695.62246142,465510.081133273,1113516.6377671,1333734.67589854,1379384.91575749,1330607.36500136,930994.366966306,964345.735016173,764094.659449568,925013.543081584,1612071.12777006,805011.336107015,420137.94597661,328840.913477577,352759.147371897,324195.208879516,168410.496765124,2032966.01543017,2052054.79857972,1962750.52345698,1977903.10563642,130693.79123213,125223.287102654,231289.290070966,372925.619404024,547564.552148791,687995.386867822,450638.65885837,349609.222523598,292474.618229259,163332.731217527,124544.964605145,134577.907273618,110503.20002398,136075.503337294,356388.529776205,590809.734895027,489605.854498714,378440.765036011,402111.144510009,380619.015489226,396153.41655382,211921.8308325,TRUE,FALSE,FALSE,FALSE,FALSE,FALSE,FALSE,FALSE,FALSE,FALSE,FALSE,FALSE,FALSE,FALSE,FALSE,TRUE,FALSE,FALSE,FALSE,FALSE,FALSE,FALSE,FALSE,FALSE,FALSE,FALSE,FALSE,FALSE,FALSE,FALSE,FALSE,FALSE,FALSE,FALSE,FALSE,FALSE,FALSE,FALSE,FALSE,FALSE,FALSE,FALSE,FALSE,FALSE,FALSE,FALSE,FALSE,FALSE,FALSE,FALSE,FALSE,FALSE,FALSE,FALSE,FALSE,FALSE,FALSE,FALSE,FALSE,FALSE,FALSE,FALSE,FALSE,FALSE,FALSE,FALSE,FALSE,FALSE,FALSE,FALSE,FALSE,FALSE,FALSE,FALSE,FALSE,FALSE,FALSE,FALSE,FALSE,FALSE,FALSE,FALSE,FALSE,FALSE,FALSE,FALSE,FALSE,FALSE,FALSE,FALSE,FALSE,FALSE,FALSE,FALSE,FALSE,FALSE,FALSE,FALSE,FALSE,FALSE,FALSE,FALSE,FALSE,FALSE,FALSE,FALSE,FALSE,FALSE,FALSE,FALSE,FALSE,FALSE,FALSE,FALSE
"06 After",2023-01-06 10:07:17.49,"2023-01-06","10H 7M 17.49S","After","Aurora","V0333","Flow Core",1520,343,630,795,506,358,494,432,508,296,390,389,573,971,694,1232,188,188,310,370,276,205,258,223,297,435,290,329,281,264,265,345,596,342,564,564,153,153,1079,482,494,483,478,300,555,466,726,501,311,422,723,641,173,283,346,270,211,283,497,203,-22.5,0,21.075,41.85,0.93,1.03,1.01,0.83,10.17,4.85,3.78,4.2,3.75,3.73,3.86,4.01,4.02,3.9,3.88,3.89,4.43,4.67,4.87,5.94,3.13,2.17,1.93,1.8,1.85,1.64,1.61,1.62,1.58,1.64,1.8,1.67,1.62,1.7,1.75,1.65,2.14,3.48,2.42,2.34,3.28,2.44,2.49,2.23,2.11,1.89,2.22,1.86,1.97,2.08,2.17,2.24,2.2,2.54,3.05,3.75,2.66,2.86,2.63,2.51,2.29,2.81,3.13,4.53,8629.1985009576,76559.3434684738,205881.650322095,254197.785737249,366939.886122865,606316.58693994,898196.281584847,499528.378790082,575480.647800294,655914.320151035,324475.136770699,159147.527124029,113205.908278019,152872.575243819,123150.8965362,96495.9952957779,1923342.8772779,1956061.19497954,471491.62180193,1119343.25697192,1313719.24383501,1328605.8212714,1273902.3863013,928142.313120084,1006646.7721187,831430.221817365,964478.070737814,1609382.88404463,751245.877784678,378860.990606942,293061.869299445,326935.149422557,308084.00840763,171438.472627238,2023530.74231207,2039420.22121365,1981166.74715262,1996603.43374189,130066.494140994,125250.349628473,230050.821843778,365892.660288179,525716.081521747,657391.098990815,452463.151075675,350254.035737843,294073.898276201,164467.561526543,124259.3145134,133560.349318038,109237.673372456,132820.146888179,390396.492500122,620003.390987944,515948.057626069,395380.718906165,407493.628292707,377960.685472426,392398.490586128,207395.452975535,TRUE,FALSE,FALSE,FALSE,FALSE,FALSE,FALSE,FALSE,FALSE,FALSE,FALSE,FALSE,FALSE,FALSE,FALSE,FALSE,FALSE,FALSE,FALSE,FALSE,FALSE,FALSE,FALSE,FALSE,FALSE,FALSE,FALSE,FALSE,FALSE,FALSE,FALSE,FALSE,FALSE,FALSE,FALSE,FALSE,FALSE,FALSE,FALSE,FALSE,FALSE,FALSE,FALSE,FALSE,FALSE,FALSE,FALSE,FALSE,FALSE,FALSE,FALSE,FALSE,FALSE,FALSE,FALSE,FALSE,FALSE,FALSE,FALSE,FALSE,FALSE,FALSE,FALSE,FALSE,FALSE,FALSE,FALSE,FALSE,FALSE,FALSE,FALSE,FALSE,FALSE,FALSE,FALSE,FALSE,FALSE,FALSE,FALSE,FALSE,FALSE,FALSE,FALSE,FALSE,FALSE,FALSE,FALSE,FALSE,FALSE,FALSE,FALSE,FALSE,FALSE,FALSE,FALSE,FALSE,FALSE,FALSE,FALSE,FALSE,FALSE,FALSE,FALSE,FALSE,FALSE,FALSE,FALSE,FALSE,FALSE,FALSE,FALSE,FALSE,FALSE,FALSE
"06 After",2023-01-06 10:07:17.49,"2023-01-06","10H 7M 17.49S","After","Aurora","V0333","Flow Core",1520,343,630,795,506,358,494,432,508,296,390,389,573,971,694,1232,188,188,310,370,276,205,258,223,297,435,290,329,281,264,265,345,596,342,564,564,153,153,1079,482,494,483,478,300,555,466,726,501,311,422,723,641,173,283,346,270,211,283,497,203,-22.5,0,21.075,41.85,0.93,1.03,1.01,0.83,10.17,4.85,3.78,4.2,3.75,3.73,3.86,4.01,4.02,3.9,3.88,3.89,4.43,4.67,4.87,5.94,3.13,2.17,1.93,1.8,1.85,1.64,1.61,1.62,1.58,1.64,1.8,1.67,1.62,1.7,1.75,1.65,2.14,3.48,2.42,2.34,3.28,2.44,2.49,2.23,2.11,1.89,2.22,1.86,1.97,2.08,2.17,2.24,2.2,2.54,3.05,3.75,2.66,2.86,2.63,2.51,2.29,2.81,3.13,4.53,8629.1985009576,76559.3434684738,205881.650322095,254197.785737249,366939.886122865,606316.58693994,898196.281584847,499528.378790082,575480.647800294,655914.320151035,324475.136770699,159147.527124029,113205.908278019,152872.575243819,123150.8965362,96495.9952957779,1923342.8772779,1956061.19497954,471491.62180193,1119343.25697192,1313719.24383501,1328605.8212714,1273902.3863013,928142.313120084,1006646.7721187,831430.221817365,964478.070737814,1609382.88404463,751245.877784678,378860.990606942,293061.869299445,326935.149422557,308084.00840763,171438.472627238,2023530.74231207,2039420.22121365,1981166.74715262,1996603.43374189,130066.494140994,125250.349628473,230050.821843778,365892.660288179,525716.081521747,657391.098990815,452463.151075675,350254.035737843,294073.898276201,164467.561526543,124259.3145134,133560.349318038,109237.673372456,132820.146888179,390396.492500122,620003.390987944,515948.057626069,395380.718906165,407493.628292707,377960.685472426,392398.490586128,207395.452975535,TRUE,FALSE,FALSE,FALSE,FALSE,FALSE,FALSE,FALSE,FALSE,FALSE,FALSE,FALSE,FALSE,FALSE,FALSE,FALSE,FALSE,FALSE,FALSE,FALSE,FALSE,FALSE,FALSE,FALSE,FALSE,FALSE,FALSE,FALSE,FALSE,FALSE,FALSE,FALSE,FALSE,FALSE,FALSE,FALSE,FALSE,FALSE,FALSE,FALSE,FALSE,FALSE,FALSE,FALSE,FALSE,FALSE,FALSE,FALSE,FALSE,FALSE,FALSE,FALSE,FALSE,FALSE,FALSE,FALSE,FALSE,FALSE,FALSE,FALSE,FALSE,FALSE,FALSE,FALSE,FALSE,FALSE,FALSE,FALSE,FALSE,FALSE,FALSE,FALSE,FALSE,FALSE,FALSE,FALSE,FALSE,FALSE,FALSE,FALSE,FALSE,FALSE,FALSE,FALSE,FALSE,FALSE,FALSE,FALSE,FALSE,FALSE,FALSE,FALSE,FALSE,FALSE,FALSE,FALSE,FALSE,FALSE,FALSE,FALSE,FALSE,FALSE,FALSE,FALSE,FALSE,FALSE,FALSE,FALSE,FALSE,FALSE,FALSE,FALSE,FALSE,FALSE
"06 Before",2023-01-06 10:01:21.7,"2023-01-06","10H 1M 21.7S","Before","Aurora","V0333","Flow Core",1665,356,645,824,520,365,502,438,519,291,397,398,608,1082,743,1401,186,186,314,379,279,201,246,217,302,451,287,315,266,251,260,349,616,363,562,562,151,151,1071,478,484,468,456,286,551,463,720,495,308,416,713,636,189,297,367,284,218,289,506,208,-22.45,0,21.175,41.975,0.94,1.04,1,0.83,10.65,5.64,3.66,4.08,3.66,3.75,3.83,3.99,4,4.02,3.91,3.92,4.02,4.55,5.4,6.44,4.47,2.72,2.45,2.15,2.17,1.95,1.93,1.92,1.9,1.98,2.13,1.97,1.9,1.97,1.88,2.12,2.93,5.85,2.46,2.33,3.9,2.62,2.76,2.6,2.43,2.17,2.4,2.08,2.1,2.2,2.35,2.38,2.41,2.91,3.49,5.38,3.33,3.39,3.15,3.09,3.09,4.12,4.51,7.14,10572.6336876602,82567.2428508943,212885.584099578,264187.541889674,382689.275249495,621050.151345247,924626.748656584,514328.846992785,605657.545801595,659322.183968273,337084.128451401,167775.22334209,127249.792312091,188375.358621198,141572.989853545,126681.716954794,1947690.68164933,1973352.78092888,483269.5010761,1156931.50583322,1338594.69041054,1314495.1028783,1213010.12502593,911175.093416787,1037344.59081339,870061.66965254,956966.886993822,1536788.52768839,703721.245294239,359543.982266691,289328.418885207,333143.078584005,319658.146962614,177724.082555885,2019344.21266716,2040234.97840099,1984501.7186107,2005532.71364345,130718.946241564,123884.555343324,227914.255148778,357199.985414027,506195.249718654,631820.453168165,454543.915962769,346478.552588352,289157.312795617,162138.451279825,123774.47930029,133081.120435512,108837.810225174,131959.85496148,420907.600272137,649648.81160861,545257.818506135,409413.887755756,416108.327991698,382443.49550238,394718.955053871,208532.74011006,TRUE,FALSE,FALSE,FALSE,FALSE,FALSE,FALSE,FALSE,FALSE,FALSE,FALSE,FALSE,FALSE,FALSE,FALSE,TRUE,FALSE,FALSE,FALSE,FALSE,FALSE,FALSE,FALSE,FALSE,FALSE,FALSE,FALSE,FALSE,FALSE,FALSE,FALSE,FALSE,FALSE,FALSE,FALSE,FALSE,FALSE,FALSE,FALSE,FALSE,FALSE,FALSE,FALSE,FALSE,FALSE,FALSE,FALSE,FALSE,FALSE,FALSE,FALSE,FALSE,FALSE,FALSE,FALSE,FALSE,TRUE,FALSE,FALSE,FALSE,FALSE,FALSE,FALSE,FALSE,FALSE,FALSE,FALSE,FALSE,FALSE,FALSE,FALSE,FALSE,FALSE,FALSE,FALSE,FALSE,FALSE,FALSE,FALSE,FALSE,FALSE,FALSE,FALSE,FALSE,FALSE,FALSE,FALSE,FALSE,FALSE,FALSE,FALSE,FALSE,FALSE,FALSE,FALSE,FALSE,FALSE,FALSE,FALSE,FALSE,FALSE,FALSE,FALSE,FALSE,FALSE,FALSE,FALSE,FALSE,FALSE,FALSE,FALSE,FALSE,FALSE,FALSE
"06 Before",2023-01-06 10:01:21.7,"2023-01-06","10H 1M 21.7S","Before","Aurora","V0333","Flow Core",1665,356,645,824,520,365,502,438,519,291,397,398,608,1082,743,1401,186,186,314,379,279,201,246,217,302,451,287,315,266,251,260,349,616,363,562,562,151,151,1071,478,484,468,456,286,551,463,720,495,308,416,713,636,189,297,367,284,218,289,506,208,-22.45,0,21.175,41.975,0.94,1.04,1,0.83,10.65,5.64,3.66,4.08,3.66,3.75,3.83,3.99,4,4.02,3.91,3.92,4.02,4.55,5.4,6.44,4.47,2.72,2.45,2.15,2.17,1.95,1.93,1.92,1.9,1.98,2.13,1.97,1.9,1.97,1.88,2.12,2.93,5.85,2.46,2.33,3.9,2.62,2.76,2.6,2.43,2.17,2.4,2.08,2.1,2.2,2.35,2.38,2.41,2.91,3.49,5.38,3.33,3.39,3.15,3.09,3.09,4.12,4.51,7.14,10572.6336876602,82567.2428508943,212885.584099578,264187.541889674,382689.275249495,621050.151345247,924626.748656584,514328.846992785,605657.545801595,659322.183968273,337084.128451401,167775.22334209,127249.792312091,188375.358621198,141572.989853545,126681.716954794,1947690.68164933,1973352.78092888,483269.5010761,1156931.50583322,1338594.69041054,1314495.1028783,1213010.12502593,911175.093416787,1037344.59081339,870061.66965254,956966.886993822,1536788.52768839,703721.245294239,359543.982266691,289328.418885207,333143.078584005,319658.146962614,177724.082555885,2019344.21266716,2040234.97840099,1984501.7186107,2005532.71364345,130718.946241564,123884.555343324,227914.255148778,357199.985414027,506195.249718654,631820.453168165,454543.915962769,346478.552588352,289157.312795617,162138.451279825,123774.47930029,133081.120435512,108837.810225174,131959.85496148,420907.600272137,649648.81160861,545257.818506135,409413.887755756,416108.327991698,382443.49550238,394718.955053871,208532.74011006,TRUE,FALSE,FALSE,FALSE,FALSE,FALSE,FALSE,FALSE,FALSE,FALSE,FALSE,FALSE,FALSE,FALSE,FALSE,TRUE,FALSE,FALSE,FALSE,FALSE,FALSE,FALSE,FALSE,FALSE,FALSE,FALSE,FALSE,FALSE,FALSE,FALSE,FALSE,FALSE,FALSE,FALSE,FALSE,FALSE,FALSE,FALSE,FALSE,FALSE,FALSE,FALSE,FALSE,FALSE,FALSE,FALSE,FALSE,FALSE,FALSE,FALSE,FALSE,FALSE,FALSE,FALSE,FALSE,FALSE,TRUE,FALSE,FALSE,FALSE,FALSE,FALSE,FALSE,FALSE,FALSE,FALSE,FALSE,FALSE,FALSE,FALSE,FALSE,FALSE,FALSE,FALSE,FALSE,FALSE,FALSE,FALSE,FALSE,FALSE,FALSE,FALSE,FALSE,FALSE,FALSE,FALSE,FALSE,FALSE,FALSE,FALSE,FALSE,FALSE,FALSE,FALSE,FALSE,FALSE,FALSE,FALSE,FALSE,FALSE,FALSE,FALSE,FALSE,FALSE,FALSE,FALSE,FALSE,FALSE,FALSE,FALSE,FALSE,FALSE,FALSE,FALSE
